edge_id,case_id,source_id,target_id,relation,attributes
PMC5137649_01_e1,PMC5137649_01,PMC5137649_01_P1,PMC5137649_01_H1,HAS_HISTORY,
PMC5137649_01_e2,PMC5137649_01,PMC5137649_01_P1,PMC5137649_01_H2,HAS_HISTORY,
PMC5137649_01_e3,PMC5137649_01,PMC5137649_01_P1,PMC5137649_01_H3,HAS_HISTORY,
PMC5137649_01_e4,PMC5137649_01,PMC5137649_01_P1,PMC5137649_01_E1,UNDERWENT_EXAM,
PMC5137649_01_e5,PMC5137649_01,PMC5137649_01_P1,PMC5137649_01_E2,UNDERWENT_EXAM,
PMC5137649_01_e6,PMC5137649_01,PMC5137649_01_E2,PMC5137649_01_R1,HAS_RESULT,
PMC5137649_01_e7,PMC5137649_01,PMC5137649_01_R1,UNIT_CM,HAS_UNIT,
PMC5137649_01_e8,PMC5137649_01,PMC5137649_01_P1,PMC5137649_01_E3,UNDERWENT_EXAM,
PMC5137649_01_e9,PMC5137649_01,PMC5137649_01_E3,PMC5137649_01_R2,HAS_RESULT,
PMC5137649_01_e10,PMC5137649_01,PMC5137649_01_R2,UNIT_NG/ML,HAS_UNIT,
PMC5137649_01_e11,PMC5137649_01,PMC5137649_01_P1,PMC5137649_01_E4,UNDERWENT_EXAM,
PMC5137649_01_e12,PMC5137649_01,PMC5137649_01_P1,PMC5137649_01_E5,UNDERWENT_EXAM,
PMC5137649_01_e13,PMC5137649_01,PMC5137649_01_E5,PMC5137649_01_F1,REVEALS,
PMC5137649_01_e14,PMC5137649_01,PMC5137649_01_P1,PMC5137649_01_S1,PRESENTS_WITH,
PMC5137649_01_e15,PMC5137649_01,PMC5137649_01_P1,PMC5137649_01_S2,PRESENTS_WITH,
PMC9387390_01_e1,PMC9387390_01,PMC9387390_01_P1,PMC9387390_01_S1,PRESENTS_WITH,
PMC9387390_01_e2,PMC9387390_01,PMC9387390_01_P1,PMC9387390_01_S2,PRESENTS_WITH,
PMC9387390_01_e3,PMC9387390_01,PMC9387390_01_P1,PMC9387390_01_E1,UNDERWENT_EXAM,
PMC9387390_01_e4,PMC9387390_01,PMC9387390_01_E1,PMC9387390_01_S2,REVEALS,
PMC9387390_01_e5,PMC9387390_01,PMC9387390_01_P1,PMC9387390_01_E2,UNDERWENT_EXAM,
PMC9387390_01_e6,PMC9387390_01,PMC9387390_01_P1,PMC9387390_01_D1,DIAGNOSED_WITH,
PMC9387390_01_e7,PMC9387390_01,PMC9387390_01_P1,PMC9387390_01_E3,UNDERWENT_EXAM,
PMC9387390_01_e8,PMC9387390_01,PMC9387390_01_E3,PMC9387390_01_D1,CONFIRMS,
PMC9387390_01_e9,PMC9387390_01,PMC9387390_01_P1,PMC9387390_01_S3,PRESENTS_WITH,
PMC9387390_01_e10,PMC9387390_01,PMC9387390_01_P1,PMC9387390_01_S4,PRESENTS_WITH,
PMC9387390_01_e11,PMC9387390_01,PMC9387390_01_P1,PMC9387390_01_T1,UNDERWENT_TREATMENT,
PMC9387390_01_e12,PMC9387390_01,PMC9387390_01_D1,PMC9387390_01_T1,TREATED_BY,
PMC9387390_01_e13,PMC9387390_01,PMC9387390_01_P1,PMC9387390_01_S5,PRESENTS_WITH,
PMC9387390_01_e14,PMC9387390_01,PMC9387390_01_P1,PMC9387390_01_T2,UNDERWENT_TREATMENT,
PMC9387390_01_e15,PMC9387390_01,PMC9387390_01_D1,PMC9387390_01_T2,TREATED_BY,
PMC9387390_01_e16,PMC9387390_01,PMC9387390_01_P1,PMC9387390_01_E4,UNDERWENT_EXAM,
PMC9387390_01_e17,PMC9387390_01,PMC9387390_01_E4,PMC9387390_01_F1,EXCLUDES,
PMC9387390_01_e18,PMC9387390_01,PMC9387390_01_P1,PMC9387390_01_T3,UNDERWENT_TREATMENT,
PMC9387390_01_e19,PMC9387390_01,PMC9387390_01_D1,PMC9387390_01_T3,TREATED_BY,
PMC9387390_01_e20,PMC9387390_01,PMC9387390_01_P1,PMC9387390_01_E5,UNDERWENT_EXAM,
PMC9387390_01_e21,PMC9387390_01,PMC9387390_01_E5,PMC9387390_01_F2,REVEALS,
PMC9387390_01_e22,PMC9387390_01,PMC9387390_01_P1,PMC9387390_01_T4,UNDERWENT_TREATMENT,
PMC9387390_01_e23,PMC9387390_01,PMC9387390_01_D1,PMC9387390_01_T4,TREATED_BY,
PMC3437073_01_e1,PMC3437073_01,PMC3437073_01_P1,PMC3437073_01_D1,DIAGNOSED_WITH,
PMC3437073_01_e2,PMC3437073_01,PMC3437073_01_P1,PMC3437073_01_E1,UNDERWENT_EXAM,
PMC3437073_01_e3,PMC3437073_01,PMC3437073_01_E1,PMC3437073_01_F1,REVEALS,
PMC3437073_01_e4,PMC3437073_01,PMC3437073_01_P1,PMC3437073_01_S1,PRESENTS_WITH,
PMC3437073_01_e5,PMC3437073_01,PMC3437073_01_P1,PMC3437073_01_S2,PRESENTS_WITH,
PMC3437073_01_e6,PMC3437073_01,PMC3437073_01_P1,PMC3437073_01_S3,PRESENTS_WITH,
PMC3437073_01_e7,PMC3437073_01,PMC3437073_01_P1,PMC3437073_01_S4,PRESENTS_WITH,
PMC3437073_01_e8,PMC3437073_01,PMC3437073_01_P1,PMC3437073_01_E2,UNDERWENT_EXAM,
PMC3437073_01_e9,PMC3437073_01,PMC3437073_01_P1,PMC3437073_01_T1,UNDERWENT_TREATMENT,
PMC3437073_01_e10,PMC3437073_01,PMC3437073_01_D1,PMC3437073_01_T1,TREATED_BY,
PMC3437073_01_e11,PMC3437073_01,PMC3437073_01_P1,PMC3437073_01_T2,UNDERWENT_TREATMENT,
PMC3437073_01_e12,PMC3437073_01,PMC3437073_01_D1,PMC3437073_01_T2,TREATED_BY,
PMC3437073_01_e13,PMC3437073_01,PMC3437073_01_P1,PMC3437073_01_E3,UNDERWENT_EXAM,
PMC3437073_01_e14,PMC3437073_01,PMC3437073_01_E3,PMC3437073_01_R1,HAS_RESULT,
PMC3437073_01_e15,PMC3437073_01,PMC3437073_01_R1,UNIT_MG,HAS_UNIT,
PMC3437073_01_e16,PMC3437073_01,PMC3437073_01_P1,PMC3437073_01_E4,UNDERWENT_EXAM,
PMC3437073_01_e17,PMC3437073_01,PMC3437073_01_E4,PMC3437073_01_R2,HAS_RESULT,
PMC3437073_01_e18,PMC3437073_01,PMC3437073_01_R2,UNIT_MG,HAS_UNIT,
PMC7102447_01_e1,PMC7102447_01,PMC7102447_01_P1,PMC7102447_01_D1,DIAGNOSED_WITH,
PMC7102447_01_e2,PMC7102447_01,PMC7102447_01_P1,PMC7102447_01_D2,DIAGNOSED_WITH,
PMC7102447_01_e3,PMC7102447_01,PMC7102447_01_P1,PMC7102447_01_H1,HAS_HISTORY,
PMC7102447_01_e4,PMC7102447_01,PMC7102447_01_P1,PMC7102447_01_S1,PRESENTS_WITH,
PMC7102447_01_e5,PMC7102447_01,PMC7102447_01_P1,PMC7102447_01_E1,UNDERWENT_EXAM,
PMC7102447_01_e6,PMC7102447_01,PMC7102447_01_E1,PMC7102447_01_S1,REVEALS,
PMC7102447_01_e7,PMC7102447_01,PMC7102447_01_P1,PMC7102447_01_E2,UNDERWENT_EXAM,
PMC7102447_01_e8,PMC7102447_01,PMC7102447_01_E2,PMC7102447_01_R1,HAS_RESULT,
PMC7102447_01_e9,PMC7102447_01,PMC7102447_01_R1,UNIT_NG/ML,HAS_UNIT,
PMC7102447_01_e10,PMC7102447_01,PMC7102447_01_P1,PMC7102447_01_T1,UNDERWENT_TREATMENT,
PMC7102447_01_e11,PMC7102447_01,PMC7102447_01_D2,PMC7102447_01_T1,TREATED_BY,
PMC7102447_01_e12,PMC7102447_01,PMC7102447_01_P1,PMC7102447_01_T2,UNDERWENT_TREATMENT,
PMC7102447_01_e13,PMC7102447_01,PMC7102447_01_D2,PMC7102447_01_T2,TREATED_BY,
PMC7102447_01_e14,PMC7102447_01,PMC7102447_01_P1,PMC7102447_01_D3,DIAGNOSED_WITH,
PMC7102447_01_e15,PMC7102447_01,PMC7102447_01_P1,PMC7102447_01_S2,PRESENTS_WITH,
PMC7102447_01_e16,PMC7102447_01,PMC7102447_01_P1,PMC7102447_01_S3,PRESENTS_WITH,
PMC7102447_01_e17,PMC7102447_01,PMC7102447_01_S2,PMC7102447_01_D3,SUPPORTS,
PMC7102447_01_e18,PMC7102447_01,PMC7102447_01_S3,PMC7102447_01_D3,SUPPORTS,
PMC7102447_01_e19,PMC7102447_01,PMC7102447_01_P1,PMC7102447_01_E3,UNDERWENT_EXAM,
PMC7102447_01_e20,PMC7102447_01,PMC7102447_01_E3,PMC7102447_01_F1,REVEALS,
PMC7102447_01_e21,PMC7102447_01,PMC7102447_01_P1,PMC7102447_01_E4,UNDERWENT_EXAM,
PMC7102447_01_e22,PMC7102447_01,PMC7102447_01_E4,PMC7102447_01_F2,REVEALS,
PMC7102447_01_e23,PMC7102447_01,PMC7102447_01_P1,PMC7102447_01_D4,DIAGNOSED_WITH,
PMC7102447_01_e24,PMC7102447_01,PMC7102447_01_P1,PMC7102447_01_T3,UNDERWENT_TREATMENT,
PMC7102447_01_e25,PMC7102447_01,PMC7102447_01_D4,PMC7102447_01_T3,TREATED_BY,
PMC6354154_01_e1,PMC6354154_01,PMC6354154_01_P1,PMC6354154_01_H1,HAS_HISTORY,
PMC6354154_01_e2,PMC6354154_01,PMC6354154_01_P1,PMC6354154_01_H2,HAS_HISTORY,
PMC6354154_01_e3,PMC6354154_01,PMC6354154_01_P1,PMC6354154_01_E1,UNDERWENT_EXAM,
PMC6354154_01_e4,PMC6354154_01,PMC6354154_01_P1,PMC6354154_01_T1,UNDERWENT_TREATMENT,
PMC6354154_01_e5,PMC6354154_01,PMC6354154_01_P1,PMC6354154_01_T2,UNDERWENT_TREATMENT,
PMC6354154_01_e6,PMC6354154_01,PMC6354154_01_P1,PMC6354154_01_E2,UNDERWENT_EXAM,
PMC6354154_01_e7,PMC6354154_01,PMC6354154_01_P1,PMC6354154_01_E3,UNDERWENT_EXAM,
PMC6354154_01_e8,PMC6354154_01,PMC6354154_01_P1,PMC6354154_01_E4,UNDERWENT_EXAM,
PMC6354154_01_e9,PMC6354154_01,PMC6354154_01_P1,PMC6354154_01_E5,UNDERWENT_EXAM,
PMC6354154_01_e10,PMC6354154_01,PMC6354154_01_P1,PMC6354154_01_D1,DIAGNOSED_WITH,
PMC6354154_01_e11,PMC6354154_01,PMC6354154_01_P1,PMC6354154_01_S1,PRESENTS_WITH,
PMC6354154_01_e12,PMC6354154_01,PMC6354154_01_P1,PMC6354154_01_T3,UNDERWENT_TREATMENT,
PMC6354154_01_e13,PMC6354154_01,PMC6354154_01_D1,PMC6354154_01_T3,TREATED_BY,
PMC6354154_01_e14,PMC6354154_01,PMC6354154_01_P1,PMC6354154_01_S2,PRESENTS_WITH,
PMC6354154_01_e15,PMC6354154_01,PMC6354154_01_P1,PMC6354154_01_T4,UNDERWENT_TREATMENT,
PMC6354154_01_e16,PMC6354154_01,PMC6354154_01_D1,PMC6354154_01_T4,TREATED_BY,
PMC4782471_01_e1,PMC4782471_01,PMC4782471_01_P1,PMC4782471_01_D1,DIAGNOSED_WITH,
PMC4782471_01_e2,PMC4782471_01,PMC4782471_01_P1,PMC4782471_01_S1,PRESENTS_WITH,
PMC4782471_01_e3,PMC4782471_01,PMC4782471_01_P1,PMC4782471_01_S2,PRESENTS_WITH,
PMC4782471_01_e4,PMC4782471_01,PMC4782471_01_P1,PMC4782471_01_E1,UNDERWENT_EXAM,
PMC4782471_01_e5,PMC4782471_01,PMC4782471_01_P1,PMC4782471_01_E2,UNDERWENT_EXAM,
PMC4782471_01_e6,PMC4782471_01,PMC4782471_01_P1,PMC4782471_01_E3,UNDERWENT_EXAM,
PMC4782471_01_e7,PMC4782471_01,PMC4782471_01_E3,PMC4782471_01_R1,HAS_RESULT,
PMC4782471_01_e8,PMC4782471_01,PMC4782471_01_R1,UNIT_MM,HAS_UNIT,
PMC4782471_01_e9,PMC4782471_01,PMC4782471_01_P1,PMC4782471_01_S3,PRESENTS_WITH,
PMC4782471_01_e10,PMC4782471_01,PMC4782471_01_P1,PMC4782471_01_T1,UNDERWENT_TREATMENT,
PMC4782471_01_e11,PMC4782471_01,PMC4782471_01_D1,PMC4782471_01_T1,TREATED_BY,
PMC4782471_01_e12,PMC4782471_01,PMC4782471_01_P1,PMC4782471_01_E4,UNDERWENT_EXAM,
PMC4782471_01_e13,PMC4782471_01,PMC4782471_01_E4,PMC4782471_01_R2,HAS_RESULT,
PMC4782471_01_e14,PMC4782471_01,PMC4782471_01_R2,UNIT_MM,HAS_UNIT,
PMC4782471_01_e15,PMC4782471_01,PMC4782471_01_P1,PMC4782471_01_E5,UNDERWENT_EXAM,
PMC4782471_01_e16,PMC4782471_01,PMC4782471_01_E5,PMC4782471_01_R3,HAS_RESULT,
PMC4782471_01_e17,PMC4782471_01,PMC4782471_01_R3,UNIT_MG/DL,HAS_UNIT,
PMC4782471_01_e18,PMC4782471_01,PMC4782471_01_P1,PMC4782471_01_E6,UNDERWENT_EXAM,
PMC4782471_01_e19,PMC4782471_01,PMC4782471_01_P1,PMC4782471_01_E7,UNDERWENT_EXAM,
PMC4782471_01_e20,PMC4782471_01,PMC4782471_01_P1,PMC4782471_01_E8,UNDERWENT_EXAM,
PMC4782471_01_e21,PMC4782471_01,PMC4782471_01_E8,PMC4782471_01_F1,REVEALS,
PMC4782471_01_e22,PMC4782471_01,PMC4782471_01_P1,PMC4782471_01_D2,DIAGNOSED_WITH,
PMC4782471_01_e23,PMC4782471_01,PMC4782471_01_P1,PMC4782471_01_T2,UNDERWENT_TREATMENT,
PMC4782471_01_e24,PMC4782471_01,PMC4782471_01_D2,PMC4782471_01_T2,TREATED_BY,
PMC4782471_01_e25,PMC4782471_01,PMC4782471_01_P1,PMC4782471_01_T3,UNDERWENT_TREATMENT,
PMC4782471_01_e26,PMC4782471_01,PMC4782471_01_D2,PMC4782471_01_T3,TREATED_BY,
PMC4782471_01_e27,PMC4782471_01,PMC4782471_01_P1,PMC4782471_01_T4,UNDERWENT_TREATMENT,
PMC4782471_01_e28,PMC4782471_01,PMC4782471_01_D2,PMC4782471_01_T4,TREATED_BY,
PMC4782471_01_e29,PMC4782471_01,PMC4782471_01_P1,PMC4782471_01_T5,UNDERWENT_TREATMENT,
PMC4782471_01_e30,PMC4782471_01,PMC4782471_01_D2,PMC4782471_01_T5,TREATED_BY,
PMC4782471_01_e31,PMC4782471_01,PMC4782471_01_P1,PMC4782471_01_S4,PRESENTS_WITH,
PMC4782471_01_e32,PMC4782471_01,PMC4782471_01_P1,PMC4782471_01_T6,UNDERWENT_TREATMENT,
PMC4782471_01_e33,PMC4782471_01,PMC4782471_01_D2,PMC4782471_01_T6,TREATED_BY,
PMC4782471_01_e34,PMC4782471_01,PMC4782471_01_P1,PMC4782471_01_T7,UNDERWENT_TREATMENT,
PMC4782471_01_e35,PMC4782471_01,PMC4782471_01_D2,PMC4782471_01_T7,TREATED_BY,
PMC4782471_01_e36,PMC4782471_01,PMC4782471_01_P1,PMC4782471_01_S5,PRESENTS_WITH,
PMC4782471_01_e37,PMC4782471_01,PMC4782471_01_P1,PMC4782471_01_D3,DIAGNOSED_WITH,
PMC4782471_01_e38,PMC4782471_01,PMC4782471_01_P1,PMC4782471_01_S6,PRESENTS_WITH,
PMC4782471_01_e39,PMC4782471_01,PMC4782471_01_S5,PMC4782471_01_D3,SUPPORTS,
PMC4782471_01_e40,PMC4782471_01,PMC4782471_01_S6,PMC4782471_01_D3,SUPPORTS,
PMC4782471_01_e41,PMC4782471_01,PMC4782471_01_P1,PMC4782471_01_T8,UNDERWENT_TREATMENT,
PMC4782471_01_e42,PMC4782471_01,PMC4782471_01_D3,PMC4782471_01_T8,TREATED_BY,
PMC4782471_01_e43,PMC4782471_01,PMC4782471_01_P1,PMC4782471_01_T9,UNDERWENT_TREATMENT,
PMC4782471_01_e44,PMC4782471_01,PMC4782471_01_D3,PMC4782471_01_T9,TREATED_BY,
PMC4782471_01_e45,PMC4782471_01,PMC4782471_01_P1,PMC4782471_01_T10,UNDERWENT_TREATMENT,
PMC4782471_01_e46,PMC4782471_01,PMC4782471_01_D3,PMC4782471_01_T10,TREATED_BY,
PMC4835621_01_e1,PMC4835621_01,PMC4835621_01_P1,PMC4835621_01_H1,HAS_HISTORY,
PMC4835621_01_e2,PMC4835621_01,PMC4835621_01_P1,PMC4835621_01_S1,PRESENTS_WITH,
PMC4835621_01_e3,PMC4835621_01,PMC4835621_01_P1,PMC4835621_01_S2,PRESENTS_WITH,
PMC4835621_01_e4,PMC4835621_01,PMC4835621_01_P1,PMC4835621_01_S3,PRESENTS_WITH,
PMC4835621_01_e5,PMC4835621_01,PMC4835621_01_P1,PMC4835621_01_S4,PRESENTS_WITH,
PMC4835621_01_e6,PMC4835621_01,PMC4835621_01_P1,PMC4835621_01_S5,PRESENTS_WITH,
PMC4835621_01_e7,PMC4835621_01,PMC4835621_01_P1,PMC4835621_01_S6,PRESENTS_WITH,
PMC4835621_01_e8,PMC4835621_01,PMC4835621_01_P1,PMC4835621_01_S7,PRESENTS_WITH,
PMC4835621_01_e9,PMC4835621_01,PMC4835621_01_P1,PMC4835621_01_S8,PRESENTS_WITH,
PMC4835621_01_e10,PMC4835621_01,PMC4835621_01_P1,PMC4835621_01_D1,DIAGNOSED_WITH,
PMC4835621_01_e11,PMC4835621_01,PMC4835621_01_P1,PMC4835621_01_D2,DIAGNOSED_WITH,
PMC4835621_01_e12,PMC4835621_01,PMC4835621_01_P1,PMC4835621_01_T1,UNDERWENT_TREATMENT,
PMC4835621_01_e13,PMC4835621_01,PMC4835621_01_D2,PMC4835621_01_T1,TREATED_BY,
PMC4835621_01_e14,PMC4835621_01,PMC4835621_01_P1,PMC4835621_01_T2,UNDERWENT_TREATMENT,
PMC4835621_01_e15,PMC4835621_01,PMC4835621_01_D2,PMC4835621_01_T2,TREATED_BY,
PMC4835621_01_e16,PMC4835621_01,PMC4835621_01_P1,PMC4835621_01_T3,UNDERWENT_TREATMENT,
PMC4835621_01_e17,PMC4835621_01,PMC4835621_01_D2,PMC4835621_01_T3,TREATED_BY,
PMC4835621_01_e18,PMC4835621_01,PMC4835621_01_P1,PMC4835621_01_E1,UNDERWENT_EXAM,
PMC4835621_01_e19,PMC4835621_01,PMC4835621_01_P1,PMC4835621_01_E2,UNDERWENT_EXAM,
PMC4835621_01_e20,PMC4835621_01,PMC4835621_01_P1,PMC4835621_01_S9,PRESENTS_WITH,
PMC4835621_01_e21,PMC4835621_01,PMC4835621_01_P1,PMC4835621_01_S10,PRESENTS_WITH,
PMC4835621_01_e22,PMC4835621_01,PMC4835621_01_P1,PMC4835621_01_S11,PRESENTS_WITH,
PMC4835621_01_e23,PMC4835621_01,PMC4835621_01_P1,PMC4835621_01_S12,PRESENTS_WITH,
PMC4835621_01_e24,PMC4835621_01,PMC4835621_01_P1,PMC4835621_01_S13,PRESENTS_WITH,
PMC4835621_01_e25,PMC4835621_01,PMC4835621_01_P1,PMC4835621_01_E3,UNDERWENT_EXAM,
PMC4835621_01_e26,PMC4835621_01,PMC4835621_01_E3,PMC4835621_01_F1,REVEALS,
PMC4835621_01_e27,PMC4835621_01,PMC4835621_01_P1,PMC4835621_01_E4,UNDERWENT_EXAM,
PMC4835621_01_e28,PMC4835621_01,PMC4835621_01_E4,PMC4835621_01_F2,REVEALS,
PMC4835621_01_e29,PMC4835621_01,PMC4835621_01_P1,PMC4835621_01_E5,UNDERWENT_EXAM,
PMC4835621_01_e30,PMC4835621_01,PMC4835621_01_P1,PMC4835621_01_E6,UNDERWENT_EXAM,
PMC4835621_01_e31,PMC4835621_01,PMC4835621_01_P1,PMC4835621_01_T4,UNDERWENT_TREATMENT,
PMC4835621_01_e32,PMC4835621_01,PMC4835621_01_D2,PMC4835621_01_T4,TREATED_BY,
PMC4835621_01_e33,PMC4835621_01,PMC4835621_01_P1,PMC4835621_01_T5,UNDERWENT_TREATMENT,
PMC4835621_01_e34,PMC4835621_01,PMC4835621_01_D2,PMC4835621_01_T5,TREATED_BY,
PMC4835621_01_e35,PMC4835621_01,PMC4835621_01_P1,PMC4835621_01_E7,UNDERWENT_EXAM,
PMC4835621_01_e36,PMC4835621_01,PMC4835621_01_E7,PMC4835621_01_F3,REVEALS,
PMC4835621_01_e37,PMC4835621_01,PMC4835621_01_P1,PMC4835621_01_T6,UNDERWENT_TREATMENT,
PMC4835621_01_e38,PMC4835621_01,PMC4835621_01_D2,PMC4835621_01_T6,TREATED_BY,
PMC4835621_01_e39,PMC4835621_01,PMC4835621_01_P1,PMC4835621_01_T7,UNDERWENT_TREATMENT,
PMC4835621_01_e40,PMC4835621_01,PMC4835621_01_D2,PMC4835621_01_T7,TREATED_BY,
PMC4835621_01_e41,PMC4835621_01,PMC4835621_01_P1,PMC4835621_01_E8,UNDERWENT_EXAM,
PMC4835621_01_e42,PMC4835621_01,PMC4835621_01_P1,PMC4835621_01_T8,UNDERWENT_TREATMENT,
PMC4835621_01_e43,PMC4835621_01,PMC4835621_01_D2,PMC4835621_01_T8,TREATED_BY,
PMC4835621_01_e44,PMC4835621_01,PMC4835621_01_P1,PMC4835621_01_E9,UNDERWENT_EXAM,
PMC4835621_01_e45,PMC4835621_01,PMC4835621_01_E9,PMC4835621_01_F4,REVEALS,
PMC4835621_01_e46,PMC4835621_01,PMC4835621_01_P1,PMC4835621_01_S14,PRESENTS_WITH,
PMC4835621_01_e47,PMC4835621_01,PMC4835621_01_P1,PMC4835621_01_T9,UNDERWENT_TREATMENT,
PMC4835621_01_e48,PMC4835621_01,PMC4835621_01_D2,PMC4835621_01_T9,TREATED_BY,
PMC4835621_01_e49,PMC4835621_01,PMC4835621_01_P1,PMC4835621_01_E10,UNDERWENT_EXAM,
PMC4835621_01_e50,PMC4835621_01,PMC4835621_01_E10,PMC4835621_01_F5,REVEALS,
PMC4835621_01_e51,PMC4835621_01,PMC4835621_01_P1,PMC4835621_01_T10,UNDERWENT_TREATMENT,
PMC4835621_01_e52,PMC4835621_01,PMC4835621_01_D2,PMC4835621_01_T10,TREATED_BY,
PMC4835621_01_e53,PMC4835621_01,PMC4835621_01_P1,PMC4835621_01_T11,UNDERWENT_TREATMENT,
PMC4835621_01_e54,PMC4835621_01,PMC4835621_01_D2,PMC4835621_01_T11,TREATED_BY,
PMC4835621_01_e55,PMC4835621_01,PMC4835621_01_P1,PMC4835621_01_D3,DIAGNOSED_WITH,
PMC4835621_01_e56,PMC4835621_01,PMC4835621_01_P1,PMC4835621_01_T12,UNDERWENT_TREATMENT,
PMC4835621_01_e57,PMC4835621_01,PMC4835621_01_D3,PMC4835621_01_T12,TREATED_BY,
PMC4835621_01_e58,PMC4835621_01,PMC4835621_01_P1,PMC4835621_01_D4,DIAGNOSED_WITH,
PMC4835621_01_e59,PMC4835621_01,PMC4835621_01_P1,PMC4835621_01_S15,PRESENTS_WITH,
PMC4835621_01_e60,PMC4835621_01,PMC4835621_01_S15,PMC4835621_01_D4,SUPPORTS,
PMC4835621_01_e61,PMC4835621_01,PMC4835621_01_E9,PMC4835621_01_S15,CONFIRMS,
PMC4835621_01_e62,PMC4835621_01,PMC4835621_01_P1,PMC4835621_01_E11,UNDERWENT_EXAM,
PMC4835621_01_e63,PMC4835621_01,PMC4835621_01_E11,PMC4835621_01_F6,REVEALS,
PMC4835621_01_e64,PMC4835621_01,PMC4835621_01_P1,PMC4835621_01_T13,UNDERWENT_TREATMENT,
PMC4835621_01_e65,PMC4835621_01,PMC4835621_01_D4,PMC4835621_01_T13,TREATED_BY,
PMC4835621_01_e66,PMC4835621_01,PMC4835621_01_P1,PMC4835621_01_T14,UNDERWENT_TREATMENT,
PMC4835621_01_e67,PMC4835621_01,PMC4835621_01_D4,PMC4835621_01_T14,TREATED_BY,
PMC4835621_01_e68,PMC4835621_01,PMC4835621_01_P1,PMC4835621_01_T15,UNDERWENT_TREATMENT,
PMC4835621_01_e69,PMC4835621_01,PMC4835621_01_D4,PMC4835621_01_T15,TREATED_BY,
PMC4835621_01_e70,PMC4835621_01,PMC4835621_01_P1,PMC4835621_01_T16,UNDERWENT_TREATMENT,
PMC4835621_01_e71,PMC4835621_01,PMC4835621_01_D4,PMC4835621_01_T16,TREATED_BY,
PMC8627357_01_e1,PMC8627357_01,PMC8627357_01_P1,PMC8627357_01_H1,HAS_HISTORY,
PMC8627357_01_e2,PMC8627357_01,PMC8627357_01_P1,PMC8627357_01_H2,HAS_HISTORY,
PMC8627357_01_e3,PMC8627357_01,PMC8627357_01_P1,PMC8627357_01_S1,PRESENTS_WITH,
PMC8627357_01_e4,PMC8627357_01,PMC8627357_01_P1,PMC8627357_01_S2,PRESENTS_WITH,
PMC8627357_01_e5,PMC8627357_01,PMC8627357_01_P1,PMC8627357_01_E1,UNDERWENT_EXAM,
PMC8627357_01_e6,PMC8627357_01,PMC8627357_01_E1,PMC8627357_01_S1,REVEALS,
PMC8627357_01_e7,PMC8627357_01,PMC8627357_01_P1,PMC8627357_01_S3,PRESENTS_WITH,
PMC8627357_01_e8,PMC8627357_01,PMC8627357_01_P1,PMC8627357_01_S4,PRESENTS_WITH,
PMC8627357_01_e9,PMC8627357_01,PMC8627357_01_P1,PMC8627357_01_T1,UNDERWENT_TREATMENT,
PMC8627357_01_e10,PMC8627357_01,PMC8627357_01_P1,PMC8627357_01_T2,UNDERWENT_TREATMENT,
PMC8627357_01_e11,PMC8627357_01,PMC8627357_01_P1,PMC8627357_01_T3,UNDERWENT_TREATMENT,
PMC8627357_01_e12,PMC8627357_01,PMC8627357_01_P1,PMC8627357_01_T4,UNDERWENT_TREATMENT,
PMC8627357_01_e13,PMC8627357_01,PMC8627357_01_P1,PMC8627357_01_T5,UNDERWENT_TREATMENT,
PMC8627357_01_e14,PMC8627357_01,PMC8627357_01_P1,PMC8627357_01_T6,UNDERWENT_TREATMENT,
PMC8627357_01_e15,PMC8627357_01,PMC8627357_01_P1,PMC8627357_01_S5,PRESENTS_WITH,
PMC8627357_01_e16,PMC8627357_01,PMC8627357_01_P1,PMC8627357_01_E2,UNDERWENT_EXAM,
PMC8627357_01_e17,PMC8627357_01,PMC8627357_01_P1,PMC8627357_01_D1,DIAGNOSED_WITH,
PMC8627357_01_e18,PMC8627357_01,PMC8627357_01_P1,PMC8627357_01_T7,UNDERWENT_TREATMENT,
PMC8627357_01_e19,PMC8627357_01,PMC8627357_01_D1,PMC8627357_01_T7,TREATED_BY,
PMC8627357_01_e20,PMC8627357_01,PMC8627357_01_P1,PMC8627357_01_T8,UNDERWENT_TREATMENT,
PMC8627357_01_e21,PMC8627357_01,PMC8627357_01_D1,PMC8627357_01_T8,TREATED_BY,
PMC8627357_01_e22,PMC8627357_01,PMC8627357_01_P1,PMC8627357_01_T9,UNDERWENT_TREATMENT,
PMC8627357_01_e23,PMC8627357_01,PMC8627357_01_D1,PMC8627357_01_T9,TREATED_BY,
PMC8627357_01_e24,PMC8627357_01,PMC8627357_01_P1,PMC8627357_01_T10,UNDERWENT_TREATMENT,
PMC8627357_01_e25,PMC8627357_01,PMC8627357_01_D1,PMC8627357_01_T10,TREATED_BY,
PMC8627357_01_e26,PMC8627357_01,PMC8627357_01_P1,PMC8627357_01_T11,UNDERWENT_TREATMENT,
PMC8627357_01_e27,PMC8627357_01,PMC8627357_01_D1,PMC8627357_01_T11,TREATED_BY,
PMC8627357_01_e28,PMC8627357_01,PMC8627357_01_P1,PMC8627357_01_T12,UNDERWENT_TREATMENT,
PMC8627357_01_e29,PMC8627357_01,PMC8627357_01_D1,PMC8627357_01_T12,TREATED_BY,
PMC8627357_01_e30,PMC8627357_01,PMC8627357_01_P1,PMC8627357_01_D2,DIAGNOSED_WITH,
PMC8627357_01_e31,PMC8627357_01,PMC8627357_01_P1,PMC8627357_01_D3,DIAGNOSED_WITH,
PMC8627357_01_e32,PMC8627357_01,PMC8627357_01_P1,PMC8627357_01_S6,PRESENTS_WITH,
PMC8627357_01_e33,PMC8627357_01,PMC8627357_01_P1,PMC8627357_01_T13,UNDERWENT_TREATMENT,
PMC8627357_01_e34,PMC8627357_01,PMC8627357_01_D3,PMC8627357_01_T13,TREATED_BY,
PMC8627357_01_e35,PMC8627357_01,PMC8627357_01_P1,PMC8627357_01_T14,UNDERWENT_TREATMENT,
PMC8627357_01_e36,PMC8627357_01,PMC8627357_01_D3,PMC8627357_01_T14,TREATED_BY,
PMC8627357_01_e37,PMC8627357_01,PMC8627357_01_P1,PMC8627357_01_T15,UNDERWENT_TREATMENT,
PMC8627357_01_e38,PMC8627357_01,PMC8627357_01_D3,PMC8627357_01_T15,TREATED_BY,
PMC8627357_01_e39,PMC8627357_01,PMC8627357_01_P1,PMC8627357_01_T16,UNDERWENT_TREATMENT,
PMC8627357_01_e40,PMC8627357_01,PMC8627357_01_D3,PMC8627357_01_T16,TREATED_BY,
PMC8627357_01_e41,PMC8627357_01,PMC8627357_01_P1,PMC8627357_01_T17,UNDERWENT_TREATMENT,
PMC8627357_01_e42,PMC8627357_01,PMC8627357_01_D3,PMC8627357_01_T17,TREATED_BY,
PMC5833205_01_e1,PMC5833205_01,PMC5833205_01_P1,PMC5833205_01_S1,PRESENTS_WITH,
PMC5833205_01_e2,PMC5833205_01,PMC5833205_01_P1,PMC5833205_01_E1,UNDERWENT_EXAM,
PMC5833205_01_e3,PMC5833205_01,PMC5833205_01_E1,PMC5833205_01_F1,EXCLUDES,
PMC5833205_01_e4,PMC5833205_01,PMC5833205_01_P1,PMC5833205_01_D1,DIAGNOSED_WITH,
PMC5833205_01_e5,PMC5833205_01,PMC5833205_01_P1,PMC5833205_01_T1,UNDERWENT_TREATMENT,
PMC5833205_01_e6,PMC5833205_01,PMC5833205_01_D1,PMC5833205_01_T1,TREATED_BY,
PMC5833205_01_e7,PMC5833205_01,PMC5833205_01_P1,PMC5833205_01_D2,DIAGNOSED_WITH,
PMC5833205_01_e8,PMC5833205_01,PMC5833205_01_P1,PMC5833205_01_E2,UNDERWENT_EXAM,
PMC5833205_01_e9,PMC5833205_01,PMC5833205_01_E2,PMC5833205_01_F2,CONFIRMS,
PMC5833205_01_e10,PMC5833205_01,PMC5833205_01_P1,PMC5833205_01_E3,UNDERWENT_EXAM,
PMC5833205_01_e11,PMC5833205_01,PMC5833205_01_E3,PMC5833205_01_F3,CONFIRMS,
PMC5833205_01_e12,PMC5833205_01,PMC5833205_01_P1,PMC5833205_01_E4,UNDERWENT_EXAM,
PMC5833205_01_e13,PMC5833205_01,PMC5833205_01_E4,PMC5833205_01_F4,REVEALS,
PMC5833205_01_e14,PMC5833205_01,PMC5833205_01_P1,PMC5833205_01_E5,UNDERWENT_EXAM,
PMC5833205_01_e15,PMC5833205_01,PMC5833205_01_E5,PMC5833205_01_F5,REVEALS,
PMC5833205_01_e16,PMC5833205_01,PMC5833205_01_P1,PMC5833205_01_S2,PRESENTS_WITH,
PMC5833205_01_e17,PMC5833205_01,PMC5833205_01_P1,PMC5833205_01_S3,PRESENTS_WITH,
PMC3917415_01_e1,PMC3917415_01,PMC3917415_01_P1,PMC3917415_01_H1,HAS_HISTORY,
PMC3917415_01_e2,PMC3917415_01,PMC3917415_01_P1,PMC3917415_01_E1,UNDERWENT_EXAM,
PMC3917415_01_e3,PMC3917415_01,PMC3917415_01_E1,PMC3917415_01_R1,HAS_RESULT,
PMC3917415_01_e4,PMC3917415_01,PMC3917415_01_R1,UNIT_MG,HAS_UNIT,
PMC3917415_01_e5,PMC3917415_01,PMC3917415_01_P1,PMC3917415_01_E2,UNDERWENT_EXAM,
PMC3917415_01_e6,PMC3917415_01,PMC3917415_01_E2,PMC3917415_01_R2,HAS_RESULT,
PMC3917415_01_e7,PMC3917415_01,PMC3917415_01_R2,UNIT_MG,HAS_UNIT,
PMC3917415_01_e8,PMC3917415_01,PMC3917415_01_P1,PMC3917415_01_S1,PRESENTS_WITH,
PMC3917415_01_e9,PMC3917415_01,PMC3917415_01_P1,PMC3917415_01_E3,UNDERWENT_EXAM,
PMC3917415_01_e10,PMC3917415_01,PMC3917415_01_E3,PMC3917415_01_R3,HAS_RESULT,
PMC3917415_01_e11,PMC3917415_01,PMC3917415_01_R3,UNIT_ML,HAS_UNIT,
PMC3917415_01_e12,PMC3917415_01,PMC3917415_01_P1,PMC3917415_01_E4,UNDERWENT_EXAM,
PMC3917415_01_e13,PMC3917415_01,PMC3917415_01_E4,PMC3917415_01_R4,HAS_RESULT,
PMC3917415_01_e14,PMC3917415_01,PMC3917415_01_R4,UNIT_MG/DL,HAS_UNIT,
PMC3917415_01_e15,PMC3917415_01,PMC3917415_01_P1,PMC3917415_01_T1,UNDERWENT_TREATMENT,
PMC3917415_01_e16,PMC3917415_01,PMC3917415_01_P1,PMC3917415_01_E5,UNDERWENT_EXAM,
PMC3917415_01_e17,PMC3917415_01,PMC3917415_01_E5,PMC3917415_01_F1,REVEALS,
PMC3917415_01_e18,PMC3917415_01,PMC3917415_01_P1,PMC3917415_01_T2,UNDERWENT_TREATMENT,
PMC3917415_01_e19,PMC3917415_01,PMC3917415_01_P1,PMC3917415_01_D1,DIAGNOSED_WITH,
PMC3917415_01_e20,PMC3917415_01,PMC3917415_01_P1,PMC3917415_01_E6,UNDERWENT_EXAM,
PMC3917415_01_e21,PMC3917415_01,PMC3917415_01_E6,PMC3917415_01_D1,CONFIRMS,
PMC3917415_01_e22,PMC3917415_01,PMC3917415_01_P1,PMC3917415_01_T3,UNDERWENT_TREATMENT,
PMC3917415_01_e23,PMC3917415_01,PMC3917415_01_D1,PMC3917415_01_T3,TREATED_BY,
PMC3917415_01_e24,PMC3917415_01,PMC3917415_01_P1,PMC3917415_01_D2,DIAGNOSED_WITH,
PMC3917415_01_e25,PMC3917415_01,PMC3917415_01_P1,PMC3917415_01_D3,DIAGNOSED_WITH,
PMC7718649_01_e1,PMC7718649_01,PMC7718649_01_P1,PMC7718649_01_E1,UNDERWENT_EXAM,
PMC7718649_01_e2,PMC7718649_01,PMC7718649_01_E1,PMC7718649_01_R1,HAS_RESULT,
PMC7718649_01_e3,PMC7718649_01,PMC7718649_01_R1,UNIT_MG,HAS_UNIT,
PMC7718649_01_e4,PMC7718649_01,PMC7718649_01_P1,PMC7718649_01_E2,UNDERWENT_EXAM,
PMC7718649_01_e5,PMC7718649_01,PMC7718649_01_E2,PMC7718649_01_R2,HAS_RESULT,
PMC7718649_01_e6,PMC7718649_01,PMC7718649_01_R2,UNIT_G,HAS_UNIT,
PMC7718649_01_e7,PMC7718649_01,PMC7718649_01_P1,PMC7718649_01_D1,DIAGNOSED_WITH,
PMC7718649_01_e8,PMC7718649_01,PMC7718649_01_P1,PMC7718649_01_S1,PRESENTS_WITH,
PMC7718649_01_e9,PMC7718649_01,PMC7718649_01_P1,PMC7718649_01_S2,PRESENTS_WITH,
PMC7718649_01_e10,PMC7718649_01,PMC7718649_01_P1,PMC7718649_01_S3,PRESENTS_WITH,
PMC7718649_01_e11,PMC7718649_01,PMC7718649_01_P1,PMC7718649_01_S4,PRESENTS_WITH,
PMC7718649_01_e12,PMC7718649_01,PMC7718649_01_P1,PMC7718649_01_S5,PRESENTS_WITH,
PMC7718649_01_e13,PMC7718649_01,PMC7718649_01_P1,PMC7718649_01_S6,PRESENTS_WITH,
PMC7718649_01_e14,PMC7718649_01,PMC7718649_01_P1,PMC7718649_01_S7,PRESENTS_WITH,
PMC7718649_01_e15,PMC7718649_01,PMC7718649_01_P1,PMC7718649_01_T1,UNDERWENT_TREATMENT,
PMC7718649_01_e16,PMC7718649_01,PMC7718649_01_D1,PMC7718649_01_T1,TREATED_BY,
PMC7718649_01_e17,PMC7718649_01,PMC7718649_01_P1,PMC7718649_01_E3,UNDERWENT_EXAM,
PMC7718649_01_e18,PMC7718649_01,PMC7718649_01_E3,PMC7718649_01_R3,HAS_RESULT,
PMC7718649_01_e19,PMC7718649_01,PMC7718649_01_R3,UNIT_G,HAS_UNIT,
PMC7718649_01_e20,PMC7718649_01,PMC7718649_01_P1,PMC7718649_01_E4,UNDERWENT_EXAM,
PMC7718649_01_e21,PMC7718649_01,PMC7718649_01_E4,PMC7718649_01_R4,HAS_RESULT,
PMC7718649_01_e22,PMC7718649_01,PMC7718649_01_R4,UNIT_G,HAS_UNIT,
PMC7718649_01_e23,PMC7718649_01,PMC7718649_01_P1,PMC7718649_01_T2,UNDERWENT_TREATMENT,
PMC7718649_01_e24,PMC7718649_01,PMC7718649_01_D1,PMC7718649_01_T2,TREATED_BY,
PMC7718649_01_e25,PMC7718649_01,PMC7718649_01_P1,PMC7718649_01_T3,UNDERWENT_TREATMENT,
PMC7718649_01_e26,PMC7718649_01,PMC7718649_01_D1,PMC7718649_01_T3,TREATED_BY,
PMC7718649_01_e27,PMC7718649_01,PMC7718649_01_E1,PMC7718649_01_R5,HAS_RESULT,
PMC7718649_01_e28,PMC7718649_01,PMC7718649_01_R5,UNIT_MG,HAS_UNIT,
PMC7718649_01_e29,PMC7718649_01,PMC7718649_01_P1,PMC7718649_01_T4,UNDERWENT_TREATMENT,
PMC7718649_01_e30,PMC7718649_01,PMC7718649_01_D1,PMC7718649_01_T4,TREATED_BY,
PMC7718649_01_e31,PMC7718649_01,PMC7718649_01_P1,PMC7718649_01_S8,PRESENTS_WITH,
PMC7718649_01_e32,PMC7718649_01,PMC7718649_01_P1,PMC7718649_01_E5,UNDERWENT_EXAM,
PMC7718649_01_e33,PMC7718649_01,PMC7718649_01_S1,PMC7718649_01_D1,SUPPORTS,
PMC7718649_01_e34,PMC7718649_01,PMC7718649_01_P1,PMC7718649_01_T5,UNDERWENT_TREATMENT,
PMC7718649_01_e35,PMC7718649_01,PMC7718649_01_D1,PMC7718649_01_T5,TREATED_BY,
PMC7718649_01_e36,PMC7718649_01,PMC7718649_01_P1,PMC7718649_01_E6,UNDERWENT_EXAM,
PMC7718649_01_e37,PMC7718649_01,PMC7718649_01_E6,PMC7718649_01_F1,REVEALS,
PMC7718649_01_e38,PMC7718649_01,PMC7718649_01_P1,PMC7718649_01_E7,UNDERWENT_EXAM,
PMC7718649_01_e39,PMC7718649_01,PMC7718649_01_E7,PMC7718649_01_R6,HAS_RESULT,
PMC7718649_01_e40,PMC7718649_01,PMC7718649_01_R6,UNIT_MMHG,HAS_UNIT,
PMC7718649_01_e41,PMC7718649_01,PMC7718649_01_P1,PMC7718649_01_E8,UNDERWENT_EXAM,
PMC7718649_01_e42,PMC7718649_01,PMC7718649_01_P1,PMC7718649_01_E9,UNDERWENT_EXAM,
PMC7718649_01_e43,PMC7718649_01,PMC7718649_01_P1,PMC7718649_01_E10,UNDERWENT_EXAM,
PMC7718649_01_e44,PMC7718649_01,PMC7718649_01_E10,PMC7718649_01_R7,HAS_RESULT,
PMC7718649_01_e45,PMC7718649_01,PMC7718649_01_R7,UNIT_L,HAS_UNIT,
PMC7718649_01_e46,PMC7718649_01,PMC7718649_01_P1,PMC7718649_01_E11,UNDERWENT_EXAM,
PMC7718649_01_e47,PMC7718649_01,PMC7718649_01_P1,PMC7718649_01_T6,UNDERWENT_TREATMENT,
PMC7718649_01_e48,PMC7718649_01,PMC7718649_01_D1,PMC7718649_01_T6,TREATED_BY,
PMC7718649_01_e49,PMC7718649_01,PMC7718649_01_P1,PMC7718649_01_D2,DIAGNOSED_WITH,
PMC7718649_01_e50,PMC7718649_01,PMC7718649_01_P1,PMC7718649_01_D3,DIAGNOSED_WITH,
PMC7718649_01_e51,PMC7718649_01,PMC7718649_01_E1,PMC7718649_01_R8,HAS_RESULT,
PMC7718649_01_e52,PMC7718649_01,PMC7718649_01_R8,UNIT_MG,HAS_UNIT,
PMC7718649_01_e53,PMC7718649_01,PMC7718649_01_R8,PMC7718649_01_D1,SUPPORTS,
PMC7718649_01_e54,PMC7718649_01,PMC7718649_01_E2,PMC7718649_01_R9,HAS_RESULT,
PMC7718649_01_e55,PMC7718649_01,PMC7718649_01_R9,UNIT_G,HAS_UNIT,
PMC7718649_01_e56,PMC7718649_01,PMC7718649_01_R9,PMC7718649_01_D1,SUPPORTS,
PMC7718649_01_e57,PMC7718649_01,PMC7718649_01_P1,PMC7718649_01_E12,UNDERWENT_EXAM,
PMC7718649_01_e58,PMC7718649_01,PMC7718649_01_E12,PMC7718649_01_R10,HAS_RESULT,
PMC7718649_01_e59,PMC7718649_01,PMC7718649_01_R10,UNIT_MG,HAS_UNIT,
PMC7718649_01_e60,PMC7718649_01,PMC7718649_01_P1,PMC7718649_01_E13,UNDERWENT_EXAM,
PMC7718649_01_e61,PMC7718649_01,PMC7718649_01_E13,PMC7718649_01_R11,HAS_RESULT,
PMC7718649_01_e62,PMC7718649_01,PMC7718649_01_R11,UNIT_G,HAS_UNIT,
PMC7718649_01_e63,PMC7718649_01,PMC7718649_01_P1,PMC7718649_01_T7,UNDERWENT_TREATMENT,
PMC7718649_01_e64,PMC7718649_01,PMC7718649_01_D1,PMC7718649_01_T7,TREATED_BY,
PMC7718649_01_e65,PMC7718649_01,PMC7718649_01_P1,PMC7718649_01_E14,UNDERWENT_EXAM,
PMC7718649_01_e66,PMC7718649_01,PMC7718649_01_E14,PMC7718649_01_R12,HAS_RESULT,
PMC7718649_01_e67,PMC7718649_01,PMC7718649_01_R12,UNIT_MG,HAS_UNIT,
PMC7718649_01_e68,PMC7718649_01,PMC7718649_01_P1,PMC7718649_01_T8,UNDERWENT_TREATMENT,
PMC7718649_01_e69,PMC7718649_01,PMC7718649_01_D1,PMC7718649_01_T8,TREATED_BY,
PMC7718649_01_e70,PMC7718649_01,PMC7718649_01_P1,PMC7718649_01_D4,DIAGNOSED_WITH,
PMC7718649_01_e71,PMC7718649_01,PMC7718649_01_E1,PMC7718649_01_R13,HAS_RESULT,
PMC7718649_01_e72,PMC7718649_01,PMC7718649_01_R13,UNIT_MG,HAS_UNIT,
PMC7718649_01_e73,PMC7718649_01,PMC7718649_01_R13,PMC7718649_01_D4,SUPPORTS,
PMC7718649_01_e74,PMC7718649_01,PMC7718649_01_P1,PMC7718649_01_T9,UNDERWENT_TREATMENT,
PMC7718649_01_e75,PMC7718649_01,PMC7718649_01_D4,PMC7718649_01_T9,TREATED_BY,
PMC7718649_01_e76,PMC7718649_01,PMC7718649_01_P1,PMC7718649_01_T10,UNDERWENT_TREATMENT,
PMC7718649_01_e77,PMC7718649_01,PMC7718649_01_D4,PMC7718649_01_T10,TREATED_BY,
PMC7718649_01_e78,PMC7718649_01,PMC7718649_01_P1,PMC7718649_01_E15,UNDERWENT_EXAM,
PMC7718649_01_e79,PMC7718649_01,PMC7718649_01_P1,PMC7718649_01_S9,PRESENTS_WITH,
PMC7718649_01_e80,PMC7718649_01,PMC7718649_01_P1,PMC7718649_01_T11,UNDERWENT_TREATMENT,
PMC7718649_01_e81,PMC7718649_01,PMC7718649_01_D4,PMC7718649_01_T11,TREATED_BY,
PMC6134951_01_e1,PMC6134951_01,PMC6134951_01_P1,PMC6134951_01_H1,HAS_HISTORY,
PMC6134951_01_e2,PMC6134951_01,PMC6134951_01_P1,PMC6134951_01_H2,HAS_HISTORY,
PMC6134951_01_e3,PMC6134951_01,PMC6134951_01_P1,PMC6134951_01_D1,DIAGNOSED_WITH,
PMC6134951_01_e4,PMC6134951_01,PMC6134951_01_P1,PMC6134951_01_D2,DIAGNOSED_WITH,
PMC6134951_01_e5,PMC6134951_01,PMC6134951_01_P1,PMC6134951_01_D3,DIAGNOSED_WITH,
PMC6134951_01_e6,PMC6134951_01,PMC6134951_01_P1,PMC6134951_01_E1,UNDERWENT_EXAM,
PMC6134951_01_e7,PMC6134951_01,PMC6134951_01_E1,PMC6134951_01_F1,REVEALS,
PMC6134951_01_e8,PMC6134951_01,PMC6134951_01_P1,PMC6134951_01_T1,UNDERWENT_TREATMENT,
PMC6134951_01_e9,PMC6134951_01,PMC6134951_01_D3,PMC6134951_01_T1,TREATED_BY,
PMC6134951_01_e10,PMC6134951_01,PMC6134951_01_P1,PMC6134951_01_T2,UNDERWENT_TREATMENT,
PMC6134951_01_e11,PMC6134951_01,PMC6134951_01_D3,PMC6134951_01_T2,TREATED_BY,
PMC6134951_01_e12,PMC6134951_01,PMC6134951_01_P1,PMC6134951_01_S1,PRESENTS_WITH,
PMC6134951_01_e13,PMC6134951_01,PMC6134951_01_P1,PMC6134951_01_T3,UNDERWENT_TREATMENT,
PMC6134951_01_e14,PMC6134951_01,PMC6134951_01_D3,PMC6134951_01_T3,TREATED_BY,
PMC6134951_01_e15,PMC6134951_01,PMC6134951_01_P1,PMC6134951_01_T4,UNDERWENT_TREATMENT,
PMC6134951_01_e16,PMC6134951_01,PMC6134951_01_D3,PMC6134951_01_T4,TREATED_BY,
PMC6134951_01_e17,PMC6134951_01,PMC6134951_01_P1,PMC6134951_01_S2,PRESENTS_WITH,
PMC6134951_01_e18,PMC6134951_01,PMC6134951_01_P1,PMC6134951_01_D4,DIAGNOSED_WITH,
PMC6134951_01_e19,PMC6134951_01,PMC6134951_01_P1,PMC6134951_01_D5,DIAGNOSED_WITH,
PMC6134951_01_e20,PMC6134951_01,PMC6134951_01_P1,PMC6134951_01_D6,DIAGNOSED_WITH,
PMC6134951_01_e21,PMC6134951_01,PMC6134951_01_P1,PMC6134951_01_D7,DIAGNOSED_WITH,
PMC6134951_01_e22,PMC6134951_01,PMC6134951_01_P1,PMC6134951_01_D8,DIAGNOSED_WITH,
PMC6134951_01_e23,PMC6134951_01,PMC6134951_01_P1,PMC6134951_01_D9,DIAGNOSED_WITH,
PMC6134951_01_e24,PMC6134951_01,PMC6134951_01_P1,PMC6134951_01_S3,PRESENTS_WITH,
PMC6134951_01_e25,PMC6134951_01,PMC6134951_01_S1,PMC6134951_01_D7,SUPPORTS,
PMC6134951_01_e26,PMC6134951_01,PMC6134951_01_S3,PMC6134951_01_D7,SUPPORTS,
PMC6134951_01_e27,PMC6134951_01,PMC6134951_01_S1,PMC6134951_01_D8,SUPPORTS,
PMC6134951_01_e28,PMC6134951_01,PMC6134951_01_S3,PMC6134951_01_D8,SUPPORTS,
PMC6134951_01_e29,PMC6134951_01,PMC6134951_01_S1,PMC6134951_01_D9,SUPPORTS,
PMC6134951_01_e30,PMC6134951_01,PMC6134951_01_S3,PMC6134951_01_D9,SUPPORTS,
PMC6134951_01_e31,PMC6134951_01,PMC6134951_01_P1,PMC6134951_01_E2,UNDERWENT_EXAM,
PMC6134951_01_e32,PMC6134951_01,PMC6134951_01_E2,PMC6134951_01_R1,HAS_RESULT,
PMC6134951_01_e33,PMC6134951_01,PMC6134951_01_R1,UNIT_MG,HAS_UNIT,
PMC6134951_01_e34,PMC6134951_01,PMC6134951_01_P1,PMC6134951_01_T5,UNDERWENT_TREATMENT,
PMC6134951_01_e35,PMC6134951_01,PMC6134951_01_D9,PMC6134951_01_T5,TREATED_BY,
PMC6134951_01_e36,PMC6134951_01,PMC6134951_01_P1,PMC6134951_01_T6,UNDERWENT_TREATMENT,
PMC6134951_01_e37,PMC6134951_01,PMC6134951_01_D9,PMC6134951_01_T6,TREATED_BY,
PMC6134951_01_e38,PMC6134951_01,PMC6134951_01_P1,PMC6134951_01_H3,HAS_HISTORY,
PMC6134951_01_e39,PMC6134951_01,PMC6134951_01_P1,PMC6134951_01_H4,HAS_HISTORY,
PMC6134951_01_e40,PMC6134951_01,PMC6134951_01_P1,PMC6134951_01_T7,UNDERWENT_TREATMENT,
PMC6134951_01_e41,PMC6134951_01,PMC6134951_01_D9,PMC6134951_01_T7,TREATED_BY,
PMC6134951_01_e42,PMC6134951_01,PMC6134951_01_P1,PMC6134951_01_T8,UNDERWENT_TREATMENT,
PMC6134951_01_e43,PMC6134951_01,PMC6134951_01_D9,PMC6134951_01_T8,TREATED_BY,
PMC6134951_01_e44,PMC6134951_01,PMC6134951_01_P1,PMC6134951_01_E3,UNDERWENT_EXAM,
PMC6134951_01_e45,PMC6134951_01,PMC6134951_01_P1,PMC6134951_01_S4,PRESENTS_WITH,
PMC6343374_01_e1,PMC6343374_01,PMC6343374_01_P1,PMC6343374_01_E1,UNDERWENT_EXAM,
PMC6343374_01_e2,PMC6343374_01,PMC6343374_01_P1,PMC6343374_01_T1,UNDERWENT_TREATMENT,
PMC6343374_01_e3,PMC6343374_01,PMC6343374_01_E1,PMC6343374_01_F1,REVEALS,
PMC6343374_01_e4,PMC6343374_01,PMC6343374_01_P1,PMC6343374_01_D1,DIAGNOSED_WITH,
PMC6343374_01_e5,PMC6343374_01,PMC6343374_01_P1,PMC6343374_01_T2,UNDERWENT_TREATMENT,
PMC6343374_01_e6,PMC6343374_01,PMC6343374_01_D1,PMC6343374_01_T2,TREATED_BY,
PMC6343374_01_e7,PMC6343374_01,PMC6343374_01_P1,PMC6343374_01_T3,UNDERWENT_TREATMENT,
PMC6343374_01_e8,PMC6343374_01,PMC6343374_01_D1,PMC6343374_01_T3,TREATED_BY,
PMC6343374_01_e9,PMC6343374_01,PMC6343374_01_E1,PMC6343374_01_R1,HAS_RESULT,
PMC6343374_01_e10,PMC6343374_01,PMC6343374_01_R1,UNIT_MONTHS,HAS_UNIT,
PMC6343374_01_e11,PMC6343374_01,PMC6343374_01_P1,PMC6343374_01_S1,PRESENTS_WITH,
PMC9529523_01_e1,PMC9529523_01,PMC9529523_01_P1,PMC9529523_01_S1,PRESENTS_WITH,
PMC9529523_01_e2,PMC9529523_01,PMC9529523_01_P1,PMC9529523_01_S2,PRESENTS_WITH,
PMC9529523_01_e3,PMC9529523_01,PMC9529523_01_P1,PMC9529523_01_T1,UNDERWENT_TREATMENT,
PMC9529523_01_e4,PMC9529523_01,PMC9529523_01_P1,PMC9529523_01_D1,DIAGNOSED_WITH,
PMC9529523_01_e5,PMC9529523_01,PMC9529523_01_P1,PMC9529523_01_T2,UNDERWENT_TREATMENT,
PMC9529523_01_e6,PMC9529523_01,PMC9529523_01_D1,PMC9529523_01_T2,TREATED_BY,
PMC9529523_01_e7,PMC9529523_01,PMC9529523_01_P1,PMC9529523_01_E1,UNDERWENT_EXAM,
PMC9529523_01_e8,PMC9529523_01,PMC9529523_01_E1,PMC9529523_01_F1,REVEALS,
PMC9529523_01_e9,PMC9529523_01,PMC9529523_01_P1,PMC9529523_01_S3,PRESENTS_WITH,
PMC9529523_01_e10,PMC9529523_01,PMC9529523_01_P1,PMC9529523_01_T3,UNDERWENT_TREATMENT,
PMC9529523_01_e11,PMC9529523_01,PMC9529523_01_D1,PMC9529523_01_T3,TREATED_BY,
PMC9529523_01_e12,PMC9529523_01,PMC9529523_01_P1,PMC9529523_01_T4,UNDERWENT_TREATMENT,
PMC9529523_01_e13,PMC9529523_01,PMC9529523_01_D1,PMC9529523_01_T4,TREATED_BY,
PMC9529523_01_e14,PMC9529523_01,PMC9529523_01_P1,PMC9529523_01_E2,UNDERWENT_EXAM,
PMC9529523_01_e15,PMC9529523_01,PMC9529523_01_E2,PMC9529523_01_R1,HAS_RESULT,
PMC9529523_01_e16,PMC9529523_01,PMC9529523_01_R1,UNIT_IN,HAS_UNIT,
PMC9529523_01_e17,PMC9529523_01,PMC9529523_01_P1,PMC9529523_01_T5,UNDERWENT_TREATMENT,
PMC9529523_01_e18,PMC9529523_01,PMC9529523_01_D1,PMC9529523_01_T5,TREATED_BY,
PMC9529523_01_e19,PMC9529523_01,PMC9529523_01_P1,PMC9529523_01_D2,DIAGNOSED_WITH,
PMC9529523_01_e20,PMC9529523_01,PMC9529523_01_P1,PMC9529523_01_T6,UNDERWENT_TREATMENT,
PMC9529523_01_e21,PMC9529523_01,PMC9529523_01_D2,PMC9529523_01_T6,TREATED_BY,
PMC9529523_01_e22,PMC9529523_01,PMC9529523_01_P1,PMC9529523_01_E3,UNDERWENT_EXAM,
PMC9529523_01_e23,PMC9529523_01,PMC9529523_01_E3,PMC9529523_01_R2,HAS_RESULT,
PMC9529523_01_e24,PMC9529523_01,PMC9529523_01_R2,UNIT_MM,HAS_UNIT,
PMC9529523_01_e25,PMC9529523_01,PMC9529523_01_P1,PMC9529523_01_E4,UNDERWENT_EXAM,
PMC9529523_01_e26,PMC9529523_01,PMC9529523_01_E4,PMC9529523_01_R3,HAS_RESULT,
PMC9529523_01_e27,PMC9529523_01,PMC9529523_01_R3,UNIT_MG/DL,HAS_UNIT,
PMC9529523_01_e28,PMC9529523_01,PMC9529523_01_P1,PMC9529523_01_E5,UNDERWENT_EXAM,
PMC9529523_01_e29,PMC9529523_01,PMC9529523_01_P1,PMC9529523_01_T7,UNDERWENT_TREATMENT,
PMC9529523_01_e30,PMC9529523_01,PMC9529523_01_D2,PMC9529523_01_T7,TREATED_BY,
PMC9529523_01_e31,PMC9529523_01,PMC9529523_01_P1,PMC9529523_01_T8,UNDERWENT_TREATMENT,
PMC9529523_01_e32,PMC9529523_01,PMC9529523_01_D2,PMC9529523_01_T8,TREATED_BY,
PMC9529523_01_e33,PMC9529523_01,PMC9529523_01_P1,PMC9529523_01_S4,PRESENTS_WITH,
PMC9529523_01_e34,PMC9529523_01,PMC9529523_01_P1,PMC9529523_01_S5,PRESENTS_WITH,
PMC9529523_01_e35,PMC9529523_01,PMC9529523_01_E5,PMC9529523_01_S5,REVEALS,
PMC9529523_01_e36,PMC9529523_01,PMC9529523_01_P1,PMC9529523_01_E6,UNDERWENT_EXAM,
PMC9529523_01_e37,PMC9529523_01,PMC9529523_01_E6,PMC9529523_01_R4,HAS_RESULT,
PMC9529523_01_e38,PMC9529523_01,PMC9529523_01_R4,UNIT_MG/DL,HAS_UNIT,
PMC9529523_01_e39,PMC9529523_01,PMC9529523_01_P1,PMC9529523_01_T9,UNDERWENT_TREATMENT,
PMC9529523_01_e40,PMC9529523_01,PMC9529523_01_D2,PMC9529523_01_T9,TREATED_BY,
PMC9529523_01_e41,PMC9529523_01,PMC9529523_01_P1,PMC9529523_01_E7,UNDERWENT_EXAM,
PMC9529523_01_e42,PMC9529523_01,PMC9529523_01_E7,PMC9529523_01_R5,HAS_RESULT,
PMC9529523_01_e43,PMC9529523_01,PMC9529523_01_R5,UNIT_NG/ML,HAS_UNIT,
PMC9529523_01_e44,PMC9529523_01,PMC9529523_01_E7,PMC9529523_01_R6,HAS_RESULT,
PMC9529523_01_e45,PMC9529523_01,PMC9529523_01_R6,UNIT_NG/ML,HAS_UNIT,
PMC9529523_01_e46,PMC9529523_01,PMC9529523_01_P1,PMC9529523_01_D3,DIAGNOSED_WITH,
PMC9529523_01_e47,PMC9529523_01,PMC9529523_01_P1,PMC9529523_01_E8,UNDERWENT_EXAM,
PMC9529523_01_e48,PMC9529523_01,PMC9529523_01_E8,PMC9529523_01_D3,REVEALS,
PMC9529523_01_e49,PMC9529523_01,PMC9529523_01_P1,PMC9529523_01_E9,UNDERWENT_EXAM,
PMC9529523_01_e50,PMC9529523_01,PMC9529523_01_E9,PMC9529523_01_F2,REVEALS,
PMC9529523_01_e51,PMC9529523_01,PMC9529523_01_P1,PMC9529523_01_E10,UNDERWENT_EXAM,
PMC9529523_01_e52,PMC9529523_01,PMC9529523_01_E10,PMC9529523_01_F3,REVEALS,
PMC9529523_01_e53,PMC9529523_01,PMC9529523_01_P1,PMC9529523_01_T10,UNDERWENT_TREATMENT,
PMC9529523_01_e54,PMC9529523_01,PMC9529523_01_D3,PMC9529523_01_T10,TREATED_BY,
PMC9529523_01_e55,PMC9529523_01,PMC9529523_01_P1,PMC9529523_01_E11,UNDERWENT_EXAM,
PMC9529523_01_e56,PMC9529523_01,PMC9529523_01_P1,PMC9529523_01_S6,PRESENTS_WITH,
PMC9529523_01_e57,PMC9529523_01,PMC9529523_01_P1,PMC9529523_01_S7,PRESENTS_WITH,
PMC9529523_01_e58,PMC9529523_01,PMC9529523_01_P1,PMC9529523_01_S8,PRESENTS_WITH,
PMC9529523_01_e59,PMC9529523_01,PMC9529523_01_P1,PMC9529523_01_E12,UNDERWENT_EXAM,
PMC9529523_01_e60,PMC9529523_01,PMC9529523_01_E12,PMC9529523_01_S8,REVEALS,
PMC9529523_01_e61,PMC9529523_01,PMC9529523_01_P1,PMC9529523_01_E13,UNDERWENT_EXAM,
PMC9529523_01_e62,PMC9529523_01,PMC9529523_01_E13,PMC9529523_01_F4,REVEALS,
PMC9529523_01_e63,PMC9529523_01,PMC9529523_01_P1,PMC9529523_01_S9,PRESENTS_WITH,
PMC9529523_01_e64,PMC9529523_01,PMC9529523_01_P1,PMC9529523_01_D4,DIAGNOSED_WITH,
PMC9529523_01_e65,PMC9529523_01,PMC9529523_01_P1,PMC9529523_01_E14,UNDERWENT_EXAM,
PMC9529523_01_e66,PMC9529523_01,PMC9529523_01_E14,PMC9529523_01_F5,REVEALS,
PMC9529523_01_e67,PMC9529523_01,PMC9529523_01_P1,PMC9529523_01_E15,UNDERWENT_EXAM,
PMC9529523_01_e68,PMC9529523_01,PMC9529523_01_E15,PMC9529523_01_F6,REVEALS,
PMC9529523_01_e69,PMC9529523_01,PMC9529523_01_P1,PMC9529523_01_E16,UNDERWENT_EXAM,
PMC9529523_01_e70,PMC9529523_01,PMC9529523_01_E16,PMC9529523_01_R7,HAS_RESULT,
PMC9529523_01_e71,PMC9529523_01,PMC9529523_01_R7,UNIT_ML,HAS_UNIT,
PMC9529523_01_e72,PMC9529523_01,PMC9529523_01_P1,PMC9529523_01_T11,UNDERWENT_TREATMENT,
PMC9529523_01_e73,PMC9529523_01,PMC9529523_01_D4,PMC9529523_01_T11,TREATED_BY,
PMC9529523_01_e74,PMC9529523_01,PMC9529523_01_E8,PMC9529523_01_D3,EXCLUDES,
PMC9529523_01_e75,PMC9529523_01,PMC9529523_01_P1,PMC9529523_01_D5,DIAGNOSED_WITH,
PMC9529523_01_e76,PMC9529523_01,PMC9529523_01_E8,PMC9529523_01_D5,REVEALS,
PMC9529523_01_e77,PMC9529523_01,PMC9529523_01_P1,PMC9529523_01_E17,UNDERWENT_EXAM,
PMC9529523_01_e78,PMC9529523_01,PMC9529523_01_E17,PMC9529523_01_F7,CONFIRMS,
PMC9529523_01_e79,PMC9529523_01,PMC9529523_01_E7,PMC9529523_01_R8,HAS_RESULT,
PMC9529523_01_e80,PMC9529523_01,PMC9529523_01_R8,UNIT_NG/ML,HAS_UNIT,
PMC9529523_01_e81,PMC9529523_01,PMC9529523_01_P1,PMC9529523_01_T12,UNDERWENT_TREATMENT,
PMC9529523_01_e82,PMC9529523_01,PMC9529523_01_D5,PMC9529523_01_T12,TREATED_BY,
PMC9532611_01_e1,PMC9532611_01,PMC9532611_01_P1,PMC9532611_01_D1,DIAGNOSED_WITH,
PMC9532611_01_e2,PMC9532611_01,PMC9532611_01_P1,PMC9532611_01_H1,HAS_HISTORY,
PMC9532611_01_e3,PMC9532611_01,PMC9532611_01_P1,PMC9532611_01_H2,HAS_HISTORY,
PMC9532611_01_e4,PMC9532611_01,PMC9532611_01_P1,PMC9532611_01_S1,PRESENTS_WITH,
PMC9532611_02_e1,PMC9532611_02,PMC9532611_02_P1,PMC9532611_02_E1,UNDERWENT_EXAM,
PMC9532611_02_e2,PMC9532611_02,PMC9532611_02_P1,PMC9532611_02_T1,UNDERWENT_TREATMENT,
PMC9532611_02_e3,PMC9532611_02,PMC9532611_02_P1,PMC9532611_02_T2,UNDERWENT_TREATMENT,
PMC9532611_02_e4,PMC9532611_02,PMC9532611_02_P1,PMC9532611_02_T3,UNDERWENT_TREATMENT,
PMC9532611_02_e5,PMC9532611_02,PMC9532611_02_P1,PMC9532611_02_T4,UNDERWENT_TREATMENT,
PMC9532611_02_e6,PMC9532611_02,PMC9532611_02_P1,PMC9532611_02_T5,UNDERWENT_TREATMENT,
PMC9532611_02_e7,PMC9532611_02,PMC9532611_02_P1,PMC9532611_02_T6,UNDERWENT_TREATMENT,
PMC9532611_02_e8,PMC9532611_02,PMC9532611_02_P1,PMC9532611_02_T7,UNDERWENT_TREATMENT,
PMC9532611_02_e9,PMC9532611_02,PMC9532611_02_P1,PMC9532611_02_T8,UNDERWENT_TREATMENT,
PMC9532611_02_e10,PMC9532611_02,PMC9532611_02_P1,PMC9532611_02_T9,UNDERWENT_TREATMENT,
PMC9532611_02_e11,PMC9532611_02,PMC9532611_02_P1,PMC9532611_02_T10,UNDERWENT_TREATMENT,
PMC9532611_02_e12,PMC9532611_02,PMC9532611_02_P1,PMC9532611_02_T11,UNDERWENT_TREATMENT,
PMC9532611_02_e13,PMC9532611_02,PMC9532611_02_P1,PMC9532611_02_T12,UNDERWENT_TREATMENT,
PMC9532611_02_e14,PMC9532611_02,PMC9532611_02_P1,PMC9532611_02_T13,UNDERWENT_TREATMENT,
PMC9532611_02_e15,PMC9532611_02,PMC9532611_02_P1,PMC9532611_02_S1,PRESENTS_WITH,
PMC5875137_01_e1,PMC5875137_01,PMC5875137_01_P1,PMC5875137_01_D1,DIAGNOSED_WITH,
PMC5875137_01_e2,PMC5875137_01,PMC5875137_01_P1,PMC5875137_01_D2,DIAGNOSED_WITH,
PMC5875137_01_e3,PMC5875137_01,PMC5875137_01_P1,PMC5875137_01_E1,UNDERWENT_EXAM,
PMC5875137_01_e4,PMC5875137_01,PMC5875137_01_P1,PMC5875137_01_T1,UNDERWENT_TREATMENT,
PMC5875137_01_e5,PMC5875137_01,PMC5875137_01_D2,PMC5875137_01_T1,TREATED_BY,
PMC5875137_01_e6,PMC5875137_01,PMC5875137_01_P1,PMC5875137_01_T2,UNDERWENT_TREATMENT,
PMC5875137_01_e7,PMC5875137_01,PMC5875137_01_D2,PMC5875137_01_T2,TREATED_BY,
PMC5875137_01_e8,PMC5875137_01,PMC5875137_01_P1,PMC5875137_01_T3,UNDERWENT_TREATMENT,
PMC5875137_01_e9,PMC5875137_01,PMC5875137_01_D2,PMC5875137_01_T3,TREATED_BY,
PMC5875137_01_e10,PMC5875137_01,PMC5875137_01_P1,PMC5875137_01_E2,UNDERWENT_EXAM,
PMC6949661_01_e1,PMC6949661_01,PMC6949661_01_P1,PMC6949661_01_S1,PRESENTS_WITH,
PMC6949661_01_e2,PMC6949661_01,PMC6949661_01_P1,PMC6949661_01_S2,PRESENTS_WITH,
PMC6949661_01_e3,PMC6949661_01,PMC6949661_01_P1,PMC6949661_01_S3,PRESENTS_WITH,
PMC6949661_01_e4,PMC6949661_01,PMC6949661_01_P1,PMC6949661_01_S4,PRESENTS_WITH,
PMC6949661_01_e5,PMC6949661_01,PMC6949661_01_P1,PMC6949661_01_S5,PRESENTS_WITH,
PMC6949661_01_e6,PMC6949661_01,PMC6949661_01_P1,PMC6949661_01_S6,PRESENTS_WITH,
PMC6949661_01_e7,PMC6949661_01,PMC6949661_01_P1,PMC6949661_01_E1,UNDERWENT_EXAM,
PMC6949661_01_e8,PMC6949661_01,PMC6949661_01_P1,PMC6949661_01_S7,PRESENTS_WITH,
PMC6949661_01_e9,PMC6949661_01,PMC6949661_01_P1,PMC6949661_01_E2,UNDERWENT_EXAM,
PMC6949661_01_e10,PMC6949661_01,PMC6949661_01_E2,PMC6949661_01_S7,REVEALS,
PMC6949661_01_e11,PMC6949661_01,PMC6949661_01_P1,PMC6949661_01_E3,UNDERWENT_EXAM,
PMC6949661_01_e12,PMC6949661_01,PMC6949661_01_P1,PMC6949661_01_S8,PRESENTS_WITH,
PMC6949661_01_e13,PMC6949661_01,PMC6949661_01_P1,PMC6949661_01_S9,PRESENTS_WITH,
PMC6949661_01_e14,PMC6949661_01,PMC6949661_01_P1,PMC6949661_01_S10,PRESENTS_WITH,
PMC6949661_01_e15,PMC6949661_01,PMC6949661_01_P1,PMC6949661_01_H1,HAS_HISTORY,
PMC6949661_01_e16,PMC6949661_01,PMC6949661_01_P1,PMC6949661_01_S11,PRESENTS_WITH,
PMC6949661_01_e17,PMC6949661_01,PMC6949661_01_P1,PMC6949661_01_E4,UNDERWENT_EXAM,
PMC6949661_01_e18,PMC6949661_01,PMC6949661_01_E4,PMC6949661_01_F1,REVEALS,
PMC6949661_01_e19,PMC6949661_01,PMC6949661_01_P1,PMC6949661_01_T1,UNDERWENT_TREATMENT,
PMC6949661_01_e20,PMC6949661_01,PMC6949661_01_P1,PMC6949661_01_T2,UNDERWENT_TREATMENT,
PMC6949661_01_e21,PMC6949661_01,PMC6949661_01_P1,PMC6949661_01_E5,UNDERWENT_EXAM,
PMC6949661_01_e22,PMC6949661_01,PMC6949661_01_E5,PMC6949661_01_F2,REVEALS,
PMC6949661_01_e23,PMC6949661_01,PMC6949661_01_P1,PMC6949661_01_S12,PRESENTS_WITH,
PMC6949661_01_e24,PMC6949661_01,PMC6949661_01_P1,PMC6949661_01_E6,UNDERWENT_EXAM,
PMC6949661_01_e25,PMC6949661_01,PMC6949661_01_E6,PMC6949661_01_S12,REVEALS,
PMC6949661_01_e26,PMC6949661_01,PMC6949661_01_P1,PMC6949661_01_D1,DIAGNOSED_WITH,
PMC6949661_01_e27,PMC6949661_01,PMC6949661_01_P1,PMC6949661_01_E7,UNDERWENT_EXAM,
PMC6949661_01_e28,PMC6949661_01,PMC6949661_01_P1,PMC6949661_01_E8,UNDERWENT_EXAM,
PMC6949661_01_e29,PMC6949661_01,PMC6949661_01_P1,PMC6949661_01_E9,UNDERWENT_EXAM,
PMC6949661_01_e30,PMC6949661_01,PMC6949661_01_P1,PMC6949661_01_D2,DIAGNOSED_WITH,
PMC6949661_01_e31,PMC6949661_01,PMC6949661_01_P1,PMC6949661_01_S13,PRESENTS_WITH,
PMC10405809_01_e1,PMC10405809_01,PMC10405809_01_P1,PMC10405809_01_S1,PRESENTS_WITH,
PMC10405809_01_e2,PMC10405809_01,PMC10405809_01_P1,PMC10405809_01_S2,PRESENTS_WITH,
PMC10405809_01_e3,PMC10405809_01,PMC10405809_01_P1,PMC10405809_01_S3,PRESENTS_WITH,
PMC10405809_01_e4,PMC10405809_01,PMC10405809_01_P1,PMC10405809_01_H1,HAS_HISTORY,
PMC10405809_01_e5,PMC10405809_01,PMC10405809_01_P1,PMC10405809_01_S4,PRESENTS_WITH,
PMC10405809_01_e6,PMC10405809_01,PMC10405809_01_P1,PMC10405809_01_E1,UNDERWENT_EXAM,
PMC10405809_01_e7,PMC10405809_01,PMC10405809_01_E1,PMC10405809_01_F1,REVEALS,
PMC10405809_01_e8,PMC10405809_01,PMC10405809_01_P1,PMC10405809_01_S5,PRESENTS_WITH,
PMC10405809_01_e9,PMC10405809_01,PMC10405809_01_P1,PMC10405809_01_E2,UNDERWENT_EXAM,
PMC10405809_01_e10,PMC10405809_01,PMC10405809_01_E2,PMC10405809_01_R1,HAS_RESULT,
PMC10405809_01_e11,PMC10405809_01,PMC10405809_01_R1,UNIT_CM,HAS_UNIT,
PMC10405809_01_e12,PMC10405809_01,PMC10405809_01_P1,PMC10405809_01_D1,DIAGNOSED_WITH,
PMC10405809_01_e13,PMC10405809_01,PMC10405809_01_P1,PMC10405809_01_S6,PRESENTS_WITH,
PMC10405809_01_e14,PMC10405809_01,PMC10405809_01_P1,PMC10405809_01_D2,DIAGNOSED_WITH,
PMC10405809_01_e15,PMC10405809_01,PMC10405809_01_S4,PMC10405809_01_D1,SUPPORTS,
PMC10405809_01_e16,PMC10405809_01,PMC10405809_01_S6,PMC10405809_01_D1,SUPPORTS,
PMC10405809_01_e17,PMC10405809_01,PMC10405809_01_S4,PMC10405809_01_D2,SUPPORTS,
PMC10405809_01_e18,PMC10405809_01,PMC10405809_01_S6,PMC10405809_01_D2,SUPPORTS,
PMC10405809_01_e19,PMC10405809_01,PMC10405809_01_P1,PMC10405809_01_E3,UNDERWENT_EXAM,
PMC10405809_01_e20,PMC10405809_01,PMC10405809_01_E3,PMC10405809_01_F2,CONFIRMS,
PMC10405809_01_e21,PMC10405809_01,PMC10405809_01_P1,PMC10405809_01_E4,UNDERWENT_EXAM,
PMC10405809_01_e22,PMC10405809_01,PMC10405809_01_E4,PMC10405809_01_R2,HAS_RESULT,
PMC10405809_01_e23,PMC10405809_01,PMC10405809_01_R2,UNIT_CM,HAS_UNIT,
PMC10405809_01_e24,PMC10405809_01,PMC10405809_01_P1,PMC10405809_01_E5,UNDERWENT_EXAM,
PMC10405809_01_e25,PMC10405809_01,PMC10405809_01_S6,PMC10405809_01_D2,SUPPORTS,
PMC10405809_01_e26,PMC10405809_01,PMC10405809_01_P1,PMC10405809_01_E6,UNDERWENT_EXAM,
PMC10405809_01_e27,PMC10405809_01,PMC10405809_01_E6,PMC10405809_01_F3,CONFIRMS,
PMC10405809_01_e28,PMC10405809_01,PMC10405809_01_P1,PMC10405809_01_T1,UNDERWENT_TREATMENT,
PMC10405809_01_e29,PMC10405809_01,PMC10405809_01_D2,PMC10405809_01_T1,TREATED_BY,
PMC10405809_01_e30,PMC10405809_01,PMC10405809_01_P1,PMC10405809_01_T2,UNDERWENT_TREATMENT,
PMC10405809_01_e31,PMC10405809_01,PMC10405809_01_D2,PMC10405809_01_T2,TREATED_BY,
PMC10405809_01_e32,PMC10405809_01,PMC10405809_01_P1,PMC10405809_01_T3,UNDERWENT_TREATMENT,
PMC10405809_01_e33,PMC10405809_01,PMC10405809_01_D2,PMC10405809_01_T3,TREATED_BY,
PMC7519975_01_e1,PMC7519975_01,PMC7519975_01_P1,PMC7519975_01_S1,PRESENTS_WITH,
PMC7519975_01_e2,PMC7519975_01,PMC7519975_01_P1,PMC7519975_01_H1,HAS_HISTORY,
PMC7519975_01_e3,PMC7519975_01,PMC7519975_01_P1,PMC7519975_01_H2,HAS_HISTORY,
PMC7519975_01_e4,PMC7519975_01,PMC7519975_01_P1,PMC7519975_01_H3,HAS_HISTORY,
PMC7519975_01_e5,PMC7519975_01,PMC7519975_01_P1,PMC7519975_01_S2,PRESENTS_WITH,
PMC7519975_01_e6,PMC7519975_01,PMC7519975_01_P1,PMC7519975_01_E1,UNDERWENT_EXAM,
PMC7519975_01_e7,PMC7519975_01,PMC7519975_01_E1,PMC7519975_01_F1,REVEALS,
PMC7519975_01_e8,PMC7519975_01,PMC7519975_01_P1,PMC7519975_01_S3,PRESENTS_WITH,
PMC7519975_01_e9,PMC7519975_01,PMC7519975_01_P1,PMC7519975_01_T1,UNDERWENT_TREATMENT,
PMC7519975_01_e10,PMC7519975_01,PMC7519975_01_P1,PMC7519975_01_E2,UNDERWENT_EXAM,
PMC7519975_01_e11,PMC7519975_01,PMC7519975_01_E2,PMC7519975_01_F2,REVEALS,
PMC7519975_01_e12,PMC7519975_01,PMC7519975_01_P1,PMC7519975_01_E3,UNDERWENT_EXAM,
PMC7519975_01_e13,PMC7519975_01,PMC7519975_01_P1,PMC7519975_01_E4,UNDERWENT_EXAM,
PMC7519975_01_e14,PMC7519975_01,PMC7519975_01_E4,PMC7519975_01_F3,REVEALS,
PMC7519975_01_e15,PMC7519975_01,PMC7519975_01_P1,PMC7519975_01_T2,UNDERWENT_TREATMENT,
PMC7519975_01_e16,PMC7519975_01,PMC7519975_01_P1,PMC7519975_01_T3,UNDERWENT_TREATMENT,
PMC7519975_01_e17,PMC7519975_01,PMC7519975_01_P1,PMC7519975_01_T4,UNDERWENT_TREATMENT,
PMC7519975_01_e18,PMC7519975_01,PMC7519975_01_P1,PMC7519975_01_E5,UNDERWENT_EXAM,
PMC7519975_01_e19,PMC7519975_01,PMC7519975_01_P1,PMC7519975_01_E6,UNDERWENT_EXAM,
PMC7519975_01_e20,PMC7519975_01,PMC7519975_01_P1,PMC7519975_01_E7,UNDERWENT_EXAM,
PMC7519975_01_e21,PMC7519975_01,PMC7519975_01_E7,PMC7519975_01_R1,HAS_RESULT,
PMC7519975_01_e22,PMC7519975_01,PMC7519975_01_R1,UNIT_MEQ,HAS_UNIT,
PMC7519975_01_e23,PMC7519975_01,PMC7519975_01_P1,PMC7519975_01_E8,UNDERWENT_EXAM,
PMC7519975_01_e24,PMC7519975_01,PMC7519975_01_E8,PMC7519975_01_R2,HAS_RESULT,
PMC7519975_01_e25,PMC7519975_01,PMC7519975_01_R2,UNIT_MEQ,HAS_UNIT,
PMC7519975_01_e26,PMC7519975_01,PMC7519975_01_P1,PMC7519975_01_E9,UNDERWENT_EXAM,
PMC7519975_01_e27,PMC7519975_01,PMC7519975_01_E9,PMC7519975_01_R3,HAS_RESULT,
PMC7519975_01_e28,PMC7519975_01,PMC7519975_01_R3,UNIT_MEQ,HAS_UNIT,
PMC7519975_01_e29,PMC7519975_01,PMC7519975_01_P1,PMC7519975_01_E10,UNDERWENT_EXAM,
PMC7519975_01_e30,PMC7519975_01,PMC7519975_01_E10,PMC7519975_01_R4,HAS_RESULT,
PMC7519975_01_e31,PMC7519975_01,PMC7519975_01_R4,UNIT_MG,HAS_UNIT,
PMC7519975_01_e32,PMC7519975_01,PMC7519975_01_P1,PMC7519975_01_E11,UNDERWENT_EXAM,
PMC7519975_01_e33,PMC7519975_01,PMC7519975_01_E11,PMC7519975_01_R5,HAS_RESULT,
PMC7519975_01_e34,PMC7519975_01,PMC7519975_01_R5,UNIT_MG,HAS_UNIT,
PMC7519975_01_e35,PMC7519975_01,PMC7519975_01_P1,PMC7519975_01_E12,UNDERWENT_EXAM,
PMC7519975_01_e36,PMC7519975_01,PMC7519975_01_E12,PMC7519975_01_R6,HAS_RESULT,
PMC7519975_01_e37,PMC7519975_01,PMC7519975_01_R6,UNIT_MG,HAS_UNIT,
PMC7519975_01_e38,PMC7519975_01,PMC7519975_01_P1,PMC7519975_01_S4,PRESENTS_WITH,
PMC7519975_01_e39,PMC7519975_01,PMC7519975_01_P1,PMC7519975_01_S5,PRESENTS_WITH,
PMC7519975_01_e40,PMC7519975_01,PMC7519975_01_P1,PMC7519975_01_S6,PRESENTS_WITH,
PMC7519975_01_e41,PMC7519975_01,PMC7519975_01_P1,PMC7519975_01_T5,UNDERWENT_TREATMENT,
PMC7519975_01_e42,PMC7519975_01,PMC7519975_01_P1,PMC7519975_01_S7,PRESENTS_WITH,
PMC7519975_01_e43,PMC7519975_01,PMC7519975_01_P1,PMC7519975_01_T6,UNDERWENT_TREATMENT,
PMC7519975_01_e44,PMC7519975_01,PMC7519975_01_P1,PMC7519975_01_E13,UNDERWENT_EXAM,
PMC7519975_01_e45,PMC7519975_01,PMC7519975_01_P1,PMC7519975_01_T7,UNDERWENT_TREATMENT,
PMC7519975_01_e46,PMC7519975_01,PMC7519975_01_E2,PMC7519975_01_R7,HAS_RESULT,
PMC7519975_01_e47,PMC7519975_01,PMC7519975_01_R7,UNIT_MMHG,HAS_UNIT,
PMC7519975_01_e48,PMC7519975_01,PMC7519975_01_E3,PMC7519975_01_R8,HAS_RESULT,
PMC7519975_01_e49,PMC7519975_01,PMC7519975_01_R8,UNIT_BPM,HAS_UNIT,
PMC7519975_01_e50,PMC7519975_01,PMC7519975_01_P1,PMC7519975_01_T8,UNDERWENT_TREATMENT,
PMC7519975_01_e51,PMC7519975_01,PMC7519975_01_P1,PMC7519975_01_E14,UNDERWENT_EXAM,
PMC3950436_01_e1,PMC3950436_01,PMC3950436_01_P1,PMC3950436_01_T1,UNDERWENT_TREATMENT,
PMC3950436_01_e2,PMC3950436_01,PMC3950436_01_P1,PMC3950436_01_D1,DIAGNOSED_WITH,
PMC3950436_01_e3,PMC3950436_01,PMC3950436_01_P1,PMC3950436_01_S1,PRESENTS_WITH,
PMC3950436_01_e4,PMC3950436_01,PMC3950436_01_P1,PMC3950436_01_S2,PRESENTS_WITH,
PMC3950436_01_e5,PMC3950436_01,PMC3950436_01_P1,PMC3950436_01_S3,PRESENTS_WITH,
PMC3950436_01_e6,PMC3950436_01,PMC3950436_01_P1,PMC3950436_01_T2,UNDERWENT_TREATMENT,
PMC3950436_01_e7,PMC3950436_01,PMC3950436_01_D1,PMC3950436_01_T2,TREATED_BY,
PMC3950436_01_e8,PMC3950436_01,PMC3950436_01_P1,PMC3950436_01_S4,PRESENTS_WITH,
PMC3950436_01_e9,PMC3950436_01,PMC3950436_01_P1,PMC3950436_01_T3,UNDERWENT_TREATMENT,
PMC3950436_01_e10,PMC3950436_01,PMC3950436_01_D1,PMC3950436_01_T3,TREATED_BY,
PMC3950436_01_e11,PMC3950436_01,PMC3950436_01_P1,PMC3950436_01_S5,PRESENTS_WITH,
PMC3950436_01_e12,PMC3950436_01,PMC3950436_01_P1,PMC3950436_01_T4,UNDERWENT_TREATMENT,
PMC3950436_01_e13,PMC3950436_01,PMC3950436_01_D1,PMC3950436_01_T4,TREATED_BY,
PMC3950436_01_e14,PMC3950436_01,PMC3950436_01_P1,PMC3950436_01_S6,PRESENTS_WITH,
PMC3950436_01_e15,PMC3950436_01,PMC3950436_01_P1,PMC3950436_01_T5,UNDERWENT_TREATMENT,
PMC3950436_01_e16,PMC3950436_01,PMC3950436_01_D1,PMC3950436_01_T5,TREATED_BY,
PMC3950436_01_e17,PMC3950436_01,PMC3950436_01_P1,PMC3950436_01_T6,UNDERWENT_TREATMENT,
PMC3950436_01_e18,PMC3950436_01,PMC3950436_01_D1,PMC3950436_01_T6,TREATED_BY,
PMC3950436_01_e19,PMC3950436_01,PMC3950436_01_P1,PMC3950436_01_E1,UNDERWENT_EXAM,
PMC3950436_01_e20,PMC3950436_01,PMC3950436_01_E1,PMC3950436_01_R1,HAS_RESULT,
PMC3950436_01_e21,PMC3950436_01,PMC3950436_01_R1,UNIT_MMHG,HAS_UNIT,
PMC3950436_01_e22,PMC3950436_01,PMC3950436_01_P1,PMC3950436_01_E2,UNDERWENT_EXAM,
PMC3950436_01_e23,PMC3950436_01,PMC3950436_01_P1,PMC3950436_01_E3,UNDERWENT_EXAM,
PMC3950436_01_e24,PMC3950436_01,PMC3950436_01_P1,PMC3950436_01_T7,UNDERWENT_TREATMENT,
PMC3950436_01_e25,PMC3950436_01,PMC3950436_01_D1,PMC3950436_01_T7,TREATED_BY,
PMC3950436_01_e26,PMC3950436_01,PMC3950436_01_P1,PMC3950436_01_T8,UNDERWENT_TREATMENT,
PMC3950436_01_e27,PMC3950436_01,PMC3950436_01_D1,PMC3950436_01_T8,TREATED_BY,
PMC3950436_01_e28,PMC3950436_01,PMC3950436_01_P1,PMC3950436_01_E4,UNDERWENT_EXAM,
PMC3950436_01_e29,PMC3950436_01,PMC3950436_01_P1,PMC3950436_01_E5,UNDERWENT_EXAM,
PMC3950436_01_e30,PMC3950436_01,PMC3950436_01_P1,PMC3950436_01_T9,UNDERWENT_TREATMENT,
PMC3950436_01_e31,PMC3950436_01,PMC3950436_01_D1,PMC3950436_01_T9,TREATED_BY,
PMC3950436_01_e32,PMC3950436_01,PMC3950436_01_P1,PMC3950436_01_E6,UNDERWENT_EXAM,
PMC3950436_01_e33,PMC3950436_01,PMC3950436_01_E6,PMC3950436_01_R2,HAS_RESULT,
PMC3950436_01_e34,PMC3950436_01,PMC3950436_01_R2,UNIT_MM,HAS_UNIT,
PMC3950436_01_e35,PMC3950436_01,PMC3950436_01_P1,PMC3950436_01_E7,UNDERWENT_EXAM,
PMC10434843_01_e1,PMC10434843_01,PMC10434843_01_P1,PMC10434843_01_S1,PRESENTS_WITH,
PMC10434843_01_e2,PMC10434843_01,PMC10434843_01_P1,PMC10434843_01_S2,PRESENTS_WITH,
PMC10434843_01_e3,PMC10434843_01,PMC10434843_01_P1,PMC10434843_01_T1,UNDERWENT_TREATMENT,
PMC10434843_01_e4,PMC10434843_01,PMC10434843_01_P1,PMC10434843_01_E1,UNDERWENT_EXAM,
PMC10434843_01_e5,PMC10434843_01,PMC10434843_01_E1,PMC10434843_01_F1,REVEALS,
PMC10434843_01_e6,PMC10434843_01,PMC10434843_01_P1,PMC10434843_01_S3,PRESENTS_WITH,
PMC10434843_01_e7,PMC10434843_01,PMC10434843_01_P1,PMC10434843_01_S4,PRESENTS_WITH,
PMC10434843_01_e8,PMC10434843_01,PMC10434843_01_P1,PMC10434843_01_S5,PRESENTS_WITH,
PMC10434843_01_e9,PMC10434843_01,PMC10434843_01_P1,PMC10434843_01_E2,UNDERWENT_EXAM,
PMC10434843_01_e10,PMC10434843_01,PMC10434843_01_E2,PMC10434843_01_F2,REVEALS,
PMC10434843_01_e11,PMC10434843_01,PMC10434843_01_P1,PMC10434843_01_E3,UNDERWENT_EXAM,
PMC10434843_01_e12,PMC10434843_01,PMC10434843_01_E3,PMC10434843_01_F3,REVEALS,
PMC10434843_01_e13,PMC10434843_01,PMC10434843_01_P1,PMC10434843_01_E4,UNDERWENT_EXAM,
PMC10434843_01_e14,PMC10434843_01,PMC10434843_01_E4,PMC10434843_01_R1,HAS_RESULT,
PMC10434843_01_e15,PMC10434843_01,PMC10434843_01_R1,UNIT_IN,HAS_UNIT,
PMC10434843_01_e16,PMC10434843_01,PMC10434843_01_P1,PMC10434843_01_E5,UNDERWENT_EXAM,
PMC10434843_01_e17,PMC10434843_01,PMC10434843_01_P1,PMC10434843_01_T2,UNDERWENT_TREATMENT,
PMC10434843_01_e18,PMC10434843_01,PMC10434843_01_P1,PMC10434843_01_E6,UNDERWENT_EXAM,
PMC10434843_01_e19,PMC10434843_01,PMC10434843_01_E6,PMC10434843_01_F4,REVEALS,
PMC10434843_01_e20,PMC10434843_01,PMC10434843_01_P1,PMC10434843_01_E7,UNDERWENT_EXAM,
PMC10434843_01_e21,PMC10434843_01,PMC10434843_01_E7,PMC10434843_01_F5,REVEALS,
PMC10434843_01_e22,PMC10434843_01,PMC10434843_01_P1,PMC10434843_01_D1,DIAGNOSED_WITH,
PMC10434843_01_e23,PMC10434843_01,PMC10434843_01_P1,PMC10434843_01_E8,UNDERWENT_EXAM,
PMC10434843_01_e24,PMC10434843_01,PMC10434843_01_E8,PMC10434843_01_F6,REVEALS,
PMC10434843_01_e25,PMC10434843_01,PMC10434843_01_E8,PMC10434843_01_F7,REVEALS,
PMC10434843_01_e26,PMC10434843_01,PMC10434843_01_P1,PMC10434843_01_E9,UNDERWENT_EXAM,
PMC10434843_01_e27,PMC10434843_01,PMC10434843_01_E5,PMC10434843_01_F8,CONFIRMS,
PMC10434843_01_e28,PMC10434843_01,PMC10434843_01_P1,PMC10434843_01_S6,PRESENTS_WITH,
PMC10434843_01_e29,PMC10434843_01,PMC10434843_01_P1,PMC10434843_01_D2,DIAGNOSED_WITH,
PMC10434843_01_e30,PMC10434843_01,PMC10434843_01_S6,PMC10434843_01_D2,SUPPORTS,
PMC10434843_01_e31,PMC10434843_01,PMC10434843_01_P1,PMC10434843_01_S7,PRESENTS_WITH,
PMC4630775_01_e1,PMC4630775_01,PMC4630775_01_P1,PMC4630775_01_D1,DIAGNOSED_WITH,
PMC4630775_01_e2,PMC4630775_01,PMC4630775_01_P1,PMC4630775_01_S1,PRESENTS_WITH,
PMC4630775_01_e3,PMC4630775_01,PMC4630775_01_P1,PMC4630775_01_S2,PRESENTS_WITH,
PMC4630775_01_e4,PMC4630775_01,PMC4630775_01_P1,PMC4630775_01_S3,PRESENTS_WITH,
PMC2700431_01_e1,PMC2700431_01,PMC2700431_01_P1,PMC2700431_01_T1,UNDERWENT_TREATMENT,
PMC2700431_01_e2,PMC2700431_01,PMC2700431_01_P1,PMC2700431_01_D1,DIAGNOSED_WITH,
PMC2700431_01_e3,PMC2700431_01,PMC2700431_01_P1,PMC2700431_01_D2,DIAGNOSED_WITH,
PMC2700431_01_e4,PMC2700431_01,PMC2700431_01_P1,PMC2700431_01_S1,PRESENTS_WITH,
PMC2700431_01_e5,PMC2700431_01,PMC2700431_01_P1,PMC2700431_01_D3,DIAGNOSED_WITH,
PMC2700431_01_e6,PMC2700431_01,PMC2700431_01_P1,PMC2700431_01_D4,DIAGNOSED_WITH,
PMC2700431_01_e7,PMC2700431_01,PMC2700431_01_S1,PMC2700431_01_D3,SUPPORTS,
PMC2700431_01_e8,PMC2700431_01,PMC2700431_01_S1,PMC2700431_01_D4,SUPPORTS,
PMC2700431_01_e9,PMC2700431_01,PMC2700431_01_P1,PMC2700431_01_T2,UNDERWENT_TREATMENT,
PMC2700431_01_e10,PMC2700431_01,PMC2700431_01_D1,PMC2700431_01_T2,TREATED_BY,
PMC2700431_01_e11,PMC2700431_01,PMC2700431_01_P1,PMC2700431_01_T3,UNDERWENT_TREATMENT,
PMC2700431_01_e12,PMC2700431_01,PMC2700431_01_D1,PMC2700431_01_T3,TREATED_BY,
PMC2700431_01_e13,PMC2700431_01,PMC2700431_01_P1,PMC2700431_01_E1,UNDERWENT_EXAM,
PMC2700431_01_e14,PMC2700431_01,PMC2700431_01_E1,PMC2700431_01_F1,REVEALS,
PMC2700431_01_e15,PMC2700431_01,PMC2700431_01_P1,PMC2700431_01_S2,PRESENTS_WITH,
PMC2700431_01_e16,PMC2700431_01,PMC2700431_01_P1,PMC2700431_01_E2,UNDERWENT_EXAM,
PMC2700431_01_e17,PMC2700431_01,PMC2700431_01_E2,PMC2700431_01_S2,REVEALS,
PMC2700431_01_e18,PMC2700431_01,PMC2700431_01_P1,PMC2700431_01_T4,UNDERWENT_TREATMENT,
PMC2700431_01_e19,PMC2700431_01,PMC2700431_01_D1,PMC2700431_01_T4,TREATED_BY,
PMC2700431_01_e20,PMC2700431_01,PMC2700431_01_P1,PMC2700431_01_S3,PRESENTS_WITH,
PMC2700431_01_e21,PMC2700431_01,PMC2700431_01_P1,PMC2700431_01_D5,DIAGNOSED_WITH,
PMC10106591_01_e1,PMC10106591_01,PMC10106591_01_P1,PMC10106591_01_S1,PRESENTS_WITH,
PMC10106591_01_e2,PMC10106591_01,PMC10106591_01_P1,PMC10106591_01_S2,PRESENTS_WITH,
PMC10106591_01_e3,PMC10106591_01,PMC10106591_01_P1,PMC10106591_01_D1,DIAGNOSED_WITH,
PMC10106591_01_e4,PMC10106591_01,PMC10106591_01_P1,PMC10106591_01_E1,UNDERWENT_EXAM,
PMC10106591_01_e5,PMC10106591_01,PMC10106591_01_E1,PMC10106591_01_R1,HAS_RESULT,
PMC10106591_01_e6,PMC10106591_01,PMC10106591_01_R1,UNIT_MG,HAS_UNIT,
PMC10106591_01_e7,PMC10106591_01,PMC10106591_01_R1,PMC10106591_01_D1,SUPPORTS,
PMC10106591_01_e8,PMC10106591_01,PMC10106591_01_P1,PMC10106591_01_T1,UNDERWENT_TREATMENT,
PMC10106591_01_e9,PMC10106591_01,PMC10106591_01_D1,PMC10106591_01_T1,TREATED_BY,
PMC10106591_01_e10,PMC10106591_01,PMC10106591_01_P1,PMC10106591_01_T2,UNDERWENT_TREATMENT,
PMC10106591_01_e11,PMC10106591_01,PMC10106591_01_D1,PMC10106591_01_T2,TREATED_BY,
PMC10106591_01_e12,PMC10106591_01,PMC10106591_01_P1,PMC10106591_01_E2,UNDERWENT_EXAM,
PMC10106591_01_e13,PMC10106591_01,PMC10106591_01_E2,PMC10106591_01_F1,REVEALS,
PMC10106591_01_e14,PMC10106591_01,PMC10106591_01_P1,PMC10106591_01_E3,UNDERWENT_EXAM,
PMC10106591_01_e15,PMC10106591_01,PMC10106591_01_E3,PMC10106591_01_R2,HAS_RESULT,
PMC10106591_01_e16,PMC10106591_01,PMC10106591_01_R2,UNIT_MMHG,HAS_UNIT,
PMC10106591_01_e17,PMC10106591_01,PMC10106591_01_P1,PMC10106591_01_E4,UNDERWENT_EXAM,
PMC10106591_01_e18,PMC10106591_01,PMC10106591_01_P1,PMC10106591_01_E5,UNDERWENT_EXAM,
PMC10106591_01_e19,PMC10106591_01,PMC10106591_01_P1,PMC10106591_01_E6,UNDERWENT_EXAM,
PMC10106591_01_e20,PMC10106591_01,PMC10106591_01_E6,PMC10106591_01_F2,REVEALS,
PMC10106591_01_e21,PMC10106591_01,PMC10106591_01_P1,PMC10106591_01_E7,UNDERWENT_EXAM,
PMC10106591_01_e22,PMC10106591_01,PMC10106591_01_P1,PMC10106591_01_S3,PRESENTS_WITH,
PMC10106591_01_e23,PMC10106591_01,PMC10106591_01_P1,PMC10106591_01_E8,UNDERWENT_EXAM,
PMC10106591_01_e24,PMC10106591_01,PMC10106591_01_E8,PMC10106591_01_F3,REVEALS,
PMC10106591_01_e25,PMC10106591_01,PMC10106591_01_P1,PMC10106591_01_E9,UNDERWENT_EXAM,
PMC10106591_01_e26,PMC10106591_01,PMC10106591_01_E9,PMC10106591_01_F4,REVEALS,
PMC10106591_01_e27,PMC10106591_01,PMC10106591_01_P1,PMC10106591_01_E10,UNDERWENT_EXAM,
PMC10106591_01_e28,PMC10106591_01,PMC10106591_01_P1,PMC10106591_01_E11,UNDERWENT_EXAM,
PMC10106591_01_e29,PMC10106591_01,PMC10106591_01_E11,PMC10106591_01_R3,HAS_RESULT,
PMC10106591_01_e30,PMC10106591_01,PMC10106591_01_R3,UNIT_NG/ML,HAS_UNIT,
PMC10106591_01_e31,PMC10106591_01,PMC10106591_01_P1,PMC10106591_01_E12,UNDERWENT_EXAM,
PMC10106591_01_e32,PMC10106591_01,PMC10106591_01_E12,PMC10106591_01_R4,HAS_RESULT,
PMC10106591_01_e33,PMC10106591_01,PMC10106591_01_R4,UNIT_NG/ML,HAS_UNIT,
PMC10106591_01_e34,PMC10106591_01,PMC10106591_01_P1,PMC10106591_01_E13,UNDERWENT_EXAM,
PMC10106591_01_e35,PMC10106591_01,PMC10106591_01_E13,PMC10106591_01_R5,HAS_RESULT,
PMC10106591_01_e36,PMC10106591_01,PMC10106591_01_R5,UNIT_NG/ML,HAS_UNIT,
PMC10106591_01_e37,PMC10106591_01,PMC10106591_01_P1,PMC10106591_01_D2,DIAGNOSED_WITH,
PMC10106591_01_e38,PMC10106591_01,PMC10106591_01_P1,PMC10106591_01_E14,UNDERWENT_EXAM,
PMC10106591_01_e39,PMC10106591_01,PMC10106591_01_E14,PMC10106591_01_R6,HAS_RESULT,
PMC10106591_01_e40,PMC10106591_01,PMC10106591_01_R6,UNIT_MG,HAS_UNIT,
PMC10106591_01_e41,PMC10106591_01,PMC10106591_01_R6,PMC10106591_01_D2,SUPPORTS,
PMC10106591_01_e42,PMC10106591_01,PMC10106591_01_P1,PMC10106591_01_E15,UNDERWENT_EXAM,
PMC10106591_01_e43,PMC10106591_01,PMC10106591_01_E15,PMC10106591_01_R7,HAS_RESULT,
PMC10106591_01_e44,PMC10106591_01,PMC10106591_01_R7,UNIT_MG,HAS_UNIT,
PMC10106591_01_e45,PMC10106591_01,PMC10106591_01_R7,PMC10106591_01_D2,SUPPORTS,
PMC10106591_01_e46,PMC10106591_01,PMC10106591_01_P1,PMC10106591_01_E16,UNDERWENT_EXAM,
PMC10106591_01_e47,PMC10106591_01,PMC10106591_01_P1,PMC10106591_01_T3,UNDERWENT_TREATMENT,
PMC10106591_01_e48,PMC10106591_01,PMC10106591_01_D2,PMC10106591_01_T3,TREATED_BY,
PMC10106591_01_e49,PMC10106591_01,PMC10106591_01_P1,PMC10106591_01_T4,UNDERWENT_TREATMENT,
PMC10106591_01_e50,PMC10106591_01,PMC10106591_01_D2,PMC10106591_01_T4,TREATED_BY,
PMC10106591_01_e51,PMC10106591_01,PMC10106591_01_P1,PMC10106591_01_D3,DIAGNOSED_WITH,
PMC10106591_01_e52,PMC10106591_01,PMC10106591_01_S1,PMC10106591_01_D3,SUPPORTS,
PMC10106591_01_e53,PMC10106591_01,PMC10106591_01_P1,PMC10106591_01_T5,UNDERWENT_TREATMENT,
PMC10106591_01_e54,PMC10106591_01,PMC10106591_01_D3,PMC10106591_01_T5,TREATED_BY,
PMC10106591_01_e55,PMC10106591_01,PMC10106591_01_P1,PMC10106591_01_T6,UNDERWENT_TREATMENT,
PMC10106591_01_e56,PMC10106591_01,PMC10106591_01_D3,PMC10106591_01_T6,TREATED_BY,
PMC10106591_01_e57,PMC10106591_01,PMC10106591_01_P1,PMC10106591_01_E17,UNDERWENT_EXAM,
PMC10106591_01_e58,PMC10106591_01,PMC10106591_01_E17,PMC10106591_01_R8,HAS_RESULT,
PMC10106591_01_e59,PMC10106591_01,PMC10106591_01_R8,UNIT_ML,HAS_UNIT,
PMC10106591_01_e60,PMC10106591_01,PMC10106591_01_P1,PMC10106591_01_T7,UNDERWENT_TREATMENT,
PMC10106591_01_e61,PMC10106591_01,PMC10106591_01_D3,PMC10106591_01_T7,TREATED_BY,
PMC10106591_01_e62,PMC10106591_01,PMC10106591_01_P1,PMC10106591_01_T8,UNDERWENT_TREATMENT,
PMC10106591_01_e63,PMC10106591_01,PMC10106591_01_D3,PMC10106591_01_T8,TREATED_BY,
PMC10106591_01_e64,PMC10106591_01,PMC10106591_01_P1,PMC10106591_01_T9,UNDERWENT_TREATMENT,
PMC10106591_01_e65,PMC10106591_01,PMC10106591_01_D3,PMC10106591_01_T9,TREATED_BY,
PMC10106591_01_e66,PMC10106591_01,PMC10106591_01_P1,PMC10106591_01_T10,UNDERWENT_TREATMENT,
PMC10106591_01_e67,PMC10106591_01,PMC10106591_01_D3,PMC10106591_01_T10,TREATED_BY,
PMC10106591_01_e68,PMC10106591_01,PMC10106591_01_P1,PMC10106591_01_E18,UNDERWENT_EXAM,
PMC10106591_01_e69,PMC10106591_01,PMC10106591_01_E18,PMC10106591_01_F5,REVEALS,
PMC10106591_01_e70,PMC10106591_01,PMC10106591_01_P1,PMC10106591_01_E19,UNDERWENT_EXAM,
PMC10106591_01_e71,PMC10106591_01,PMC10106591_01_P1,PMC10106591_01_E20,UNDERWENT_EXAM,
PMC10106591_01_e72,PMC10106591_01,PMC10106591_01_P1,PMC10106591_01_E21,UNDERWENT_EXAM,
PMC10106591_01_e73,PMC10106591_01,PMC10106591_01_E21,PMC10106591_01_R9,HAS_RESULT,
PMC10106591_01_e74,PMC10106591_01,PMC10106591_01_R9,UNIT_NG/ML,HAS_UNIT,
PMC10106591_01_e75,PMC10106591_01,PMC10106591_01_P1,PMC10106591_01_T11,UNDERWENT_TREATMENT,
PMC10106591_01_e76,PMC10106591_01,PMC10106591_01_D3,PMC10106591_01_T11,TREATED_BY,
PMC10106591_01_e77,PMC10106591_01,PMC10106591_01_E14,PMC10106591_01_R10,HAS_RESULT,
PMC10106591_01_e78,PMC10106591_01,PMC10106591_01_R10,UNIT_MG,HAS_UNIT,
PMC10106591_01_e79,PMC10106591_01,PMC10106591_01_P1,PMC10106591_01_E22,UNDERWENT_EXAM,
PMC10106591_01_e80,PMC10106591_01,PMC10106591_01_E22,PMC10106591_01_R11,HAS_RESULT,
PMC10106591_01_e81,PMC10106591_01,PMC10106591_01_R11,UNIT_MG,HAS_UNIT,
PMC10106591_01_e82,PMC10106591_01,PMC10106591_01_P1,PMC10106591_01_D4,DIAGNOSED_WITH,
PMC10106591_01_e83,PMC10106591_01,PMC10106591_01_S1,PMC10106591_01_D4,SUPPORTS,
PMC10106591_01_e84,PMC10106591_01,PMC10106591_01_P1,PMC10106591_01_S4,PRESENTS_WITH,
PMC4073451_01_e1,PMC4073451_01,PMC4073451_01_P1,PMC4073451_01_E1,UNDERWENT_EXAM,
PMC4073451_01_e2,PMC4073451_01,PMC4073451_01_P1,PMC4073451_01_E2,UNDERWENT_EXAM,
PMC4073451_01_e3,PMC4073451_01,PMC4073451_01_P1,PMC4073451_01_T1,UNDERWENT_TREATMENT,
PMC4073451_01_e4,PMC4073451_01,PMC4073451_01_P1,PMC4073451_01_E3,UNDERWENT_EXAM,
PMC4073451_01_e5,PMC4073451_01,PMC4073451_01_E3,PMC4073451_01_F1,CONFIRMS,
PMC4073451_01_e6,PMC4073451_01,PMC4073451_01_P1,PMC4073451_01_S1,PRESENTS_WITH,
PMC6083636_01_e1,PMC6083636_01,PMC6083636_01_P1,PMC6083636_01_H1,HAS_HISTORY,
PMC6083636_01_e2,PMC6083636_01,PMC6083636_01_P1,PMC6083636_01_H2,HAS_HISTORY,
PMC6083636_01_e3,PMC6083636_01,PMC6083636_01_P1,PMC6083636_01_D1,DIAGNOSED_WITH,
PMC6083636_01_e4,PMC6083636_01,PMC6083636_01_P1,PMC6083636_01_E1,UNDERWENT_EXAM,
PMC6083636_02_e1,PMC6083636_02,PMC6083636_02_P1,PMC6083636_02_E1,UNDERWENT_EXAM,
PMC6083636_02_e2,PMC6083636_02,PMC6083636_02_E1,PMC6083636_02_F1,REVEALS,
PMC6083636_02_e3,PMC6083636_02,PMC6083636_02_P1,PMC6083636_02_E2,UNDERWENT_EXAM,
PMC6083636_03_e1,PMC6083636_03,PMC6083636_03_P1,PMC6083636_03_E1,UNDERWENT_EXAM,
PMC6083636_03_e2,PMC6083636_03,PMC6083636_03_P1,PMC6083636_03_D1,DIAGNOSED_WITH,
PMC6083636_03_e3,PMC6083636_03,PMC6083636_03_P1,PMC6083636_03_D2,DIAGNOSED_WITH,
PMC9969157_01_e1,PMC9969157_01,PMC9969157_01_P1,PMC9969157_01_D1,DIAGNOSED_WITH,
PMC9969157_01_e2,PMC9969157_01,PMC9969157_01_P1,PMC9969157_01_D2,DIAGNOSED_WITH,
PMC9969157_01_e3,PMC9969157_01,PMC9969157_01_P1,PMC9969157_01_T1,UNDERWENT_TREATMENT,
PMC9969157_01_e4,PMC9969157_01,PMC9969157_01_D2,PMC9969157_01_T1,TREATED_BY,
PMC9969157_01_e5,PMC9969157_01,PMC9969157_01_P1,PMC9969157_01_S1,PRESENTS_WITH,
PMC9969157_01_e6,PMC9969157_01,PMC9969157_01_P1,PMC9969157_01_T2,UNDERWENT_TREATMENT,
PMC9969157_01_e7,PMC9969157_01,PMC9969157_01_D2,PMC9969157_01_T2,TREATED_BY,
PMC9969157_01_e8,PMC9969157_01,PMC9969157_01_P1,PMC9969157_01_S2,PRESENTS_WITH,
PMC9969157_01_e9,PMC9969157_01,PMC9969157_01_P1,PMC9969157_01_S3,PRESENTS_WITH,
PMC9969157_01_e10,PMC9969157_01,PMC9969157_01_P1,PMC9969157_01_T3,UNDERWENT_TREATMENT,
PMC9969157_01_e11,PMC9969157_01,PMC9969157_01_D2,PMC9969157_01_T3,TREATED_BY,
PMC9969157_01_e12,PMC9969157_01,PMC9969157_01_P1,PMC9969157_01_E1,UNDERWENT_EXAM,
PMC9969157_01_e13,PMC9969157_01,PMC9969157_01_E1,PMC9969157_01_R1,HAS_RESULT,
PMC9969157_01_e14,PMC9969157_01,PMC9969157_01_R1,UNIT_DAYS,HAS_UNIT,
PMC9969157_01_e15,PMC9969157_01,PMC9969157_01_P1,PMC9969157_01_E2,UNDERWENT_EXAM,
PMC9969157_01_e16,PMC9969157_01,PMC9969157_01_E2,PMC9969157_01_R2,HAS_RESULT,
PMC9969157_01_e17,PMC9969157_01,PMC9969157_01_R2,UNIT_DAYS,HAS_UNIT,
PMC9969157_01_e18,PMC9969157_01,PMC9969157_01_P1,PMC9969157_01_E3,UNDERWENT_EXAM,
PMC9969157_01_e19,PMC9969157_01,PMC9969157_01_E3,PMC9969157_01_R3,HAS_RESULT,
PMC9969157_01_e20,PMC9969157_01,PMC9969157_01_R3,UNIT_DAYS,HAS_UNIT,
PMC9969157_01_e21,PMC9969157_01,PMC9969157_01_P1,PMC9969157_01_E4,UNDERWENT_EXAM,
PMC9969157_01_e22,PMC9969157_01,PMC9969157_01_E4,PMC9969157_01_R4,HAS_RESULT,
PMC9969157_01_e23,PMC9969157_01,PMC9969157_01_R4,UNIT_MG,HAS_UNIT,
PMC4828947_01_e1,PMC4828947_01,PMC4828947_01_P1,PMC4828947_01_S1,PRESENTS_WITH,
PMC4828947_01_e2,PMC4828947_01,PMC4828947_01_P1,PMC4828947_01_E1,UNDERWENT_EXAM,
PMC4828947_01_e3,PMC4828947_01,PMC4828947_01_P1,PMC4828947_01_S2,PRESENTS_WITH,
PMC4828947_01_e4,PMC4828947_01,PMC4828947_01_P1,PMC4828947_01_S3,PRESENTS_WITH,
PMC4828947_01_e5,PMC4828947_01,PMC4828947_01_P1,PMC4828947_01_T1,UNDERWENT_TREATMENT,
PMC4828947_01_e6,PMC4828947_01,PMC4828947_01_P1,PMC4828947_01_T2,UNDERWENT_TREATMENT,
PMC4828947_01_e7,PMC4828947_01,PMC4828947_01_P1,PMC4828947_01_D1,DIAGNOSED_WITH,
PMC4828947_01_e8,PMC4828947_01,PMC4828947_01_P1,PMC4828947_01_D2,DIAGNOSED_WITH,
PMC4828947_01_e9,PMC4828947_01,PMC4828947_01_S1,PMC4828947_01_D1,SUPPORTS,
PMC4828947_01_e10,PMC4828947_01,PMC4828947_01_S1,PMC4828947_01_D2,SUPPORTS,
PMC4828947_01_e11,PMC4828947_01,PMC4828947_01_P1,PMC4828947_01_E2,UNDERWENT_EXAM,
PMC4828947_01_e12,PMC4828947_01,PMC4828947_01_E2,PMC4828947_01_F1,REVEALS,
PMC4828947_01_e13,PMC4828947_01,PMC4828947_01_P1,PMC4828947_01_T3,UNDERWENT_TREATMENT,
PMC4828947_01_e14,PMC4828947_01,PMC4828947_01_D1,PMC4828947_01_T3,TREATED_BY,
PMC4828947_01_e15,PMC4828947_01,PMC4828947_01_P1,PMC4828947_01_T4,UNDERWENT_TREATMENT,
PMC4828947_01_e16,PMC4828947_01,PMC4828947_01_D1,PMC4828947_01_T4,TREATED_BY,
PMC4828947_01_e17,PMC4828947_01,PMC4828947_01_P1,PMC4828947_01_D3,DIAGNOSED_WITH,
PMC4828947_01_e18,PMC4828947_01,PMC4828947_01_P1,PMC4828947_01_T5,UNDERWENT_TREATMENT,
PMC4828947_01_e19,PMC4828947_01,PMC4828947_01_D3,PMC4828947_01_T5,TREATED_BY,
PMC4828947_01_e20,PMC4828947_01,PMC4828947_01_P1,PMC4828947_01_T6,UNDERWENT_TREATMENT,
PMC4828947_01_e21,PMC4828947_01,PMC4828947_01_D3,PMC4828947_01_T6,TREATED_BY,
PMC4828947_01_e22,PMC4828947_01,PMC4828947_01_P1,PMC4828947_01_E3,UNDERWENT_EXAM,
PMC4828947_01_e23,PMC4828947_01,PMC4828947_01_E3,PMC4828947_01_F2,REVEALS,
PMC4828947_01_e24,PMC4828947_01,PMC4828947_01_P1,PMC4828947_01_S4,PRESENTS_WITH,
PMC7086412_01_e1,PMC7086412_01,PMC7086412_01_P1,PMC7086412_01_T1,UNDERWENT_TREATMENT,
PMC7086412_01_e2,PMC7086412_01,PMC7086412_01_P1,PMC7086412_01_T2,UNDERWENT_TREATMENT,
PMC7086412_01_e3,PMC7086412_01,PMC7086412_01_P1,PMC7086412_01_T3,UNDERWENT_TREATMENT,
PMC7086412_01_e4,PMC7086412_01,PMC7086412_01_P1,PMC7086412_01_T4,UNDERWENT_TREATMENT,
PMC7086412_01_e5,PMC7086412_01,PMC7086412_01_P1,PMC7086412_01_T5,UNDERWENT_TREATMENT,
PMC7086412_01_e6,PMC7086412_01,PMC7086412_01_P1,PMC7086412_01_T6,UNDERWENT_TREATMENT,
PMC7086412_01_e7,PMC7086412_01,PMC7086412_01_P1,PMC7086412_01_T7,UNDERWENT_TREATMENT,
PMC7086412_01_e8,PMC7086412_01,PMC7086412_01_P1,PMC7086412_01_T8,UNDERWENT_TREATMENT,
PMC7086412_01_e9,PMC7086412_01,PMC7086412_01_P1,PMC7086412_01_E1,UNDERWENT_EXAM,
PMC7086412_01_e10,PMC7086412_01,PMC7086412_01_P1,PMC7086412_01_E2,UNDERWENT_EXAM,
PMC7086412_01_e11,PMC7086412_01,PMC7086412_01_P1,PMC7086412_01_T9,UNDERWENT_TREATMENT,
PMC7086412_01_e12,PMC7086412_01,PMC7086412_01_P1,PMC7086412_01_T10,UNDERWENT_TREATMENT,
PMC7086412_01_e13,PMC7086412_01,PMC7086412_01_P1,PMC7086412_01_D1,DIAGNOSED_WITH,
PMC7086412_01_e14,PMC7086412_01,PMC7086412_01_P1,PMC7086412_01_D2,DIAGNOSED_WITH,
PMC7086412_01_e15,PMC7086412_01,PMC7086412_01_P1,PMC7086412_01_D3,DIAGNOSED_WITH,
PMC7086412_01_e16,PMC7086412_01,PMC7086412_01_P1,PMC7086412_01_T11,UNDERWENT_TREATMENT,
PMC7086412_01_e17,PMC7086412_01,PMC7086412_01_D3,PMC7086412_01_T11,TREATED_BY,
PMC7086412_02_e1,PMC7086412_02,PMC7086412_02_P1,PMC7086412_02_E1,UNDERWENT_EXAM,
PMC7086412_02_e2,PMC7086412_02,PMC7086412_02_P1,PMC7086412_02_E2,UNDERWENT_EXAM,
PMC7086412_02_e3,PMC7086412_02,PMC7086412_02_P1,PMC7086412_02_D1,DIAGNOSED_WITH,
PMC7086412_02_e4,PMC7086412_02,PMC7086412_02_P1,PMC7086412_02_T1,UNDERWENT_TREATMENT,
PMC7086412_02_e5,PMC7086412_02,PMC7086412_02_D1,PMC7086412_02_T1,TREATED_BY,
PMC7086412_02_e6,PMC7086412_02,PMC7086412_02_P1,PMC7086412_02_T2,UNDERWENT_TREATMENT,
PMC7086412_02_e7,PMC7086412_02,PMC7086412_02_D1,PMC7086412_02_T2,TREATED_BY,
PMC7086412_02_e8,PMC7086412_02,PMC7086412_02_P1,PMC7086412_02_D2,DIAGNOSED_WITH,
PMC7086412_02_e9,PMC7086412_02,PMC7086412_02_P1,PMC7086412_02_D3,DIAGNOSED_WITH,
PMC7086412_02_e10,PMC7086412_02,PMC7086412_02_P1,PMC7086412_02_D4,DIAGNOSED_WITH,
PMC3557982_01_e1,PMC3557982_01,PMC3557982_01_P1,PMC3557982_01_E1,UNDERWENT_EXAM,
PMC3557982_01_e2,PMC3557982_01,PMC3557982_01_P1,PMC3557982_01_E2,UNDERWENT_EXAM,
PMC3557982_01_e3,PMC3557982_01,PMC3557982_01_E2,PMC3557982_01_F1,CONFIRMS,
PMC3557982_01_e4,PMC3557982_01,PMC3557982_01_P1,PMC3557982_01_E3,UNDERWENT_EXAM,
PMC3557982_01_e5,PMC3557982_01,PMC3557982_01_P1,PMC3557982_01_S1,PRESENTS_WITH,
PMC3557982_01_e6,PMC3557982_01,PMC3557982_01_P1,PMC3557982_01_E4,UNDERWENT_EXAM,
PMC3557982_01_e7,PMC3557982_01,PMC3557982_01_E4,PMC3557982_01_F2,REVEALS,
PMC3557982_01_e8,PMC3557982_01,PMC3557982_01_P1,PMC3557982_01_E5,UNDERWENT_EXAM,
PMC3557982_01_e9,PMC3557982_01,PMC3557982_01_P1,PMC3557982_01_D1,DIAGNOSED_WITH,
PMC3557982_01_e10,PMC3557982_01,PMC3557982_01_P1,PMC3557982_01_D2,DIAGNOSED_WITH,
PMC3557982_01_e11,PMC3557982_01,PMC3557982_01_P1,PMC3557982_01_T1,UNDERWENT_TREATMENT,
PMC3557982_01_e12,PMC3557982_01,PMC3557982_01_D2,PMC3557982_01_T1,TREATED_BY,
PMC3557982_01_e13,PMC3557982_01,PMC3557982_01_P1,PMC3557982_01_D3,DIAGNOSED_WITH,
PMC9815523_01_e1,PMC9815523_01,PMC9815523_01_P1,PMC9815523_01_T1,UNDERWENT_TREATMENT,
PMC9815523_01_e2,PMC9815523_01,PMC9815523_01_P1,PMC9815523_01_D1,DIAGNOSED_WITH,
PMC9815523_01_e3,PMC9815523_01,PMC9815523_01_P1,PMC9815523_01_S1,PRESENTS_WITH,
PMC9815523_01_e4,PMC9815523_01,PMC9815523_01_S1,PMC9815523_01_D1,SUPPORTS,
PMC9815523_01_e5,PMC9815523_01,PMC9815523_01_P1,PMC9815523_01_E1,UNDERWENT_EXAM,
PMC9815523_01_e6,PMC9815523_01,PMC9815523_01_P1,PMC9815523_01_E2,UNDERWENT_EXAM,
PMC9815523_01_e7,PMC9815523_01,PMC9815523_01_P1,PMC9815523_01_T2,UNDERWENT_TREATMENT,
PMC9815523_01_e8,PMC9815523_01,PMC9815523_01_D1,PMC9815523_01_T2,TREATED_BY,
PMC9815523_01_e9,PMC9815523_01,PMC9815523_01_P1,PMC9815523_01_T3,UNDERWENT_TREATMENT,
PMC9815523_01_e10,PMC9815523_01,PMC9815523_01_D1,PMC9815523_01_T3,TREATED_BY,
PMC9815523_01_e11,PMC9815523_01,PMC9815523_01_P1,PMC9815523_01_S2,PRESENTS_WITH,
PMC9815523_01_e12,PMC9815523_01,PMC9815523_01_P1,PMC9815523_01_S3,PRESENTS_WITH,
PMC9815523_01_e13,PMC9815523_01,PMC9815523_01_P1,PMC9815523_01_T4,UNDERWENT_TREATMENT,
PMC9815523_01_e14,PMC9815523_01,PMC9815523_01_D1,PMC9815523_01_T4,TREATED_BY,
PMC9815523_01_e15,PMC9815523_01,PMC9815523_01_P1,PMC9815523_01_T5,UNDERWENT_TREATMENT,
PMC9815523_01_e16,PMC9815523_01,PMC9815523_01_D1,PMC9815523_01_T5,TREATED_BY,
PMC9815523_01_e17,PMC9815523_01,PMC9815523_01_P1,PMC9815523_01_T6,UNDERWENT_TREATMENT,
PMC9815523_01_e18,PMC9815523_01,PMC9815523_01_D1,PMC9815523_01_T6,TREATED_BY,
PMC9815523_01_e19,PMC9815523_01,PMC9815523_01_P1,PMC9815523_01_D2,DIAGNOSED_WITH,
PMC4310058_01_e1,PMC4310058_01,PMC4310058_01_P1,PMC4310058_01_S1,PRESENTS_WITH,
PMC4310058_01_e2,PMC4310058_01,PMC4310058_01_P1,PMC4310058_01_E1,UNDERWENT_EXAM,
PMC4310058_01_e3,PMC4310058_01,PMC4310058_01_E1,PMC4310058_01_F1,REVEALS,
PMC4310058_01_e4,PMC4310058_01,PMC4310058_01_P1,PMC4310058_01_E2,UNDERWENT_EXAM,
PMC4310058_01_e5,PMC4310058_01,PMC4310058_01_E2,PMC4310058_01_F2,CONFIRMS,
PMC4310058_01_e6,PMC4310058_01,PMC4310058_01_P1,PMC4310058_01_T1,UNDERWENT_TREATMENT,
PMC4310058_01_e7,PMC4310058_01,PMC4310058_01_P1,PMC4310058_01_S2,PRESENTS_WITH,
PMC3859158_01_e1,PMC3859158_01,PMC3859158_01_P1,PMC3859158_01_H1,HAS_HISTORY,
PMC3859158_01_e2,PMC3859158_01,PMC3859158_01_P1,PMC3859158_01_S1,PRESENTS_WITH,
PMC3859158_01_e3,PMC3859158_01,PMC3859158_01_P1,PMC3859158_01_S2,PRESENTS_WITH,
PMC3859158_01_e4,PMC3859158_01,PMC3859158_01_P1,PMC3859158_01_S3,PRESENTS_WITH,
PMC3859158_01_e5,PMC3859158_01,PMC3859158_01_P1,PMC3859158_01_H2,HAS_HISTORY,
PMC3859158_01_e6,PMC3859158_01,PMC3859158_01_P1,PMC3859158_01_H3,HAS_HISTORY,
PMC3859158_01_e7,PMC3859158_01,PMC3859158_01_P1,PMC3859158_01_H4,HAS_HISTORY,
PMC3859158_01_e8,PMC3859158_01,PMC3859158_01_P1,PMC3859158_01_H5,HAS_HISTORY,
PMC3859158_01_e9,PMC3859158_01,PMC3859158_01_P1,PMC3859158_01_H6,HAS_HISTORY,
PMC3859158_01_e10,PMC3859158_01,PMC3859158_01_P1,PMC3859158_01_D1,DIAGNOSED_WITH,
PMC3859158_01_e11,PMC3859158_01,PMC3859158_01_P1,PMC3859158_01_S4,PRESENTS_WITH,
PMC3859158_01_e12,PMC3859158_01,PMC3859158_01_S4,PMC3859158_01_D1,SUPPORTS,
PMC3859158_01_e13,PMC3859158_01,PMC3859158_01_P1,PMC3859158_01_H7,HAS_HISTORY,
PMC3859158_01_e14,PMC3859158_01,PMC3859158_01_P1,PMC3859158_01_H8,HAS_HISTORY,
PMC3859158_01_e15,PMC3859158_01,PMC3859158_01_P1,PMC3859158_01_E1,UNDERWENT_EXAM,
PMC3859158_01_e16,PMC3859158_01,PMC3859158_01_P1,PMC3859158_01_E2,UNDERWENT_EXAM,
PMC3859158_01_e17,PMC3859158_01,PMC3859158_01_E2,PMC3859158_01_F1,EXCLUDES,
PMC3859158_01_e18,PMC3859158_01,PMC3859158_01_P1,PMC3859158_01_T1,UNDERWENT_TREATMENT,
PMC3859158_01_e19,PMC3859158_01,PMC3859158_01_D1,PMC3859158_01_T1,TREATED_BY,
PMC3859158_01_e20,PMC3859158_01,PMC3859158_01_P1,PMC3859158_01_T2,UNDERWENT_TREATMENT,
PMC3859158_01_e21,PMC3859158_01,PMC3859158_01_D1,PMC3859158_01_T2,TREATED_BY,
PMC3859158_01_e22,PMC3859158_01,PMC3859158_01_P1,PMC3859158_01_T3,UNDERWENT_TREATMENT,
PMC3859158_01_e23,PMC3859158_01,PMC3859158_01_D1,PMC3859158_01_T3,TREATED_BY,
PMC3859158_01_e24,PMC3859158_01,PMC3859158_01_P1,PMC3859158_01_D2,DIAGNOSED_WITH,
PMC3859158_01_e25,PMC3859158_01,PMC3859158_01_P1,PMC3859158_01_E3,UNDERWENT_EXAM,
PMC3859158_01_e26,PMC3859158_01,PMC3859158_01_E3,PMC3859158_01_F2,REVEALS,
PMC3859158_01_e27,PMC3859158_01,PMC3859158_01_P1,PMC3859158_01_D3,DIAGNOSED_WITH,
PMC3859158_01_e28,PMC3859158_01,PMC3859158_01_P1,PMC3859158_01_E4,UNDERWENT_EXAM,
PMC3859158_01_e29,PMC3859158_01,PMC3859158_01_P1,PMC3859158_01_E5,UNDERWENT_EXAM,
PMC3859158_01_e30,PMC3859158_01,PMC3859158_01_E5,PMC3859158_01_F3,REVEALS,
PMC3859158_01_e31,PMC3859158_01,PMC3859158_01_P1,PMC3859158_01_S5,PRESENTS_WITH,
PMC3859158_01_e32,PMC3859158_01,PMC3859158_01_P1,PMC3859158_01_S6,PRESENTS_WITH,
PMC9650410_01_e1,PMC9650410_01,PMC9650410_01_P1,PMC9650410_01_T1,UNDERWENT_TREATMENT,
PMC9650410_01_e2,PMC9650410_01,PMC9650410_01_P1,PMC9650410_01_S1,PRESENTS_WITH,
PMC9650410_01_e3,PMC9650410_01,PMC9650410_01_P1,PMC9650410_01_E1,UNDERWENT_EXAM,
PMC9650410_01_e4,PMC9650410_01,PMC9650410_01_P1,PMC9650410_01_D1,DIAGNOSED_WITH,
PMC9650410_01_e5,PMC9650410_01,PMC9650410_01_P1,PMC9650410_01_S2,PRESENTS_WITH,
PMC5804616_01_e1,PMC5804616_01,PMC5804616_01_P1,PMC5804616_01_S1,PRESENTS_WITH,
PMC5804616_01_e2,PMC5804616_01,PMC5804616_01_P1,PMC5804616_01_T1,UNDERWENT_TREATMENT,
PMC5804616_01_e3,PMC5804616_01,PMC5804616_01_P1,PMC5804616_01_D1,DIAGNOSED_WITH,
PMC5804616_01_e4,PMC5804616_01,PMC5804616_01_S1,PMC5804616_01_D1,SUPPORTS,
PMC5804616_01_e5,PMC5804616_01,PMC5804616_01_P1,PMC5804616_01_H1,HAS_HISTORY,
PMC5804616_01_e6,PMC5804616_01,PMC5804616_01_P1,PMC5804616_01_H2,HAS_HISTORY,
PMC5804616_01_e7,PMC5804616_01,PMC5804616_01_P1,PMC5804616_01_H3,HAS_HISTORY,
PMC5804616_01_e8,PMC5804616_01,PMC5804616_01_P1,PMC5804616_01_H4,HAS_HISTORY,
PMC5804616_01_e9,PMC5804616_01,PMC5804616_01_P1,PMC5804616_01_E1,UNDERWENT_EXAM,
PMC5804616_01_e10,PMC5804616_01,PMC5804616_01_E1,PMC5804616_01_F1,REVEALS,
PMC5804616_01_e11,PMC5804616_01,PMC5804616_01_P1,PMC5804616_01_E2,UNDERWENT_EXAM,
PMC5804616_01_e12,PMC5804616_01,PMC5804616_01_E2,PMC5804616_01_R1,HAS_RESULT,
PMC5804616_01_e13,PMC5804616_01,PMC5804616_01_R1,UNIT_MMHG,HAS_UNIT,
PMC5804616_01_e14,PMC5804616_01,PMC5804616_01_P1,PMC5804616_01_E3,UNDERWENT_EXAM,
PMC5804616_01_e15,PMC5804616_01,PMC5804616_01_E3,PMC5804616_01_R2,HAS_RESULT,
PMC5804616_01_e16,PMC5804616_01,PMC5804616_01_R2,UNIT_MMHG,HAS_UNIT,
PMC5804616_01_e17,PMC5804616_01,PMC5804616_01_P1,PMC5804616_01_D2,DIAGNOSED_WITH,
PMC5804616_01_e18,PMC5804616_01,PMC5804616_01_S1,PMC5804616_01_D2,SUPPORTS,
PMC5804616_01_e19,PMC5804616_01,PMC5804616_01_P1,PMC5804616_01_E4,UNDERWENT_EXAM,
PMC5804616_01_e20,PMC5804616_01,PMC5804616_01_E4,PMC5804616_01_S1,REVEALS,
PMC5804616_01_e21,PMC5804616_01,PMC5804616_01_P1,PMC5804616_01_E5,UNDERWENT_EXAM,
PMC5804616_01_e22,PMC5804616_01,PMC5804616_01_P1,PMC5804616_01_T2,UNDERWENT_TREATMENT,
PMC5804616_01_e23,PMC5804616_01,PMC5804616_01_D2,PMC5804616_01_T2,TREATED_BY,
PMC5804616_01_e24,PMC5804616_01,PMC5804616_01_E5,PMC5804616_01_F2,CONFIRMS,
PMC5804616_01_e25,PMC5804616_01,PMC5804616_01_P1,PMC5804616_01_T3,UNDERWENT_TREATMENT,
PMC5804616_01_e26,PMC5804616_01,PMC5804616_01_D2,PMC5804616_01_T3,TREATED_BY,
PMC5804616_01_e27,PMC5804616_01,PMC5804616_01_P1,PMC5804616_01_S2,PRESENTS_WITH,
PMC5804616_01_e28,PMC5804616_01,PMC5804616_01_P1,PMC5804616_01_T4,UNDERWENT_TREATMENT,
PMC5804616_01_e29,PMC5804616_01,PMC5804616_01_D2,PMC5804616_01_T4,TREATED_BY,
PMC5804616_01_e30,PMC5804616_01,PMC5804616_01_P1,PMC5804616_01_T5,UNDERWENT_TREATMENT,
PMC5804616_01_e31,PMC5804616_01,PMC5804616_01_D2,PMC5804616_01_T5,TREATED_BY,
PMC5804616_01_e32,PMC5804616_01,PMC5804616_01_P1,PMC5804616_01_E6,UNDERWENT_EXAM,
PMC5804616_01_e33,PMC5804616_01,PMC5804616_01_P1,PMC5804616_01_E7,UNDERWENT_EXAM,
PMC5804616_01_e34,PMC5804616_01,PMC5804616_01_E7,PMC5804616_01_R3,HAS_RESULT,
PMC5804616_01_e35,PMC5804616_01,PMC5804616_01_R3,UNIT_ML,HAS_UNIT,
PMC5804616_01_e36,PMC5804616_01,PMC5804616_01_P1,PMC5804616_01_T6,UNDERWENT_TREATMENT,
PMC5804616_01_e37,PMC5804616_01,PMC5804616_01_D2,PMC5804616_01_T6,TREATED_BY,
PMC5804616_01_e38,PMC5804616_01,PMC5804616_01_P1,PMC5804616_01_E8,UNDERWENT_EXAM,
PMC5804616_01_e39,PMC5804616_01,PMC5804616_01_E8,PMC5804616_01_R4,HAS_RESULT,
PMC5804616_01_e40,PMC5804616_01,PMC5804616_01_R4,UNIT_ML,HAS_UNIT,
PMC5804616_01_e41,PMC5804616_01,PMC5804616_01_P1,PMC5804616_01_T7,UNDERWENT_TREATMENT,
PMC5804616_01_e42,PMC5804616_01,PMC5804616_01_D2,PMC5804616_01_T7,TREATED_BY,
PMC5804616_01_e43,PMC5804616_01,PMC5804616_01_E1,PMC5804616_01_R5,HAS_RESULT,
PMC5804616_01_e44,PMC5804616_01,PMC5804616_01_R5,UNIT_MMHG,HAS_UNIT,
PMC5804616_01_e45,PMC5804616_01,PMC5804616_01_E1,PMC5804616_01_R6,HAS_RESULT,
PMC5804616_01_e46,PMC5804616_01,PMC5804616_01_R6,UNIT_MMHG,HAS_UNIT,
PMC5804616_01_e47,PMC5804616_01,PMC5804616_01_P1,PMC5804616_01_D3,DIAGNOSED_WITH,
PMC5804616_01_e48,PMC5804616_01,PMC5804616_01_P1,PMC5804616_01_T8,UNDERWENT_TREATMENT,
PMC5804616_01_e49,PMC5804616_01,PMC5804616_01_D3,PMC5804616_01_T8,TREATED_BY,
PMC5804616_01_e50,PMC5804616_01,PMC5804616_01_P1,PMC5804616_01_H5,HAS_HISTORY,
PMC3897989_01_e1,PMC3897989_01,PMC3897989_01_P1,PMC3897989_01_S1,PRESENTS_WITH,
PMC3897989_01_e2,PMC3897989_01,PMC3897989_01_P1,PMC3897989_01_S2,PRESENTS_WITH,
PMC3897989_01_e3,PMC3897989_01,PMC3897989_01_P1,PMC3897989_01_S3,PRESENTS_WITH,
PMC3897989_01_e4,PMC3897989_01,PMC3897989_01_P1,PMC3897989_01_S4,PRESENTS_WITH,
PMC3897989_01_e5,PMC3897989_01,PMC3897989_01_P1,PMC3897989_01_T1,UNDERWENT_TREATMENT,
PMC3897989_01_e6,PMC3897989_01,PMC3897989_01_P1,PMC3897989_01_E1,UNDERWENT_EXAM,
PMC3897989_01_e7,PMC3897989_01,PMC3897989_01_E1,PMC3897989_01_F1,REVEALS,
PMC3897989_01_e8,PMC3897989_01,PMC3897989_01_P1,PMC3897989_01_T2,UNDERWENT_TREATMENT,
PMC3897989_01_e9,PMC3897989_01,PMC3897989_01_P1,PMC3897989_01_T3,UNDERWENT_TREATMENT,
PMC3897989_01_e10,PMC3897989_01,PMC3897989_01_P1,PMC3897989_01_T4,UNDERWENT_TREATMENT,
PMC3897989_01_e11,PMC3897989_01,PMC3897989_01_P1,PMC3897989_01_T5,UNDERWENT_TREATMENT,
PMC3897989_01_e12,PMC3897989_01,PMC3897989_01_P1,PMC3897989_01_T6,UNDERWENT_TREATMENT,
PMC3897989_01_e13,PMC3897989_01,PMC3897989_01_P1,PMC3897989_01_S5,PRESENTS_WITH,
PMC3897989_01_e14,PMC3897989_01,PMC3897989_01_P1,PMC3897989_01_E2,UNDERWENT_EXAM,
PMC3897989_01_e15,PMC3897989_01,PMC3897989_01_E2,PMC3897989_01_F2,REVEALS,
PMC3897989_01_e16,PMC3897989_01,PMC3897989_01_P1,PMC3897989_01_T7,UNDERWENT_TREATMENT,
PMC3897989_01_e17,PMC3897989_01,PMC3897989_01_P1,PMC3897989_01_E3,UNDERWENT_EXAM,
PMC3897989_01_e18,PMC3897989_01,PMC3897989_01_E3,PMC3897989_01_F3,REVEALS,
PMC3897989_01_e19,PMC3897989_01,PMC3897989_01_P1,PMC3897989_01_E4,UNDERWENT_EXAM,
PMC3897989_01_e20,PMC3897989_01,PMC3897989_01_E4,PMC3897989_01_F4,REVEALS,
PMC3897989_01_e21,PMC3897989_01,PMC3897989_01_P1,PMC3897989_01_S6,PRESENTS_WITH,
PMC3897989_01_e22,PMC3897989_01,PMC3897989_01_P1,PMC3897989_01_E5,UNDERWENT_EXAM,
PMC3897989_01_e23,PMC3897989_01,PMC3897989_01_E5,PMC3897989_01_R1,HAS_RESULT,
PMC3897989_01_e24,PMC3897989_01,PMC3897989_01_R1,UNIT_G,HAS_UNIT,
PMC3897989_01_e25,PMC3897989_01,PMC3897989_01_P1,PMC3897989_01_D1,DIAGNOSED_WITH,
PMC3897989_01_e26,PMC3897989_01,PMC3897989_01_P1,PMC3897989_01_T8,UNDERWENT_TREATMENT,
PMC3897989_01_e27,PMC3897989_01,PMC3897989_01_D1,PMC3897989_01_T8,TREATED_BY,
PMC3897989_01_e28,PMC3897989_01,PMC3897989_01_P1,PMC3897989_01_T9,UNDERWENT_TREATMENT,
PMC3897989_01_e29,PMC3897989_01,PMC3897989_01_D1,PMC3897989_01_T9,TREATED_BY,
PMC3897989_01_e30,PMC3897989_01,PMC3897989_01_P1,PMC3897989_01_S7,PRESENTS_WITH,
PMC3897989_01_e31,PMC3897989_01,PMC3897989_01_P1,PMC3897989_01_E6,UNDERWENT_EXAM,
PMC3897989_01_e32,PMC3897989_01,PMC3897989_01_E6,PMC3897989_01_S7,REVEALS,
PMC3897989_01_e33,PMC3897989_01,PMC3897989_01_P1,PMC3897989_01_E7,UNDERWENT_EXAM,
PMC3897989_01_e34,PMC3897989_01,PMC3897989_01_E7,PMC3897989_01_R2,HAS_RESULT,
PMC3897989_01_e35,PMC3897989_01,PMC3897989_01_R2,UNIT_MG,HAS_UNIT,
PMC3897989_01_e36,PMC3897989_01,PMC3897989_01_P1,PMC3897989_01_T10,UNDERWENT_TREATMENT,
PMC3897989_01_e37,PMC3897989_01,PMC3897989_01_D1,PMC3897989_01_T10,TREATED_BY,
PMC3897989_01_e38,PMC3897989_01,PMC3897989_01_P1,PMC3897989_01_S8,PRESENTS_WITH,
PMC3897989_01_e39,PMC3897989_01,PMC3897989_01_P1,PMC3897989_01_S9,PRESENTS_WITH,
PMC3897989_01_e40,PMC3897989_01,PMC3897989_01_P1,PMC3897989_01_S10,PRESENTS_WITH,
PMC3897989_01_e41,PMC3897989_01,PMC3897989_01_P1,PMC3897989_01_D2,DIAGNOSED_WITH,
PMC3897989_01_e42,PMC3897989_01,PMC3897989_01_P1,PMC3897989_01_T11,UNDERWENT_TREATMENT,
PMC3897989_01_e43,PMC3897989_01,PMC3897989_01_D2,PMC3897989_01_T11,TREATED_BY,
PMC3897989_01_e44,PMC3897989_01,PMC3897989_01_E6,PMC3897989_01_F5,REVEALS,
PMC3897989_01_e45,PMC3897989_01,PMC3897989_01_P1,PMC3897989_01_S11,PRESENTS_WITH,
PMC3897989_01_e46,PMC3897989_01,PMC3897989_01_P1,PMC3897989_01_T12,UNDERWENT_TREATMENT,
PMC3897989_01_e47,PMC3897989_01,PMC3897989_01_D2,PMC3897989_01_T12,TREATED_BY,
PMC3897989_01_e48,PMC3897989_01,PMC3897989_01_P1,PMC3897989_01_T13,UNDERWENT_TREATMENT,
PMC3897989_01_e49,PMC3897989_01,PMC3897989_01_D2,PMC3897989_01_T13,TREATED_BY,
PMC2817501_01_e1,PMC2817501_01,PMC2817501_01_P1,PMC2817501_01_S1,PRESENTS_WITH,
PMC2817501_01_e2,PMC2817501_01,PMC2817501_01_P1,PMC2817501_01_S2,PRESENTS_WITH,
PMC2817501_01_e3,PMC2817501_01,PMC2817501_01_P1,PMC2817501_01_E1,UNDERWENT_EXAM,
PMC2817501_01_e4,PMC2817501_01,PMC2817501_01_E1,PMC2817501_01_S2,REVEALS,
PMC2817501_01_e5,PMC2817501_01,PMC2817501_01_P1,PMC2817501_01_E2,UNDERWENT_EXAM,
PMC2817501_01_e6,PMC2817501_01,PMC2817501_01_E2,PMC2817501_01_R1,HAS_RESULT,
PMC2817501_01_e7,PMC2817501_01,PMC2817501_01_R1,UNIT_MMHG,HAS_UNIT,
PMC2817501_01_e8,PMC2817501_01,PMC2817501_01_P1,PMC2817501_01_E3,UNDERWENT_EXAM,
PMC2817501_01_e9,PMC2817501_01,PMC2817501_01_E3,PMC2817501_01_F1,REVEALS,
PMC2817501_01_e10,PMC2817501_01,PMC2817501_01_P1,PMC2817501_01_S3,PRESENTS_WITH,
PMC2817501_01_e11,PMC2817501_01,PMC2817501_01_P1,PMC2817501_01_E4,UNDERWENT_EXAM,
PMC2817501_01_e12,PMC2817501_01,PMC2817501_01_E4,PMC2817501_01_S3,REVEALS,
PMC2817501_01_e13,PMC2817501_01,PMC2817501_01_P1,PMC2817501_01_S4,PRESENTS_WITH,
PMC2817501_01_e14,PMC2817501_01,PMC2817501_01_P1,PMC2817501_01_E5,UNDERWENT_EXAM,
PMC2817501_01_e15,PMC2817501_01,PMC2817501_01_E5,PMC2817501_01_F2,REVEALS,
PMC2817501_01_e16,PMC2817501_01,PMC2817501_01_P1,PMC2817501_01_E6,UNDERWENT_EXAM,
PMC2817501_01_e17,PMC2817501_01,PMC2817501_01_P1,PMC2817501_01_E7,UNDERWENT_EXAM,
PMC2817501_01_e18,PMC2817501_01,PMC2817501_01_E7,PMC2817501_01_F3,REVEALS,
PMC2817501_01_e19,PMC2817501_01,PMC2817501_01_P1,PMC2817501_01_S5,PRESENTS_WITH,
PMC11131390_01_e1,PMC11131390_01,PMC11131390_01_P1,PMC11131390_01_S1,PRESENTS_WITH,
PMC11131390_01_e2,PMC11131390_01,PMC11131390_01_P1,PMC11131390_01_D1,DIAGNOSED_WITH,
PMC11131390_01_e3,PMC11131390_01,PMC11131390_01_P1,PMC11131390_01_E1,UNDERWENT_EXAM,
PMC11131390_01_e4,PMC11131390_01,PMC11131390_01_P1,PMC11131390_01_D2,DIAGNOSED_WITH,
PMC11131390_01_e5,PMC11131390_01,PMC11131390_01_P1,PMC11131390_01_S2,PRESENTS_WITH,
PMC11131390_01_e6,PMC11131390_01,PMC11131390_01_S2,PMC11131390_01_D2,SUPPORTS,
PMC11131390_01_e7,PMC11131390_01,PMC11131390_01_P1,PMC11131390_01_T1,UNDERWENT_TREATMENT,
PMC11131390_01_e8,PMC11131390_01,PMC11131390_01_D2,PMC11131390_01_T1,TREATED_BY,
PMC11131390_01_e9,PMC11131390_01,PMC11131390_01_P1,PMC11131390_01_E2,UNDERWENT_EXAM,
PMC11131390_01_e10,PMC11131390_01,PMC11131390_01_E2,PMC11131390_01_R1,HAS_RESULT,
PMC11131390_01_e11,PMC11131390_01,PMC11131390_01_R1,UNIT_IU,HAS_UNIT,
PMC11131390_01_e12,PMC11131390_01,PMC11131390_01_E2,PMC11131390_01_R2,HAS_RESULT,
PMC11131390_01_e13,PMC11131390_01,PMC11131390_01_R2,UNIT_IU,HAS_UNIT,
PMC11131390_01_e14,PMC11131390_01,PMC11131390_01_P1,PMC11131390_01_T2,UNDERWENT_TREATMENT,
PMC11131390_01_e15,PMC11131390_01,PMC11131390_01_D2,PMC11131390_01_T2,TREATED_BY,
PMC11131390_01_e16,PMC11131390_01,PMC11131390_01_P1,PMC11131390_01_E3,UNDERWENT_EXAM,
PMC11131390_01_e17,PMC11131390_01,PMC11131390_01_E3,PMC11131390_01_R3,HAS_RESULT,
PMC11131390_01_e18,PMC11131390_01,PMC11131390_01_R3,UNIT_MG,HAS_UNIT,
PMC11131390_01_e19,PMC11131390_01,PMC11131390_01_P1,PMC11131390_01_S3,PRESENTS_WITH,
PMC11131390_01_e20,PMC11131390_01,PMC11131390_01_P1,PMC11131390_01_D3,DIAGNOSED_WITH,
PMC11131390_01_e21,PMC11131390_01,PMC11131390_01_S3,PMC11131390_01_D3,SUPPORTS,
PMC11131390_01_e22,PMC11131390_01,PMC11131390_01_P1,PMC11131390_01_S4,PRESENTS_WITH,
PMC11131390_01_e23,PMC11131390_01,PMC11131390_01_P1,PMC11131390_01_T3,UNDERWENT_TREATMENT,
PMC11131390_01_e24,PMC11131390_01,PMC11131390_01_D3,PMC11131390_01_T3,TREATED_BY,
PMC10521634_01_e1,PMC10521634_01,PMC10521634_01_P1,PMC10521634_01_S1,PRESENTS_WITH,
PMC10521634_01_e2,PMC10521634_01,PMC10521634_01_P1,PMC10521634_01_E1,UNDERWENT_EXAM,
PMC10521634_01_e3,PMC10521634_01,PMC10521634_01_E1,PMC10521634_01_R1,HAS_RESULT,
PMC10521634_01_e4,PMC10521634_01,PMC10521634_01_R1,UNIT_G,HAS_UNIT,
PMC10521634_01_e5,PMC10521634_01,PMC10521634_01_P1,PMC10521634_01_S2,PRESENTS_WITH,
PMC10521634_01_e6,PMC10521634_01,PMC10521634_01_P1,PMC10521634_01_S3,PRESENTS_WITH,
PMC10521634_01_e7,PMC10521634_01,PMC10521634_01_P1,PMC10521634_01_S4,PRESENTS_WITH,
PMC10521634_01_e8,PMC10521634_01,PMC10521634_01_P1,PMC10521634_01_D1,DIAGNOSED_WITH,
PMC10521634_01_e9,PMC10521634_01,PMC10521634_01_S2,PMC10521634_01_D1,SUPPORTS,
PMC10521634_01_e10,PMC10521634_01,PMC10521634_01_S3,PMC10521634_01_D1,SUPPORTS,
PMC10521634_01_e11,PMC10521634_01,PMC10521634_01_S4,PMC10521634_01_D1,SUPPORTS,
PMC10521634_01_e12,PMC10521634_01,PMC10521634_01_P1,PMC10521634_01_D2,DIAGNOSED_WITH,
PMC10521634_01_e13,PMC10521634_01,PMC10521634_01_P1,PMC10521634_01_E2,UNDERWENT_EXAM,
PMC10521634_01_e14,PMC10521634_01,PMC10521634_01_E2,PMC10521634_01_D2,REVEALS,
PMC10521634_01_e15,PMC10521634_01,PMC10521634_01_P1,PMC10521634_01_E3,UNDERWENT_EXAM,
PMC10521634_01_e16,PMC10521634_01,PMC10521634_01_E3,PMC10521634_01_F1,REVEALS,
PMC10521634_01_e17,PMC10521634_01,PMC10521634_01_P1,PMC10521634_01_D3,DIAGNOSED_WITH,
PMC10521634_01_e18,PMC10521634_01,PMC10521634_01_P1,PMC10521634_01_D4,DIAGNOSED_WITH,
PMC10521634_01_e19,PMC10521634_01,PMC10521634_01_P1,PMC10521634_01_T1,UNDERWENT_TREATMENT,
PMC10521634_01_e20,PMC10521634_01,PMC10521634_01_D4,PMC10521634_01_T1,TREATED_BY,
PMC10521634_01_e21,PMC10521634_01,PMC10521634_01_P1,PMC10521634_01_D5,DIAGNOSED_WITH,
PMC10521634_01_e22,PMC10521634_01,PMC10521634_01_P1,PMC10521634_01_S5,PRESENTS_WITH,
PMC10521634_01_e23,PMC10521634_01,PMC10521634_01_P1,PMC10521634_01_S6,PRESENTS_WITH,
PMC10521634_01_e24,PMC10521634_01,PMC10521634_01_P1,PMC10521634_01_S7,PRESENTS_WITH,
PMC10521634_01_e25,PMC10521634_01,PMC10521634_01_P1,PMC10521634_01_S8,PRESENTS_WITH,
PMC10521634_01_e26,PMC10521634_01,PMC10521634_01_P1,PMC10521634_01_E4,UNDERWENT_EXAM,
PMC10521634_01_e27,PMC10521634_01,PMC10521634_01_E4,PMC10521634_01_R2,HAS_RESULT,
PMC10521634_01_e28,PMC10521634_01,PMC10521634_01_R2,UNIT_MG,HAS_UNIT,
PMC10521634_01_e29,PMC10521634_01,PMC10521634_01_R2,PMC10521634_01_D5,SUPPORTS,
PMC10521634_01_e30,PMC10521634_01,PMC10521634_01_P1,PMC10521634_01_D6,DIAGNOSED_WITH,
PMC10521634_01_e31,PMC10521634_01,PMC10521634_01_P1,PMC10521634_01_T2,UNDERWENT_TREATMENT,
PMC10521634_01_e32,PMC10521634_01,PMC10521634_01_D6,PMC10521634_01_T2,TREATED_BY,
PMC10521634_01_e33,PMC10521634_01,PMC10521634_01_P1,PMC10521634_01_S9,PRESENTS_WITH,
PMC10521634_01_e34,PMC10521634_01,PMC10521634_01_P1,PMC10521634_01_E5,UNDERWENT_EXAM,
PMC10521634_01_e35,PMC10521634_01,PMC10521634_01_E5,PMC10521634_01_S7,REVEALS,
PMC10521634_01_e36,PMC10521634_01,PMC10521634_01_P1,PMC10521634_01_E6,UNDERWENT_EXAM,
PMC10521634_01_e37,PMC10521634_01,PMC10521634_01_E6,PMC10521634_01_R3,HAS_RESULT,
PMC10521634_01_e38,PMC10521634_01,PMC10521634_01_R3,UNIT_MG,HAS_UNIT,
PMC10710131_01_e1,PMC10710131_01,PMC10710131_01_P1,PMC10710131_01_T1,UNDERWENT_TREATMENT,
PMC10710131_01_e2,PMC10710131_01,PMC10710131_01_P1,PMC10710131_01_T2,UNDERWENT_TREATMENT,
PMC10710131_01_e3,PMC10710131_01,PMC10710131_01_P1,PMC10710131_01_D1,DIAGNOSED_WITH,
PMC10488652_01_e1,PMC10488652_01,PMC10488652_01_P1,PMC10488652_01_S1,PRESENTS_WITH,
PMC10488652_01_e2,PMC10488652_01,PMC10488652_01_P1,PMC10488652_01_S2,PRESENTS_WITH,
PMC10488652_01_e3,PMC10488652_01,PMC10488652_01_P1,PMC10488652_01_S3,PRESENTS_WITH,
PMC10488652_01_e4,PMC10488652_01,PMC10488652_01_P1,PMC10488652_01_S4,PRESENTS_WITH,
PMC10488652_01_e5,PMC10488652_01,PMC10488652_01_P1,PMC10488652_01_S5,PRESENTS_WITH,
PMC10488652_01_e6,PMC10488652_01,PMC10488652_01_P1,PMC10488652_01_D1,DIAGNOSED_WITH,
PMC10488652_01_e7,PMC10488652_01,PMC10488652_01_P1,PMC10488652_01_S6,PRESENTS_WITH,
PMC10488652_01_e8,PMC10488652_01,PMC10488652_01_S5,PMC10488652_01_D1,SUPPORTS,
PMC10488652_01_e9,PMC10488652_01,PMC10488652_01_S6,PMC10488652_01_D1,SUPPORTS,
PMC10488652_01_e10,PMC10488652_01,PMC10488652_01_P1,PMC10488652_01_E1,UNDERWENT_EXAM,
PMC10488652_01_e11,PMC10488652_01,PMC10488652_01_P1,PMC10488652_01_T1,UNDERWENT_TREATMENT,
PMC10488652_01_e12,PMC10488652_01,PMC10488652_01_D1,PMC10488652_01_T1,TREATED_BY,
PMC10488652_01_e13,PMC10488652_01,PMC10488652_01_P1,PMC10488652_01_S7,PRESENTS_WITH,
PMC10488652_01_e14,PMC10488652_01,PMC10488652_01_P1,PMC10488652_01_D2,DIAGNOSED_WITH,
PMC10488652_01_e15,PMC10488652_01,PMC10488652_01_S7,PMC10488652_01_D2,SUPPORTS,
PMC10488652_01_e16,PMC10488652_01,PMC10488652_01_P1,PMC10488652_01_E2,UNDERWENT_EXAM,
PMC10488652_01_e17,PMC10488652_01,PMC10488652_01_P1,PMC10488652_01_D3,DIAGNOSED_WITH,
PMC10488652_01_e18,PMC10488652_01,PMC10488652_01_P1,PMC10488652_01_S8,PRESENTS_WITH,
PMC10488652_01_e19,PMC10488652_01,PMC10488652_01_S8,PMC10488652_01_D3,SUPPORTS,
PMC10488652_01_e20,PMC10488652_01,PMC10488652_01_P1,PMC10488652_01_E3,UNDERWENT_EXAM,
PMC10488652_01_e21,PMC10488652_01,PMC10488652_01_E3,PMC10488652_01_F1,CONFIRMS,
PMC10488652_01_e22,PMC10488652_01,PMC10488652_01_P1,PMC10488652_01_T2,UNDERWENT_TREATMENT,
PMC10488652_01_e23,PMC10488652_01,PMC10488652_01_D3,PMC10488652_01_T2,TREATED_BY,
PMC10488652_01_e24,PMC10488652_01,PMC10488652_01_P1,PMC10488652_01_D4,DIAGNOSED_WITH,
PMC10488652_01_e25,PMC10488652_01,PMC10488652_01_P1,PMC10488652_01_E4,UNDERWENT_EXAM,
PMC10488652_01_e26,PMC10488652_01,PMC10488652_01_E4,PMC10488652_01_R1,HAS_RESULT,
PMC10488652_01_e27,PMC10488652_01,PMC10488652_01_R1,UNIT_MG,HAS_UNIT,
PMC10488652_01_e28,PMC10488652_01,PMC10488652_01_P1,PMC10488652_01_E5,UNDERWENT_EXAM,
PMC10488652_01_e29,PMC10488652_01,PMC10488652_01_E5,PMC10488652_01_R2,HAS_RESULT,
PMC10488652_01_e30,PMC10488652_01,PMC10488652_01_R2,UNIT_MG,HAS_UNIT,
PMC10488652_01_e31,PMC10488652_01,PMC10488652_01_P1,PMC10488652_01_E6,UNDERWENT_EXAM,
PMC10488652_01_e32,PMC10488652_01,PMC10488652_01_E6,PMC10488652_01_R3,HAS_RESULT,
PMC10488652_01_e33,PMC10488652_01,PMC10488652_01_R3,UNIT_MG,HAS_UNIT,
PMC10488652_01_e34,PMC10488652_01,PMC10488652_01_E5,PMC10488652_01_R4,HAS_RESULT,
PMC10488652_01_e35,PMC10488652_01,PMC10488652_01_R4,UNIT_MG,HAS_UNIT,
PMC10488652_01_e36,PMC10488652_01,PMC10488652_01_P1,PMC10488652_01_E7,UNDERWENT_EXAM,
PMC10488652_01_e37,PMC10488652_01,PMC10488652_01_E7,PMC10488652_01_R5,HAS_RESULT,
PMC10488652_01_e38,PMC10488652_01,PMC10488652_01_R5,UNIT_MG,HAS_UNIT,
PMC10488652_01_e39,PMC10488652_01,PMC10488652_01_P1,PMC10488652_01_S9,PRESENTS_WITH,
PMC11420039_01_e1,PMC11420039_01,PMC11420039_01_P1,PMC11420039_01_D1,DIAGNOSED_WITH,
PMC11420039_01_e2,PMC11420039_01,PMC11420039_01_P1,PMC11420039_01_T1,UNDERWENT_TREATMENT,
PMC11420039_01_e3,PMC11420039_01,PMC11420039_01_D1,PMC11420039_01_T1,TREATED_BY,
PMC11420039_01_e4,PMC11420039_01,PMC11420039_01_P1,PMC11420039_01_E1,UNDERWENT_EXAM,
PMC11420039_01_e5,PMC11420039_01,PMC11420039_01_P1,PMC11420039_01_E2,UNDERWENT_EXAM,
PMC11420039_01_e6,PMC11420039_01,PMC11420039_01_E2,PMC11420039_01_F1,CONFIRMS,
PMC11420039_01_e7,PMC11420039_01,PMC11420039_01_P1,PMC11420039_01_T2,UNDERWENT_TREATMENT,
PMC11420039_01_e8,PMC11420039_01,PMC11420039_01_D1,PMC11420039_01_T2,TREATED_BY,
PMC11420039_01_e9,PMC11420039_01,PMC11420039_01_P1,PMC11420039_01_T3,UNDERWENT_TREATMENT,
PMC11420039_01_e10,PMC11420039_01,PMC11420039_01_D1,PMC11420039_01_T3,TREATED_BY,
PMC11420039_01_e11,PMC11420039_01,PMC11420039_01_P1,PMC11420039_01_T4,UNDERWENT_TREATMENT,
PMC11420039_01_e12,PMC11420039_01,PMC11420039_01_D1,PMC11420039_01_T4,TREATED_BY,
PMC11420039_01_e13,PMC11420039_01,PMC11420039_01_P1,PMC11420039_01_T5,UNDERWENT_TREATMENT,
PMC11420039_01_e14,PMC11420039_01,PMC11420039_01_D1,PMC11420039_01_T5,TREATED_BY,
PMC11420039_01_e15,PMC11420039_01,PMC11420039_01_P1,PMC11420039_01_S1,PRESENTS_WITH,
PMC11420039_01_e16,PMC11420039_01,PMC11420039_01_P1,PMC11420039_01_S2,PRESENTS_WITH,
PMC11420039_01_e17,PMC11420039_01,PMC11420039_01_P1,PMC11420039_01_D2,DIAGNOSED_WITH,
PMC11420039_01_e18,PMC11420039_01,PMC11420039_01_P1,PMC11420039_01_T6,UNDERWENT_TREATMENT,
PMC11420039_01_e19,PMC11420039_01,PMC11420039_01_D2,PMC11420039_01_T6,TREATED_BY,
PMC11420039_01_e20,PMC11420039_01,PMC11420039_01_P1,PMC11420039_01_S3,PRESENTS_WITH,
PMC11420039_01_e21,PMC11420039_01,PMC11420039_01_P1,PMC11420039_01_T7,UNDERWENT_TREATMENT,
PMC11420039_01_e22,PMC11420039_01,PMC11420039_01_D2,PMC11420039_01_T7,TREATED_BY,
PMC11420039_01_e23,PMC11420039_01,PMC11420039_01_P1,PMC11420039_01_D3,DIAGNOSED_WITH,
PMC11420039_01_e24,PMC11420039_01,PMC11420039_01_P1,PMC11420039_01_T8,UNDERWENT_TREATMENT,
PMC11420039_01_e25,PMC11420039_01,PMC11420039_01_D3,PMC11420039_01_T8,TREATED_BY,
PMC11420039_01_e26,PMC11420039_01,PMC11420039_01_P1,PMC11420039_01_T9,UNDERWENT_TREATMENT,
PMC11420039_01_e27,PMC11420039_01,PMC11420039_01_D3,PMC11420039_01_T9,TREATED_BY,
PMC11420039_01_e28,PMC11420039_01,PMC11420039_01_P1,PMC11420039_01_T10,UNDERWENT_TREATMENT,
PMC11420039_01_e29,PMC11420039_01,PMC11420039_01_D3,PMC11420039_01_T10,TREATED_BY,
PMC11259348_01_e1,PMC11259348_01,PMC11259348_01_P1,PMC11259348_01_S1,PRESENTS_WITH,
PMC11259348_01_e2,PMC11259348_01,PMC11259348_01_P1,PMC11259348_01_E1,UNDERWENT_EXAM,
PMC11259348_01_e3,PMC11259348_01,PMC11259348_01_P1,PMC11259348_01_T1,UNDERWENT_TREATMENT,
PMC11259348_01_e4,PMC11259348_01,PMC11259348_01_P1,PMC11259348_01_S2,PRESENTS_WITH,
PMC11259348_02_e1,PMC11259348_02,PMC11259348_02_P1,PMC11259348_02_D1,DIAGNOSED_WITH,
PMC11259348_02_e2,PMC11259348_02,PMC11259348_02_P1,PMC11259348_02_S1,PRESENTS_WITH,
PMC11259348_02_e3,PMC11259348_02,PMC11259348_02_P1,PMC11259348_02_E1,UNDERWENT_EXAM,
PMC11259348_02_e4,PMC11259348_02,PMC11259348_02_P1,PMC11259348_02_T1,UNDERWENT_TREATMENT,
PMC11259348_02_e5,PMC11259348_02,PMC11259348_02_D1,PMC11259348_02_T1,TREATED_BY,
PMC11259348_02_e6,PMC11259348_02,PMC11259348_02_P1,PMC11259348_02_T2,UNDERWENT_TREATMENT,
PMC11259348_02_e7,PMC11259348_02,PMC11259348_02_D1,PMC11259348_02_T2,TREATED_BY,
PMC11259348_02_e8,PMC11259348_02,PMC11259348_02_P1,PMC11259348_02_T3,UNDERWENT_TREATMENT,
PMC11259348_02_e9,PMC11259348_02,PMC11259348_02_D1,PMC11259348_02_T3,TREATED_BY,
PMC11368112_01_e1,PMC11368112_01,PMC11368112_01_P1,PMC11368112_01_H1,HAS_HISTORY,
PMC11368112_01_e2,PMC11368112_01,PMC11368112_01_P1,PMC11368112_01_D1,DIAGNOSED_WITH,
PMC11368112_01_e3,PMC11368112_01,PMC11368112_01_P1,PMC11368112_01_D2,DIAGNOSED_WITH,
PMC11368112_01_e4,PMC11368112_01,PMC11368112_01_P1,PMC11368112_01_S1,PRESENTS_WITH,
PMC11368112_01_e5,PMC11368112_01,PMC11368112_01_P1,PMC11368112_01_S2,PRESENTS_WITH,
PMC11368112_01_e6,PMC11368112_01,PMC11368112_01_P1,PMC11368112_01_S3,PRESENTS_WITH,
PMC11368112_01_e7,PMC11368112_01,PMC11368112_01_P1,PMC11368112_01_E1,UNDERWENT_EXAM,
PMC11368112_01_e8,PMC11368112_01,PMC11368112_01_E1,PMC11368112_01_F1,REVEALS,
PMC11368112_01_e9,PMC11368112_01,PMC11368112_01_P1,PMC11368112_01_D3,DIAGNOSED_WITH,
PMC11368112_01_e10,PMC11368112_01,PMC11368112_01_P1,PMC11368112_01_S4,PRESENTS_WITH,
PMC11368112_01_e11,PMC11368112_01,PMC11368112_01_P1,PMC11368112_01_D4,DIAGNOSED_WITH,
PMC11368112_01_e12,PMC11368112_01,PMC11368112_01_P1,PMC11368112_01_D5,DIAGNOSED_WITH,
PMC11368112_01_e13,PMC11368112_01,PMC11368112_01_P1,PMC11368112_01_T1,UNDERWENT_TREATMENT,
PMC11368112_01_e14,PMC11368112_01,PMC11368112_01_D5,PMC11368112_01_T1,TREATED_BY,
PMC11368112_01_e15,PMC11368112_01,PMC11368112_01_P1,PMC11368112_01_T2,UNDERWENT_TREATMENT,
PMC11368112_01_e16,PMC11368112_01,PMC11368112_01_D5,PMC11368112_01_T2,TREATED_BY,
PMC11368112_01_e17,PMC11368112_01,PMC11368112_01_P1,PMC11368112_01_T3,UNDERWENT_TREATMENT,
PMC11368112_01_e18,PMC11368112_01,PMC11368112_01_D5,PMC11368112_01_T3,TREATED_BY,
PMC11368112_01_e19,PMC11368112_01,PMC11368112_01_P1,PMC11368112_01_D6,DIAGNOSED_WITH,
PMC11368112_01_e20,PMC11368112_01,PMC11368112_01_E1,PMC11368112_01_F2,REVEALS,
PMC11368112_01_e21,PMC11368112_01,PMC11368112_01_P1,PMC11368112_01_E2,UNDERWENT_EXAM,
PMC11368112_01_e22,PMC11368112_01,PMC11368112_01_E2,PMC11368112_01_F3,REVEALS,
PMC11368112_01_e23,PMC11368112_01,PMC11368112_01_P1,PMC11368112_01_S5,PRESENTS_WITH,
PMC11368112_01_e24,PMC11368112_01,PMC11368112_01_P1,PMC11368112_01_E3,UNDERWENT_EXAM,
PMC11368112_01_e25,PMC11368112_01,PMC11368112_01_P1,PMC11368112_01_T4,UNDERWENT_TREATMENT,
PMC11368112_01_e26,PMC11368112_01,PMC11368112_01_D6,PMC11368112_01_T4,TREATED_BY,
PMC11368112_01_e27,PMC11368112_01,PMC11368112_01_P1,PMC11368112_01_E4,UNDERWENT_EXAM,
PMC11368112_01_e28,PMC11368112_01,PMC11368112_01_E4,PMC11368112_01_R1,HAS_RESULT,
PMC11368112_01_e29,PMC11368112_01,PMC11368112_01_R1,UNIT_MG,HAS_UNIT,
PMC11368112_01_e30,PMC11368112_01,PMC11368112_01_P1,PMC11368112_01_E5,UNDERWENT_EXAM,
PMC11368112_01_e31,PMC11368112_01,PMC11368112_01_E5,PMC11368112_01_R2,HAS_RESULT,
PMC11368112_01_e32,PMC11368112_01,PMC11368112_01_R2,UNIT_MG,HAS_UNIT,
PMC11368112_01_e33,PMC11368112_01,PMC11368112_01_P1,PMC11368112_01_E6,UNDERWENT_EXAM,
PMC11345641_01_e1,PMC11345641_01,PMC11345641_01_P1,PMC11345641_01_D1,DIAGNOSED_WITH,
PMC11345641_01_e2,PMC11345641_01,PMC11345641_01_P1,PMC11345641_01_E1,UNDERWENT_EXAM,
PMC11345641_01_e3,PMC11345641_01,PMC11345641_01_P1,PMC11345641_01_S1,PRESENTS_WITH,
PMC11345641_01_e4,PMC11345641_01,PMC11345641_01_P1,PMC11345641_01_T1,UNDERWENT_TREATMENT,
PMC11345641_01_e5,PMC11345641_01,PMC11345641_01_D1,PMC11345641_01_T1,TREATED_BY,
PMC11345641_01_e6,PMC11345641_01,PMC11345641_01_P1,PMC11345641_01_T2,UNDERWENT_TREATMENT,
PMC11345641_01_e7,PMC11345641_01,PMC11345641_01_D1,PMC11345641_01_T2,TREATED_BY,
PMC11345641_01_e8,PMC11345641_01,PMC11345641_01_P1,PMC11345641_01_T3,UNDERWENT_TREATMENT,
PMC11345641_01_e9,PMC11345641_01,PMC11345641_01_D1,PMC11345641_01_T3,TREATED_BY,
PMC11345641_01_e10,PMC11345641_01,PMC11345641_01_P1,PMC11345641_01_E2,UNDERWENT_EXAM,
PMC11345641_01_e11,PMC11345641_01,PMC11345641_01_E2,PMC11345641_01_F1,REVEALS,
PMC11345641_01_e12,PMC11345641_01,PMC11345641_01_E1,PMC11345641_01_F2,REVEALS,
PMC11345641_01_e13,PMC11345641_01,PMC11345641_01_P1,PMC11345641_01_E3,UNDERWENT_EXAM,
PMC11345641_01_e14,PMC11345641_01,PMC11345641_01_E3,PMC11345641_01_F3,REVEALS,
PMC11345641_01_e15,PMC11345641_01,PMC11345641_01_P1,PMC11345641_01_D2,DIAGNOSED_WITH,
PMC11345641_01_e16,PMC11345641_01,PMC11345641_01_P1,PMC11345641_01_D3,DIAGNOSED_WITH,
PMC11723754_01_e1,PMC11723754_01,PMC11723754_01_P1,PMC11723754_01_D1,DIAGNOSED_WITH,
PMC11723754_01_e2,PMC11723754_01,PMC11723754_01_P1,PMC11723754_01_D2,DIAGNOSED_WITH,
PMC11723754_01_e3,PMC11723754_01,PMC11723754_01_P1,PMC11723754_01_E1,UNDERWENT_EXAM,
PMC11723754_01_e4,PMC11723754_01,PMC11723754_01_P1,PMC11723754_01_E2,UNDERWENT_EXAM,
PMC11723754_01_e5,PMC11723754_01,PMC11723754_01_P1,PMC11723754_01_T1,UNDERWENT_TREATMENT,
PMC11723754_01_e6,PMC11723754_01,PMC11723754_01_D2,PMC11723754_01_T1,TREATED_BY,
PMC11723754_01_e7,PMC11723754_01,PMC11723754_01_P1,PMC11723754_01_S1,PRESENTS_WITH,
PMC11723754_01_e8,PMC11723754_01,PMC11723754_01_P1,PMC11723754_01_T2,UNDERWENT_TREATMENT,
PMC11723754_01_e9,PMC11723754_01,PMC11723754_01_D2,PMC11723754_01_T2,TREATED_BY,
PMC11723754_01_e10,PMC11723754_01,PMC11723754_01_P1,PMC11723754_01_T3,UNDERWENT_TREATMENT,
PMC11723754_01_e11,PMC11723754_01,PMC11723754_01_D2,PMC11723754_01_T3,TREATED_BY,
PMC11723754_01_e12,PMC11723754_01,PMC11723754_01_P1,PMC11723754_01_S2,PRESENTS_WITH,
PMC11723754_01_e13,PMC11723754_01,PMC11723754_01_P1,PMC11723754_01_S3,PRESENTS_WITH,
PMC11723754_01_e14,PMC11723754_01,PMC11723754_01_P1,PMC11723754_01_E3,UNDERWENT_EXAM,
PMC11783470_01_e1,PMC11783470_01,PMC11783470_01_P1,PMC11783470_01_S1,PRESENTS_WITH,
PMC11783470_01_e2,PMC11783470_01,PMC11783470_01_P1,PMC11783470_01_S2,PRESENTS_WITH,
PMC11783470_01_e3,PMC11783470_01,PMC11783470_01_P1,PMC11783470_01_S3,PRESENTS_WITH,
PMC11783470_01_e4,PMC11783470_01,PMC11783470_01_P1,PMC11783470_01_S4,PRESENTS_WITH,
PMC11783470_01_e5,PMC11783470_01,PMC11783470_01_P1,PMC11783470_01_S5,PRESENTS_WITH,
PMC11783470_01_e6,PMC11783470_01,PMC11783470_01_P1,PMC11783470_01_S6,PRESENTS_WITH,
PMC11783470_01_e7,PMC11783470_01,PMC11783470_01_P1,PMC11783470_01_S7,PRESENTS_WITH,
PMC11783470_01_e8,PMC11783470_01,PMC11783470_01_P1,PMC11783470_01_S8,PRESENTS_WITH,
PMC11783470_01_e9,PMC11783470_01,PMC11783470_01_P1,PMC11783470_01_S9,PRESENTS_WITH,
PMC11783470_01_e10,PMC11783470_01,PMC11783470_01_P1,PMC11783470_01_S10,PRESENTS_WITH,
PMC11783470_01_e11,PMC11783470_01,PMC11783470_01_P1,PMC11783470_01_E1,UNDERWENT_EXAM,
PMC11783470_01_e12,PMC11783470_01,PMC11783470_01_P1,PMC11783470_01_T1,UNDERWENT_TREATMENT,
PMC11783470_01_e13,PMC11783470_01,PMC11783470_01_P1,PMC11783470_01_E2,UNDERWENT_EXAM,
PMC11783470_01_e14,PMC11783470_01,PMC11783470_01_E2,PMC11783470_01_R1,HAS_RESULT,
PMC11783470_01_e15,PMC11783470_01,PMC11783470_01_R1,UNIT_MCG,HAS_UNIT,
PMC11783470_01_e16,PMC11783470_01,PMC11783470_01_P1,PMC11783470_01_T2,UNDERWENT_TREATMENT,
PMC11783470_01_e17,PMC11783470_01,PMC11783470_01_P1,PMC11783470_01_E3,UNDERWENT_EXAM,
PMC11783470_01_e18,PMC11783470_01,PMC11783470_01_P1,PMC11783470_01_E4,UNDERWENT_EXAM,
PMC11783470_01_e19,PMC11783470_01,PMC11783470_01_P1,PMC11783470_01_E5,UNDERWENT_EXAM,
PMC11783470_01_e20,PMC11783470_01,PMC11783470_01_E5,PMC11783470_01_F1,REVEALS,
PMC11783470_01_e21,PMC11783470_01,PMC11783470_01_P1,PMC11783470_01_D1,DIAGNOSED_WITH,
PMC11783470_01_e22,PMC11783470_01,PMC11783470_01_P1,PMC11783470_01_D2,DIAGNOSED_WITH,
PMC11783470_01_e23,PMC11783470_01,PMC11783470_01_S1,PMC11783470_01_D2,SUPPORTS,
PMC11783470_01_e24,PMC11783470_01,PMC11783470_01_P1,PMC11783470_01_E6,UNDERWENT_EXAM,
PMC11783470_01_e25,PMC11783470_01,PMC11783470_01_P1,PMC11783470_01_E7,UNDERWENT_EXAM,
PMC11783470_01_e26,PMC11783470_01,PMC11783470_01_P1,PMC11783470_01_S11,PRESENTS_WITH,
PMC11722600_01_e1,PMC11722600_01,PMC11722600_01_P1,PMC11722600_01_H1,HAS_HISTORY,
PMC11722600_01_e2,PMC11722600_01,PMC11722600_01_P1,PMC11722600_01_S1,PRESENTS_WITH,
PMC11722600_01_e3,PMC11722600_01,PMC11722600_01_P1,PMC11722600_01_S2,PRESENTS_WITH,
PMC11722600_01_e4,PMC11722600_01,PMC11722600_01_P1,PMC11722600_01_S3,PRESENTS_WITH,
PMC11722600_01_e5,PMC11722600_01,PMC11722600_01_P1,PMC11722600_01_S4,PRESENTS_WITH,
PMC11722600_01_e6,PMC11722600_01,PMC11722600_01_P1,PMC11722600_01_E1,UNDERWENT_EXAM,
PMC11722600_01_e7,PMC11722600_01,PMC11722600_01_E1,PMC11722600_01_S4,REVEALS,
PMC11722600_01_e8,PMC11722600_01,PMC11722600_01_P1,PMC11722600_01_T1,UNDERWENT_TREATMENT,
PMC11722600_01_e9,PMC11722600_01,PMC11722600_01_P1,PMC11722600_01_E2,UNDERWENT_EXAM,
PMC11722600_01_e10,PMC11722600_01,PMC11722600_01_E2,PMC11722600_01_R1,HAS_RESULT,
PMC11722600_01_e11,PMC11722600_01,PMC11722600_01_R1,UNIT_MG/L,HAS_UNIT,
PMC11722600_01_e12,PMC11722600_01,PMC11722600_01_P1,PMC11722600_01_E3,UNDERWENT_EXAM,
PMC11722600_01_e13,PMC11722600_01,PMC11722600_01_E3,PMC11722600_01_R2,HAS_RESULT,
PMC11722600_01_e14,PMC11722600_01,PMC11722600_01_R2,UNIT_MM,HAS_UNIT,
PMC11722600_01_e15,PMC11722600_01,PMC11722600_01_P1,PMC11722600_01_D1,DIAGNOSED_WITH,
PMC11722600_01_e16,PMC11722600_01,PMC11722600_01_P1,PMC11722600_01_D2,DIAGNOSED_WITH,
PMC11722600_01_e17,PMC11722600_01,PMC11722600_01_P1,PMC11722600_01_D3,DIAGNOSED_WITH,
PMC11722600_01_e18,PMC11722600_01,PMC11722600_01_P1,PMC11722600_01_S5,PRESENTS_WITH,
PMC11722600_01_e19,PMC11722600_01,PMC11722600_01_S5,PMC11722600_01_D3,SUPPORTS,
PMC11722600_02_e1,PMC11722600_02,PMC11722600_02_P1,PMC11722600_02_H1,HAS_HISTORY,
PMC11722600_02_e2,PMC11722600_02,PMC11722600_02_P1,PMC11722600_02_H2,HAS_HISTORY,
PMC11722600_02_e3,PMC11722600_02,PMC11722600_02_P1,PMC11722600_02_S1,PRESENTS_WITH,
PMC11722600_02_e4,PMC11722600_02,PMC11722600_02_P1,PMC11722600_02_S2,PRESENTS_WITH,
PMC11722600_02_e5,PMC11722600_02,PMC11722600_02_P1,PMC11722600_02_S3,PRESENTS_WITH,
PMC11722600_02_e6,PMC11722600_02,PMC11722600_02_P1,PMC11722600_02_E1,UNDERWENT_EXAM,
PMC11722600_02_e7,PMC11722600_02,PMC11722600_02_E1,PMC11722600_02_S3,REVEALS,
PMC11722600_02_e8,PMC11722600_02,PMC11722600_02_P1,PMC11722600_02_S4,PRESENTS_WITH,
PMC11722600_02_e9,PMC11722600_02,PMC11722600_02_P1,PMC11722600_02_D1,DIAGNOSED_WITH,
PMC11722600_02_e10,PMC11722600_02,PMC11722600_02_P1,PMC11722600_02_S5,PRESENTS_WITH,
PMC11722600_02_e11,PMC11722600_02,PMC11722600_02_S5,PMC11722600_02_D1,SUPPORTS,
PMC11722600_02_e12,PMC11722600_02,PMC11722600_02_P1,PMC11722600_02_T1,UNDERWENT_TREATMENT,
PMC11722600_02_e13,PMC11722600_02,PMC11722600_02_D1,PMC11722600_02_T1,TREATED_BY,
PMC11722600_02_e14,PMC11722600_02,PMC11722600_02_P1,PMC11722600_02_S6,PRESENTS_WITH,
PMC11722600_02_e15,PMC11722600_02,PMC11722600_02_P1,PMC11722600_02_E2,UNDERWENT_EXAM,
PMC11722600_02_e16,PMC11722600_02,PMC11722600_02_E2,PMC11722600_02_F1,REVEALS,
PMC11722600_02_e17,PMC11722600_02,PMC11722600_02_P1,PMC11722600_02_S7,PRESENTS_WITH,
PMC11722600_02_e18,PMC11722600_02,PMC11722600_02_P1,PMC11722600_02_T2,UNDERWENT_TREATMENT,
PMC11722600_02_e19,PMC11722600_02,PMC11722600_02_D1,PMC11722600_02_T2,TREATED_BY,
PMC11722600_02_e20,PMC11722600_02,PMC11722600_02_P1,PMC11722600_02_D2,DIAGNOSED_WITH,
PMC11722600_02_e21,PMC11722600_02,PMC11722600_02_P1,PMC11722600_02_S8,PRESENTS_WITH,
PMC11722600_02_e22,PMC11722600_02,PMC11722600_02_S8,PMC11722600_02_D2,SUPPORTS,
PMC12215201_01_e1,PMC12215201_01,PMC12215201_01_P1,PMC12215201_01_S1,PRESENTS_WITH,
PMC12215201_01_e2,PMC12215201_01,PMC12215201_01_P1,PMC12215201_01_S2,PRESENTS_WITH,
PMC12215201_01_e3,PMC12215201_01,PMC12215201_01_P1,PMC12215201_01_S3,PRESENTS_WITH,
PMC12215201_01_e4,PMC12215201_01,PMC12215201_01_P1,PMC12215201_01_T1,UNDERWENT_TREATMENT,
PMC12215201_01_e5,PMC12215201_01,PMC12215201_01_P1,PMC12215201_01_S4,PRESENTS_WITH,
PMC12215201_01_e6,PMC12215201_01,PMC12215201_01_P1,PMC12215201_01_E1,UNDERWENT_EXAM,
PMC12215201_01_e7,PMC12215201_01,PMC12215201_01_E1,PMC12215201_01_F1,REVEALS,
PMC12215201_01_e8,PMC12215201_01,PMC12215201_01_P1,PMC12215201_01_E2,UNDERWENT_EXAM,
PMC12215201_01_e9,PMC12215201_01,PMC12215201_01_E2,PMC12215201_01_F2,REVEALS,
PMC12215201_01_e10,PMC12215201_01,PMC12215201_01_P1,PMC12215201_01_E3,UNDERWENT_EXAM,
PMC12215201_01_e11,PMC12215201_01,PMC12215201_01_E3,PMC12215201_01_R1,HAS_RESULT,
PMC12215201_01_e12,PMC12215201_01,PMC12215201_01_R1,UNIT_MG/DL,HAS_UNIT,
PMC12215201_01_e13,PMC12215201_01,PMC12215201_01_P1,PMC12215201_01_E4,UNDERWENT_EXAM,
PMC12215201_01_e14,PMC12215201_01,PMC12215201_01_E4,PMC12215201_01_R2,HAS_RESULT,
PMC12215201_01_e15,PMC12215201_01,PMC12215201_01_R2,UNIT_IU/L,HAS_UNIT,
PMC12215201_01_e16,PMC12215201_01,PMC12215201_01_P1,PMC12215201_01_D1,DIAGNOSED_WITH,
PMC12215201_01_e17,PMC12215201_01,PMC12215201_01_P1,PMC12215201_01_D2,DIAGNOSED_WITH,
PMC12215201_01_e18,PMC12215201_01,PMC12215201_01_P1,PMC12215201_01_T2,UNDERWENT_TREATMENT,
PMC12215201_01_e19,PMC12215201_01,PMC12215201_01_D2,PMC12215201_01_T2,TREATED_BY,
PMC12215201_01_e20,PMC12215201_01,PMC12215201_01_P1,PMC12215201_01_E5,UNDERWENT_EXAM,
PMC12215201_01_e21,PMC12215201_01,PMC12215201_01_P1,PMC12215201_01_E6,UNDERWENT_EXAM,
PMC12215201_01_e22,PMC12215201_01,PMC12215201_01_P1,PMC12215201_01_E7,UNDERWENT_EXAM,
PMC12215201_01_e23,PMC12215201_01,PMC12215201_01_E7,PMC12215201_01_F3,REVEALS,
PMC12215201_01_e24,PMC12215201_01,PMC12215201_01_P1,PMC12215201_01_E8,UNDERWENT_EXAM,
PMC12215201_01_e25,PMC12215201_01,PMC12215201_01_E8,PMC12215201_01_F4,REVEALS,
PMC12215201_01_e26,PMC12215201_01,PMC12215201_01_P1,PMC12215201_01_E9,UNDERWENT_EXAM,
PMC12215201_01_e27,PMC12215201_01,PMC12215201_01_E9,PMC12215201_01_F5,REVEALS,
PMC12215201_01_e28,PMC12215201_01,PMC12215201_01_P1,PMC12215201_01_T3,UNDERWENT_TREATMENT,
PMC12215201_01_e29,PMC12215201_01,PMC12215201_01_D2,PMC12215201_01_T3,TREATED_BY,
PMC12215201_01_e30,PMC12215201_01,PMC12215201_01_P1,PMC12215201_01_T4,UNDERWENT_TREATMENT,
PMC12215201_01_e31,PMC12215201_01,PMC12215201_01_D2,PMC12215201_01_T4,TREATED_BY,
PMC12215201_01_e32,PMC12215201_01,PMC12215201_01_P1,PMC12215201_01_D3,DIAGNOSED_WITH,
PMC12832199_01_e1,PMC12832199_01,PMC12832199_01_P1,PMC12832199_01_S1,PRESENTS_WITH,
PMC12832199_01_e2,PMC12832199_01,PMC12832199_01_P1,PMC12832199_01_S2,PRESENTS_WITH,
PMC12832199_01_e3,PMC12832199_01,PMC12832199_01_P1,PMC12832199_01_S3,PRESENTS_WITH,
PMC12832199_01_e4,PMC12832199_01,PMC12832199_01_P1,PMC12832199_01_H1,HAS_HISTORY,
PMC12832199_01_e5,PMC12832199_01,PMC12832199_01_P1,PMC12832199_01_H2,HAS_HISTORY,
PMC12832199_01_e6,PMC12832199_01,PMC12832199_01_P1,PMC12832199_01_S4,PRESENTS_WITH,
PMC12832199_01_e7,PMC12832199_01,PMC12832199_01_P1,PMC12832199_01_D1,DIAGNOSED_WITH,
PMC12832199_01_e8,PMC12832199_01,PMC12832199_01_S4,PMC12832199_01_D1,SUPPORTS,
PMC12832199_01_e9,PMC12832199_01,PMC12832199_01_P1,PMC12832199_01_S5,PRESENTS_WITH,
PMC12832199_01_e10,PMC12832199_01,PMC12832199_01_P1,PMC12832199_01_S6,PRESENTS_WITH,
PMC12832199_01_e11,PMC12832199_01,PMC12832199_01_P1,PMC12832199_01_D2,DIAGNOSED_WITH,
PMC12832199_01_e12,PMC12832199_01,PMC12832199_01_S6,PMC12832199_01_D2,SUPPORTS,
PMC12832199_01_e13,PMC12832199_01,PMC12832199_01_P1,PMC12832199_01_S7,PRESENTS_WITH,
PMC12832199_01_e14,PMC12832199_01,PMC12832199_01_P1,PMC12832199_01_D3,DIAGNOSED_WITH,
PMC12832199_01_e15,PMC12832199_01,PMC12832199_01_P1,PMC12832199_01_D4,DIAGNOSED_WITH,
PMC12832199_01_e16,PMC12832199_01,PMC12832199_01_P1,PMC12832199_01_D5,DIAGNOSED_WITH,
PMC12832199_01_e17,PMC12832199_01,PMC12832199_01_S7,PMC12832199_01_D3,SUPPORTS,
PMC12832199_01_e18,PMC12832199_01,PMC12832199_01_S7,PMC12832199_01_D4,SUPPORTS,
PMC12832199_01_e19,PMC12832199_01,PMC12832199_01_S7,PMC12832199_01_D5,SUPPORTS,
PMC12832199_01_e20,PMC12832199_01,PMC12832199_01_P1,PMC12832199_01_E1,UNDERWENT_EXAM,
PMC12832199_01_e21,PMC12832199_01,PMC12832199_01_E1,PMC12832199_01_F1,REVEALS,
PMC12832199_01_e22,PMC12832199_01,PMC12832199_01_P1,PMC12832199_01_E2,UNDERWENT_EXAM,
PMC12832199_01_e23,PMC12832199_01,PMC12832199_01_E2,PMC12832199_01_R1,HAS_RESULT,
PMC12832199_01_e24,PMC12832199_01,PMC12832199_01_R1,UNIT_MG/DL,HAS_UNIT,
PMC12832199_01_e25,PMC12832199_01,PMC12832199_01_R1,PMC12832199_01_D3,SUPPORTS,
PMC12832199_01_e26,PMC12832199_01,PMC12832199_01_R1,PMC12832199_01_D4,SUPPORTS,
PMC12832199_01_e27,PMC12832199_01,PMC12832199_01_R1,PMC12832199_01_D5,SUPPORTS,
PMC12832199_01_e28,PMC12832199_01,PMC12832199_01_P1,PMC12832199_01_D6,DIAGNOSED_WITH,
PMC12832199_01_e29,PMC12832199_01,PMC12832199_01_P1,PMC12832199_01_T1,UNDERWENT_TREATMENT,
PMC12832199_01_e30,PMC12832199_01,PMC12832199_01_D2,PMC12832199_01_T1,TREATED_BY,
PMC12832199_01_e31,PMC12832199_01,PMC12832199_01_P1,PMC12832199_01_S8,PRESENTS_WITH,
PMC12832199_01_e32,PMC12832199_01,PMC12832199_01_P1,PMC12832199_01_S9,PRESENTS_WITH,
PMC12832199_01_e33,PMC12832199_01,PMC12832199_01_P1,PMC12832199_01_H3,HAS_HISTORY,
PMC12832199_01_e34,PMC12832199_01,PMC12832199_01_P1,PMC12832199_01_S10,PRESENTS_WITH,
PMC12832199_01_e35,PMC12832199_01,PMC12832199_01_P1,PMC12832199_01_D7,DIAGNOSED_WITH,
PMC12832199_01_e36,PMC12832199_01,PMC12832199_01_P1,PMC12832199_01_D8,DIAGNOSED_WITH,
PMC12832199_01_e37,PMC12832199_01,PMC12832199_01_S4,PMC12832199_01_D7,SUPPORTS,
PMC12832199_01_e38,PMC12832199_01,PMC12832199_01_S4,PMC12832199_01_D8,SUPPORTS,
PMC12832199_01_e39,PMC12832199_01,PMC12832199_01_P1,PMC12832199_01_E3,UNDERWENT_EXAM,
PMC12832199_01_e40,PMC12832199_01,PMC12832199_01_E3,PMC12832199_01_D7,REVEALS,
PMC12832199_01_e41,PMC12832199_01,PMC12832199_01_P1,PMC12832199_01_S11,PRESENTS_WITH,
PMC12832199_01_e42,PMC12832199_01,PMC12832199_01_P1,PMC12832199_01_T2,UNDERWENT_TREATMENT,
PMC12832199_01_e43,PMC12832199_01,PMC12832199_01_D8,PMC12832199_01_T2,TREATED_BY,
