mesh_ui,canonical,synonym
D000007,Abdominal Injuries,abdominal injuries
D000008,Abdominal Neoplasms,abdominal neoplasms
D000012,Abetalipoproteinemia,abetalipoproteinemia
D000013,Congenital Abnormalities,fetal malformations
D000013,Congenital Abnormalities,fetal anomalies
D000013,Congenital Abnormalities,congenital abnormalities
D000014,"Abnormalities, Drug-Induced","abnormalities, drug-induced"
D000015,"Abnormalities, Multiple","abnormalities, multiple"
D000016,"Abnormalities, Radiation-Induced","abnormalities, radiation-induced"
D000022,"Abortion, Spontaneous",early pregnancy loss
D000022,"Abortion, Spontaneous",miscarriage
D000022,"Abortion, Spontaneous","abortion, tubal"
D000022,"Abortion, Spontaneous","abortion, spontaneous"
D000026,"Abortion, Habitual","abortion, habitual"
D000027,"Abortion, Incomplete","abortion, incomplete"
D000030,"Abortion, Missed","abortion, missed"
D000031,"Abortion, Septic","abortion, septic"
D000033,"Abortion, Threatened","abortion, threatened"
D000034,"Abortion, Veterinary","abortion, veterinary"
D000037,Abruptio Placentae,abruptio placentae
D000038,Abscess,abscess
D000039,Peritonsillar Abscess,peritonsillar abscess
D000051,Acantholysis,acantholysis
D000052,Acanthosis Nigricans,acanthosis nigricans
D000126,Achlorhydria,hypochlorhydria
D000126,Achlorhydria,achlorhydria
D000130,Achondroplasia,"achondroplasia, severe, with developmental delay and acanthosis nigricans"
D000130,Achondroplasia,achondroplasia
D000137,Acid-Base Imbalance,acid-base imbalance
D000138,Acidosis,acidosis
D000138,Acidosis,metabolic acidosis
D000140,"Acidosis, Lactic","acidosis, lactic"
D000141,"Acidosis, Renal Tubular","renal tubular acidosis, type i"
D000141,"Acidosis, Renal Tubular","acidosis, renal tubular"
D000141,"Acidosis, Renal Tubular","renal tubular acidosis, type ii"
D000142,"Acidosis, Respiratory","acidosis, respiratory"
D000151,Acinetobacter Infections,acinetobacter infections
D000152,Acne Vulgaris,acne vulgaris
D000152,Acne Vulgaris,acne
D000153,Acne Keloid,acne keloid
D000160,Vestibulocochlear Nerve Diseases,acoustic nerve diseases
D000160,Vestibulocochlear Nerve Diseases,cochlear neuritis
D000160,Vestibulocochlear Nerve Diseases,vestibular nerve diseases
D000160,Vestibulocochlear Nerve Diseases,vestibulocochlear nerve diseases
D000163,Acquired Immunodeficiency Syndrome,acquired immunodeficiency syndrome
D000168,Acrocephalosyndactylia,pfeiffer syndrome
D000168,Acrocephalosyndactylia,apert-crouzon disease
D000168,Acrocephalosyndactylia,acrocephalosyndactylia
D000168,Acrocephalosyndactylia,saethre-chotzen syndrome
D000168,Acrocephalosyndactylia,apert syndrome
D000169,Acrodermatitis,gianotti-crosti syndrome
D000169,Acrodermatitis,acrodermatitis
D000170,Acrodynia,acrodynia
D000172,Acromegaly,acromegaly
D000182,"ACTH Syndrome, Ectopic","acth syndrome, ectopic"
D000187,Actinobacillosis,actinobacillosis
D000189,Actinobacillus Infections,actinobacillus infections
D000193,Actinomycetales Infections,actinomycetales infections
D000196,Actinomycosis,actinomycosis
D000197,"Actinomycosis, Cervicofacial","actinomycosis, cervicofacial"
D000219,Adams-Stokes Syndrome,adams-stokes syndrome
D000224,Addison Disease,addison disease
D000230,Adenocarcinoma,"carcinoma, granular cell"
D000230,Adenocarcinoma,"adenocarcinoma, oxyphilic"
D000230,Adenocarcinoma,"adenocarcinoma, tubular"
D000230,Adenocarcinoma,adenocarcinoma
D000230,Adenocarcinoma,"carcinoma, cribriform"
D000230,Adenocarcinoma,"adenocarcinoma, basal cell"
D000231,"Adenocarcinoma, Papillary","adenocarcinoma, papillary"
D000232,Adenofibroma,fibroadenosis
D000232,Adenofibroma,adenofibroma
D000235,Adenolymphoma,adenolymphoma
D000236,Adenoma,"adenoma, basal cell"
D000236,Adenoma,"adenoma, monomorphic"
D000236,Adenoma,"adenoma, microcystic"
D000236,Adenoma,"adenoma, papillary"
D000236,Adenoma,"adenoma, follicular"
D000236,Adenoma,"adenoma, trabecular"
D000236,Adenoma,adenoma
D000237,"Adenoma, Basophil","adenoma, basophil"
D000238,"Adenoma, Chromophobe","adenoma, chromophobe"
D000239,"Adenoma, Acidophil","adenoma, acidophil"
D000257,Adenoviridae Infections,adenoviridae infections
D000258,"Adenovirus Infections, Human","adenovirus infections, human"
D000258,"Adenovirus Infections, Human",pharyngo-conjunctival fever
D000270,Adie Syndrome,adie syndrome
D000274,Adiposis Dolorosa,adiposis dolorosa
D000291,Adnexal Diseases,adnexal diseases
D000292,Pelvic Inflammatory Disease,adnexitis
D000292,Pelvic Inflammatory Disease,pelvic inflammatory disease
D000303,Adrenal Cortex Diseases,adrenal cortex diseases
D000306,Adrenal Cortex Neoplasms,adrenocortical cancer
D000306,Adrenal Cortex Neoplasms,adrenal cortex neoplasms
D000307,Adrenal Gland Diseases,adrenal gland diseases
D000308,Adrenocortical Hyperfunction,adrenocortical hyperfunction
D000309,Adrenal Insufficiency,adrenal insufficiency
D000310,Adrenal Gland Neoplasms,adrenal gland neoplasms
D000310,Adrenal Gland Neoplasms,adrenal cancer
D000312,"Adrenal Hyperplasia, Congenital","adrenal hyperplasia, congenital"
D000314,Adrenal Rest Tumor,adrenal rest tumor
D000326,Adrenoleukodystrophy,adrenoleukodystrophy
D000326,Adrenoleukodystrophy,adrenomyeloneuropathy
D000343,Afferent Loop Syndrome,afferent loop syndrome
D000347,Afibrinogenemia,afibrinogenemia
D000347,Afibrinogenemia,"deficiency, fibrinogen"
D000347,Afibrinogenemia,congenital afibrinogenemia
D000355,African Horse Sickness,african horse sickness
D000357,African Swine Fever,african swine fever
D000361,Agammaglobulinemia,hypogammaglobulinemia
D000361,Agammaglobulinemia,agammaglobulinemia
D000370,Ageusia,"ageusia, hysterical"
D000370,Ageusia,ageusia
D000370,Ageusia,hypogeusia
D000370,Ageusia,taste-blindness
D000377,Agnosia,tactile agnosia
D000377,Agnosia,time agnosia
D000377,Agnosia,anosognosia
D000377,Agnosia,auditory agnosia
D000377,Agnosia,finger agnosia
D000377,Agnosia,position agnosia
D000377,Agnosia,visuospatial agnosia
D000377,Agnosia,agnosia
D000377,Agnosia,agnosia for taste
D000377,Agnosia,agnosia for pain
D000377,Agnosia,agnosia for smell
D000377,Agnosia,body-image agnosia
D000377,Agnosia,ideational agnosia
D000377,Agnosia,visual agnosia
D000377,Agnosia,agnosia for temperature
D000377,Agnosia,visual agnosia for objects
D000377,Agnosia,developmental agnosia
D000377,Agnosia,somatosensory agnosia
D000377,Agnosia,topographical agnosia
D000377,Agnosia,"auditory agnosia, congenital"
D000377,Agnosia,sensory agnosia
D000380,Agranulocytosis,agranulocytosis
D000381,Agraphia,pure agraphia
D000381,Agraphia,dysgraphia
D000381,Agraphia,agraphia
D000381,Agraphia,constructional agraphia
D000381,Agraphia,developmental agraphia
D000381,Agraphia,acquired agraphia
D000382,Agricultural Workers' Diseases,agricultural workers' diseases
D000386,AIDS-Related Complex,aids-related complex
D000387,Ainhum,ainhum
D000402,Airway Obstruction,airway obstruction
D000402,Airway Obstruction,choking
D000405,Akinetic Mutism,akinetic mutism
D000417,Albinism,albinism
D000419,Albuminuria,albuminuria
D000425,Alcohol Amnestic Disorder,alcohol amnestic disorder
D000430,Alcohol Withdrawal Delirium,alcohol withdrawal delirium
D000430,Alcohol Withdrawal Delirium,alcohol withdrawal hallucinosis
D000430,Alcohol Withdrawal Delirium,"autonomic hyperactivity, alcohol withdrawal associated"
D000435,Alcoholic Intoxication,alcoholic intoxication
D000437,Alcoholism,alcohol abuse
D000437,Alcoholism,alcohol use disorder
D000437,Alcoholism,alcoholism
D000453,Aleutian Mink Disease,aleutian mink disease
D000471,Alkalosis,alkalosis
D000472,"Alkalosis, Respiratory","alkalosis, respiratory"
D000474,Alkaptonuria,alkaptonuria
D000505,Alopecia,alopecia
D000505,Alopecia,female pattern baldness
D000505,Alopecia,pseudopelade
D000505,Alopecia,androgenetic alopecia
D000505,Alopecia,"alopecia, male pattern"
D000506,Alopecia Areata,alopecia areata
D000507,"Mucinosis, Follicular","mucinosis, follicular"
D000532,Altitude Sickness,altitude sickness
D000532,Altitude Sickness,altitude hypoxia
D000532,Altitude Sickness,mountain sickness
D000542,"Alveolitis, Extrinsic Allergic","alveolitis, extrinsic allergic"
D000544,Alzheimer Disease,alzheimer disease
D000544,Alzheimer Disease,"alzheimer disease, early onset"
D000544,Alzheimer Disease,acute confusional senile dementia
D000544,Alzheimer Disease,familial alzheimer disease (fad)
D000544,Alzheimer Disease,"dementia, presenile"
D000544,Alzheimer Disease,"alzheimer's disease, focal onset"
D000544,Alzheimer Disease,"alzheimer disease, late onset"
D000550,Amblyopia,"amblyopia, developmental"
D000550,Amblyopia,amblyopia
D000550,Amblyopia,lazy eye
D000550,Amblyopia,anisometropic amblyopia
D000550,Amblyopia,"amblyopia, suppression"
D000562,Amebiasis,balamuthia infection
D000562,Amebiasis,iodamoebiasis
D000562,Amebiasis,acanthamoeba infection
D000562,Amebiasis,ameboma
D000562,Amebiasis,"abscess, amebic"
D000562,Amebiasis,amebiasis
D000564,Ameloblastoma,ameloblastoma
D000567,Amelogenesis Imperfecta,amelogenesis imperfecta
D000592,"Amino Acid Metabolism, Inborn Errors","amino acid metabolism, inherited disorders"
D000592,"Amino Acid Metabolism, Inborn Errors","amino acid metabolism, inborn errors"
D000608,Renal Aminoacidurias,renal aminoacidurias
D000647,Amnesia,amnesia
D000647,Amnesia,"amnesia, global"
D000647,Amnesia,"amnesia, tactile"
D000647,Amnesia,"amnesia, hysterical"
D000647,Amnesia,amnestic state
D000647,Amnesia,"amnesia, dissociative"
D000647,Amnesia,"amnesia, temporary"
D000648,"Amnesia, Retrograde","amnesia, pre-ictal"
D000648,"Amnesia, Retrograde","amnesia, retrograde"
D000648,"Amnesia, Retrograde",pre-ictal memory loss
D000648,"Amnesia, Retrograde","memory loss, retrograde"
D000652,Amniotic Band Syndrome,"ring constrictions, intrauterine"
D000652,Amniotic Band Syndrome,"amputation, intrauterine"
D000652,Amniotic Band Syndrome,amniotic bands
D000652,Amniotic Band Syndrome,annular grooves
D000652,Amniotic Band Syndrome,amniotic band syndrome
D000673,"Amputation, Traumatic","amputation, traumatic"
D000686,Amyloidosis,amyloidosis
D000690,Amyotrophic Lateral Sclerosis,amyotrophic lateral sclerosis with dementia
D000690,Amyotrophic Lateral Sclerosis,"amyotrophic lateral sclerosis, guam form"
D000690,Amyotrophic Lateral Sclerosis,amyotrophic lateral sclerosis
D000694,Anal Gland Neoplasms,anal gland neoplasms
D000699,"Pain Insensitivity, Congenital","pain insensitivity, congenital"
D000707,Anaphylaxis,anaphylactic reaction
D000707,Anaphylaxis,anaphylaxis
D000708,Anaplasia,anaplasia
D000711,Anaplasmataceae Infections,anaplasmataceae infections
D000711,Anaplasmataceae Infections,haemobartonellosis
D000712,Anaplasmosis,human granulocytic anaplasmosis
D000712,Anaplasmosis,anaplasmosis
D000724,Ancylostomiasis,ancylostomiasis
D000740,Anemia,anemia
D000741,"Anemia, Aplastic","anemia, hypoplastic"
D000741,"Anemia, Aplastic","anemia, aplastic"
D000742,"Anemia, Dyserythropoietic, Congenital","anemia, dyserythropoietic, congenital, type iii"
D000742,"Anemia, Dyserythropoietic, Congenital","anemia, dyserythropoietic, congenital, type ii"
D000742,"Anemia, Dyserythropoietic, Congenital","anemia, dyserythropoietic, congenital, type i"
D000742,"Anemia, Dyserythropoietic, Congenital","anemia, dyserythropoietic, congenital"
D000743,"Anemia, Hemolytic","anemia, microangiopathic"
D000743,"Anemia, Hemolytic",microangiopathic hemolytic anemia
D000743,"Anemia, Hemolytic","anemia, hemolytic, acquired"
D000743,"Anemia, Hemolytic","anemia, hemolytic"
D000744,"Anemia, Hemolytic, Autoimmune","anemia, hemolytic, autoimmune"
D000744,"Anemia, Hemolytic, Autoimmune",cold agglutinin disease
D000744,"Anemia, Hemolytic, Autoimmune","anemia, hemolytic, idiopathic acquired"
D000744,"Anemia, Hemolytic, Autoimmune",idiopathic autoimmune hemolytic anemia
D000745,"Anemia, Hemolytic, Congenital","anemia, hemolytic, congenital"
D000746,"Anemia, Hemolytic, Congenital Nonspherocytic","anemia, hemolytic, congenital nonspherocytic"
D000747,"Anemia, Hypochromic",chlorosis
D000747,"Anemia, Hypochromic","anemia, hypochromic"
D000748,"Anemia, Macrocytic","anemia, macrocytic"
D000749,"Anemia, Megaloblastic","anemia, megaloblastic"
D000750,"Anemia, Myelophthisic","anemia, myelophthisic"
D000751,"Anemia, Neonatal","anemia, neonatal"
D000752,"Anemia, Pernicious","anemia, pernicious"
D000753,"Anemia, Refractory","anemia, refractory"
D000754,"Anemia, Refractory, with Excess of Blasts","anemia, refractory, with excess of blasts"
D000755,"Anemia, Sickle Cell","anemia, sickle cell"
D000756,"Anemia, Sideroblastic","anemia, sideroblastic"
D000757,Anencephaly,anencephaly
D000757,Anencephaly,aprosencephaly
D000757,Anencephaly,incomplete anencephaly
D000783,Aneurysm,saccular aneurysm
D000783,Aneurysm,fusiform aneurysm
D000783,Aneurysm,aneurysm
D000784,Aortic Dissection,aortic dissection
D000785,"Aneurysm, Infected","aneurysm, mycotic"
D000785,"Aneurysm, Infected","aneurysm, bacterial"
D000785,"Aneurysm, Infected","aneurysm, infected"
D000787,Angina Pectoris,angina pectoris
D000788,"Angina Pectoris, Variant","angina pectoris, variant"
D000789,"Angina, Unstable","angina, unstable"
D000789,"Angina, Unstable",myocardial preinfarction syndrome
D000793,Angioid Streaks,angioid streaks
D000794,Angiokeratoma,angiokeratoma
D000795,Fabry Disease,fabry disease
D000796,Angiolymphoid Hyperplasia with Eosinophilia,angiolymphoid hyperplasia with eosinophilia
D000796,Angiolymphoid Hyperplasia with Eosinophilia,pseudopyogenic granuloma
D000798,Angiomatosis,angiomatosis
D000799,Angioedema,angioedema
D000820,Animal Diseases,animal diseases
D000839,Aniseikonia,aniseikonia
D000844,Ankylosis,ankylosis
D000848,Anodontia,partial anodontia
D000848,Anodontia,hypodontia
D000848,Anodontia,total anodontia
D000848,Anodontia,"tooth agenesis, familial"
D000848,Anodontia,oligodontia
D000848,Anodontia,anodontia
D000849,Anomia,anomia
D000849,Anomia,color anomia
D000853,Anophthalmos,anophthalmos
D000857,Olfaction Disorders,impaired olfaction
D000857,Olfaction Disorders,paraosmia
D000857,Olfaction Disorders,cacosmia
D000857,Olfaction Disorders,smell dysfunction
D000857,Olfaction Disorders,olfaction disorders
D000857,Olfaction Disorders,phantosmia
D000857,Olfaction Disorders,olfactory impairment
D000858,Anovulation,anovulation
D000868,Anterior Compartment Syndrome,anterior compartment syndrome
D000874,Anthracosilicosis,anthracosilicosis
D000881,Anthrax,anthrax
D001002,Anuria,anuria
D001004,Anus Diseases,anus diseases
D001005,Anus Neoplasms,anus neoplasms
D001005,Anus Neoplasms,anal cancer
D001006,"Anus, Imperforate","anus, imperforate"
D001014,Aortic Aneurysm,aortic aneurysm
D001015,Aortic Arch Syndromes,aortic arch syndromes
D001017,Aortic Coarctation,aortic coarctation
D001017,Aortic Coarctation,coarctation of aorta dominant
D001018,Aortic Diseases,aortic diseases
D001019,Aortic Rupture,"aortic aneurysm, ruptured"
D001019,Aortic Rupture,aortic rupture
D001020,"Aortic Stenosis, Subvalvular","aortic stenosis, subvalvular"
D001022,Aortic Valve Insufficiency,aortic valve insufficiency
D001023,Aortic Valve Prolapse,aortic valve prolapse
D001024,Aortic Valve Stenosis,aortic valve stenosis
D001025,Aortitis,aortitis
D001028,Aortopulmonary Septal Defect,aortopulmonary septal defect
D001035,Aphakia,"aphakic eye, traumatic"
D001035,Aphakia,aphakia
D001036,"Aphakia, Postcataract","aphakia, postcataract"
D001037,Aphasia,"aphasia, functional"
D001037,Aphasia,"aphasia, graphomotor"
D001037,Aphasia,"aphasia, semantic"
D001037,Aphasia,aphasia
D001037,Aphasia,"aphasia, acquired"
D001037,Aphasia,"aphasia, auditory discriminatory"
D001037,Aphasia,"aphasia, ageusic"
D001037,Aphasia,"aphasia, mixed"
D001037,Aphasia,dysphasia
D001037,Aphasia,"aphasia, post-ictal"
D001037,Aphasia,"aphasia, commisural"
D001037,Aphasia,dejerine-lichtheim phenomenon
D001037,Aphasia,"aphasia, global"
D001037,Aphasia,"aphasia, syntactical"
D001037,Aphasia,"aphasia, post-traumatic"
D001037,Aphasia,"aphasia, progressive"
D001037,Aphasia,"aphasia, intellectual"
D001039,"Aphasia, Broca","aphasia, expressive"
D001039,"Aphasia, Broca","aphasia, broca"
D001039,"Aphasia, Broca","aphasia, ataxic"
D001039,"Aphasia, Broca","aphasia, anterior"
D001041,"Aphasia, Wernicke","aphasia, posterior"
D001041,"Aphasia, Wernicke",receptive aphasia
D001041,"Aphasia, Wernicke","aphasia, wernicke"
D001041,"Aphasia, Wernicke","aphasia, jargon"
D001044,Aphonia,aphonia paralytica
D001044,Aphonia,functional aphonia
D001044,Aphonia,aphonia
D001044,Aphonia,spastic aphonia
D001049,Apnea,apnea
D001063,Appendiceal Neoplasms,appendiceal cancer
D001063,Appendiceal Neoplasms,appendiceal neoplasms
D001064,Appendicitis,appendicitis
D001064,Appendicitis,ruptured appendicitis
D001072,Apraxias,"apraxia, gestural"
D001072,Apraxias,"apraxia, verbal"
D001072,Apraxias,apraxia of phonation
D001072,Apraxias,apraxias
D001072,Apraxias,"apraxia, facial-oral"
D001072,Apraxias,"apraxia, motor"
D001072,Apraxias,ideational apraxia
D001072,Apraxias,"apraxia, articulatory"
D001072,Apraxias,"apraxia, oral"
D001072,Apraxias,dressing apraxia
D001072,Apraxias,"apraxia, developmental verbal"
D001079,Apudoma,apudoma
D001098,Spider Bites,latrodectism
D001098,Spider Bites,spider bites
D001098,Spider Bites,loxoscelism
D001098,Spider Bites,arachnidism
D001098,Spider Bites,necrotic arachnidism
D001100,Arachnoiditis,arachnoiditis
D001102,Arbovirus Infections,arbovirus infections
D001112,Arcus Senilis,arcus senilis
D001117,Arenaviridae Infections,arenaviridae infections
D001117,Arenaviridae Infections,"infections, arenavirus"
D001129,Argyria,argyria
D001134,Arm Injuries,arm injuries
D001139,Arnold-Chiari Malformation,arnold-chiari malformation
D001139,Arnold-Chiari Malformation,"arnold-chiari malformation, type i"
D001139,Arnold-Chiari Malformation,"arnold-chiari malformation, type ii"
D001139,Arnold-Chiari Malformation,"arnold-chiari malformation, type iii"
D001139,Arnold-Chiari Malformation,"arnold-chiari malformation, type iv"
D001145,"Arrhythmias, Cardiac","arrhythmias, cardiac"
D001146,"Arrhythmia, Sinus","arrhythmia, sinus"
D001157,Arterial Occlusive Diseases,arterial occlusive diseases
D001157,Arterial Occlusive Diseases,arterial occlusion
D001159,Arterio-Arterial Fistula,arterio-arterial fistula
D001161,Arteriosclerosis,arteriosclerosis
D001162,Arteriosclerosis Obliterans,arteriosclerosis obliterans
D001164,Arteriovenous Fistula,arteriovenous aneurysm
D001164,Arteriovenous Fistula,arteriovenous fistula
D001165,Arteriovenous Malformations,arteriovenous malformations
D001167,Arteritis,arteritis
D001168,Arthritis,arthritis
D001168,Arthritis,polyarthritis
D001168,Arthritis,oligoarthritis
D001169,"Arthritis, Experimental","arthritis, adjuvant-induced"
D001169,"Arthritis, Experimental","arthritis, collagen-induced"
D001169,"Arthritis, Experimental","arthritis, experimental"
D001170,"Arthritis, Infectious","arthritis, viral"
D001170,"Arthritis, Infectious","arthritis, suppurative"
D001170,"Arthritis, Infectious","arthritis, bacterial"
D001170,"Arthritis, Infectious","arthritis, infectious"
D001171,"Arthritis, Juvenile",juvenile-onset still disease
D001171,"Arthritis, Juvenile","arthritis, juvenile"
D001171,"Arthritis, Juvenile","polyarthritis, juvenile, rheumatoid factor negative"
D001171,"Arthritis, Juvenile","oligoarthritis, juvenile"
D001171,"Arthritis, Juvenile",polyarticular juvenile idiopathic arthritis
D001171,"Arthritis, Juvenile","polyarthritis, juvenile, rheumatoid factor positive"
D001172,"Arthritis, Rheumatoid","arthritis, rheumatoid"
D001176,Arthrogryposis,arthrogryposis
D001177,"Arthropathy, Neurogenic","arthropathy, neurogenic"
D001183,Arthus Reaction,arthus reaction
D001184,Articulation Disorders,"articulation disorders, developmental"
D001184,Articulation Disorders,unintelligible articulation
D001184,Articulation Disorders,articulation disorders
D001195,Asbestosis,pulmonary fibrosis - from asbestos exposure
D001195,Asbestosis,asbestosis
D001196,Ascariasis,ascariasis
D001198,Ascaridiasis,ascaridiasis
D001206,Ascorbic Acid Deficiency,ascorbic acid deficiency
D001228,Aspergillosis,aspergillosis
D001229,"Aspergillosis, Allergic Bronchopulmonary","aspergillosis, allergic bronchopulmonary"
D001237,Asphyxia,asphyxia
D001238,Asphyxia Neonatorum,asphyxia neonatorum
D001248,Asthenopia,asthenopia
D001249,Asthma,asthma
D001250,"Asthma, Exercise-Induced","asthma, exercise-induced"
D001250,"Asthma, Exercise-Induced","bronchospasm, exercise-induced"
D001251,Astigmatism,astigmatism
D001251,Astigmatism,mixed astigmatism
D001251,Astigmatism,oblique astigmatism
D001251,Astigmatism,lenticular astigmatism
D001251,Astigmatism,hyperopic astigmatism
D001251,Astigmatism,myopic astigmatism
D001251,Astigmatism,corneal astigmatism
D001254,Astrocytoma,fibrillary astrocytoma
D001254,Astrocytoma,childhood cerebral astrocytoma
D001254,Astrocytoma,"astrocytoma, subependymal giant cell"
D001254,Astrocytoma,juvenile pilocytic astrocytoma
D001254,Astrocytoma,astrocytoma
D001254,Astrocytoma,"astrocytoma, grade ii"
D001254,Astrocytoma,"astrocytoma, protoplasmic"
D001254,Astrocytoma,gemistocytic astrocytoma
D001254,Astrocytoma,intracranial astrocytoma
D001254,Astrocytoma,anaplastic astrocytoma
D001254,Astrocytoma,"oligoastrocytoma, mixed"
D001254,Astrocytoma,cerebral astrocytoma
D001254,Astrocytoma,pilocytic astrocytoma
D001254,Astrocytoma,"astrocytoma, grade i"
D001259,Ataxia,"ataxia, truncal"
D001259,Ataxia,"ataxia, motor"
D001259,Ataxia,"ataxia, sensory"
D001259,Ataxia,ataxia
D001259,Ataxia,"tremor, rubral"
D001259,Ataxia,dyscoordination
D001259,Ataxia,"ataxia, appendicular"
D001260,Ataxia Telangiectasia,ataxia telangiectasia
D001261,Pulmonary Atelectasis,compression pulmonary atelectasis
D001261,Pulmonary Atelectasis,postoperative pulmonary atelectasis
D001261,Pulmonary Atelectasis,pulmonary atelectasis
D001261,Pulmonary Atelectasis,resorption pulmonary atelectasis
D001261,Pulmonary Atelectasis,contraction pulmonary atelectasis
D001261,Pulmonary Atelectasis,congestive pulmonary atelectasis
D001264,Athetosis,athetosis
D001265,Athletic Injuries,athletic injuries
D001281,Atrial Fibrillation,persistent atrial fibrillation
D001281,Atrial Fibrillation,paroxysmal atrial fibrillation
D001281,Atrial Fibrillation,familial atrial fibrillation
D001281,Atrial Fibrillation,atrial fibrillation
D001282,Atrial Flutter,atrial flutter
D001304,"Auditory Diseases, Central",auditory cortex disorder
D001304,"Auditory Diseases, Central","auditory diseases, central"
D001308,Auditory Perceptual Disorders,auditory perceptual disorders
D001308,Auditory Perceptual Disorders,auditory inattention
D001327,Autoimmune Diseases,autoimmune diseases
D001342,Autonomic Nervous System Diseases,autonomic central nervous system diseases
D001342,Autonomic Nervous System Diseases,peripheral autonomic nervous system diseases
D001342,Autonomic Nervous System Diseases,segmental autonomic dysfunction
D001342,Autonomic Nervous System Diseases,non-familial dysautonomia
D001342,Autonomic Nervous System Diseases,"nervous system diseases, sympathetic"
D001342,Autonomic Nervous System Diseases,"nervous system diseases, parasympathetic"
D001342,Autonomic Nervous System Diseases,autonomic nervous system diseases
D001353,Avian Leukosis,avian leukosis
D001357,"Sarcoma, Avian","sarcoma, avian"
D001357,"Sarcoma, Avian",rous sarcoma
D001361,Avitaminosis,"deficiency, vitamin"
D001361,Avitaminosis,avitaminosis
D001404,Babesiosis,human babesiosis
D001404,Babesiosis,babesiosis
D001423,Bacterial Infections and Mycoses,bacterial infections and mycoses
D001424,Bacterial Infections,bacterial infections
D001437,Bacteriuria,bacteriuria
D001442,Bacteroides Infections,bacteroides infections
D001446,Balanitis,balanitis
D001447,Balantidiasis,balantidiasis
D001449,Balkan Nephropathy,balkan nephropathy
D001469,Barotrauma,barotrauma
D001471,Barrett Esophagus,barrett esophagus
D001471,Barrett Esophagus,barrett epithelium
D001474,Bartonella Infections,verruga peruana
D001474,Bartonella Infections,bartonella infections
D001474,Bartonella Infections,bartonella bacilliformis infection
D001474,Bartonella Infections,carrion disease
D001476,Bartonellaceae Infections,bartonellaceae infections
D001477,Bartter Syndrome,bartter syndrome
D001478,Basal Cell Nevus Syndrome,basal cell nevus syndrome
D001480,Basal Ganglia Diseases,lenticulostriate disorders
D001480,Basal Ganglia Diseases,extrapyramidal disorders
D001480,Basal Ganglia Diseases,basal ganglia diseases
D001506,Beckwith-Wiedemann Syndrome,beckwith-wiedemann syndrome
D001528,Behcet Syndrome,behcet syndrome
D001602,Beriberi,beriberi
D001606,Bernard-Soulier Syndrome,bernard-soulier syndrome
D001606,Bernard-Soulier Syndrome,deficiency of platelet glycoprotein 1b
D001607,Berylliosis,beryllium disease
D001607,Berylliosis,berylliosis
D001630,Bezoars,hair balls
D001630,Bezoars,bezoars
D001649,Bile Duct Diseases,bile duct diseases
D001650,Bile Duct Neoplasms,bile duct neoplasms
D001650,Bile Duct Neoplasms,bile duct cancer
D001651,"Cholestasis, Extrahepatic","cholestasis, extrahepatic"
D001655,Bile Reflux,bile reflux
D001656,Biliary Atresia,familial extrahepatic biliary atresia
D001656,Biliary Atresia,intrahepatic biliary atresia
D001656,Biliary Atresia,biliary atresia
D001656,Biliary Atresia,idiopathic extrahepatic biliary atresia
D001656,Biliary Atresia,"biliary atresia, extrahepatic"
D001657,Biliary Dyskinesia,gallbladder dyskinesia
D001657,Biliary Dyskinesia,biliary dyskinesia
D001658,Biliary Fistula,biliary fistula
D001660,Biliary Tract Diseases,biliary tract diseases
D001661,Biliary Tract Neoplasms,biliary tract neoplasms
D001661,Biliary Tract Neoplasms,biliary tract cancer
D001715,Bird Diseases,bird diseases
D001716,Bird Fancier's Lung,budgerigar fancier's lung
D001716,Bird Fancier's Lung,bird fancier's lung
D001716,Bird Fancier's Lung,pigeon breeder's lung
D001716,Bird Fancier's Lung,feather duvet lung
D001720,Birth Injuries,birth injuries
D001733,Bites and Stings,bites
D001733,Bites and Stings,stings
D001733,Bites and Stings,bites and stings
D001734,"Bites, Human","bites, human"
D001742,Blackwater Fever,blackwater fever
D001744,Urinary Bladder Calculi,urinary bladder calculi
D001745,Urinary Bladder Diseases,urinary bladder diseases
D001746,Bladder Exstrophy,bladder exstrophy
D001747,Urinary Bladder Fistula,urinary bladder fistula
D001748,Urinary Bladder Neck Obstruction,urinary bladder neck obstruction
D001749,Urinary Bladder Neoplasms,urinary bladder cancer
D001749,Urinary Bladder Neoplasms,urinary bladder neoplasms
D001750,"Urinary Bladder, Neurogenic","urinary bladder, neurogenic"
D001750,"Urinary Bladder, Neurogenic",urinary bladder neurogenesis
D001750,"Urinary Bladder, Neurogenic","neurogenic urinary bladder, atonic"
D001750,"Urinary Bladder, Neurogenic","neurogenic urinary bladder, spastic"
D001750,"Urinary Bladder, Neurogenic","neurogenic urinary bladder, uninhibited"
D001752,Blast Crisis,blast crisis
D001753,Blast Injuries,blast injuries
D001759,Blastomycosis,blastomyces dermatitidis infection
D001759,Blastomycosis,blastomycosis
D001759,Blastomycosis,"blastomycosis, north american"
D001762,Blepharitis,blepharitis
D001763,Blepharoptosis,blepharoptosis
D001764,Blepharospasm,blepharospasm
D001765,Blind Loop Syndrome,blind loop syndrome
D001766,Blindness,"blindness, legal"
D001766,Blindness,"blindness, monocular"
D001766,Blindness,"blindness, unilateral"
D001766,Blindness,"blindness, acquired"
D001766,Blindness,"blindness, hysterical"
D001766,Blindness,"blindness, transient"
D001766,Blindness,"blindness, bilateral"
D001766,Blindness,amaurosis
D001766,Blindness,blindness
D001766,Blindness,sudden visual loss
D001768,Blister,blister
D001778,Blood Coagulation Disorders,blood coagulation disorders
D001791,Blood Platelet Disorders,blood platelet disorders
D001796,Blood Protein Disorders,blood protein disorders
D001816,Bloom Syndrome,bloom syndrome
D001819,Bluetongue,bluetongue
D001845,Bone Cysts,subchondral cysts
D001845,Bone Cysts,bone cysts
D001845,Bone Cysts,intraosseous ganglion
D001847,Bone Diseases,bone diseases
D001848,"Bone Diseases, Developmental","bone diseases, developmental"
D001849,"Bone Diseases, Endocrine","bone diseases, endocrine"
D001850,"Bone Diseases, Infectious","bone diseases, infectious"
D001851,"Bone Diseases, Metabolic","bone diseases, metabolic"
D001851,"Bone Diseases, Metabolic",osteopenia
D001855,Bone Marrow Diseases,bone marrow diseases
D001859,Bone Neoplasms,bone neoplasms
D001859,Bone Neoplasms,bone cancer
D001862,Bone Resorption,bone resorption
D001882,Border Disease,border disease
D001885,Bordetella Infections,bordetella infections
D001890,Borna Disease,borna disease
D001899,Borrelia Infections,borrelia infections
D001906,Botulism,wound botulism
D001906,Botulism,"botulism, infantile"
D001906,Botulism,botulism
D001906,Botulism,foodborne botulism
D001907,Boutonneuse Fever,boutonneuse fever
D001912,Bovine Virus Diarrhea-Mucosal Disease,bovine virus diarrhea-mucosal disease
D001913,Bowen's Disease,bowen's disease
D001919,Bradycardia,bradycardia
D001922,Brain Abscess,brain abscess
D001922,Brain Abscess,"brain abscess, sterile"
D001922,Brain Abscess,"brain abscess, multiple"
D001922,Brain Abscess,"brain abscess, child"
D001922,Brain Abscess,cerebral abscess
D001922,Brain Abscess,"brain abscess, pyogenic"
D001924,Brain Concussion,"concussion, intermediate"
D001924,Brain Concussion,brain concussion
D001924,Brain Concussion,"concussion, severe"
D001924,Brain Concussion,"concussion, mild"
D001925,"Brain Damage, Chronic","brain damage, chronic"
D001926,Brain Death,brain death
D001926,Brain Death,irreversible coma
D001927,Brain Diseases,brain diseases
D001927,Brain Diseases,encephalopathy
D001928,"Brain Diseases, Metabolic","brain diseases, metabolic"
D001928,"Brain Diseases, Metabolic",central nervous system metabolic disorders
D001928,"Brain Diseases, Metabolic","metabolic disorder, central nervous system, acquired"
D001928,"Brain Diseases, Metabolic","acquired metabolic diseases, nervous system"
D001928,"Brain Diseases, Metabolic","brain diseases, metabolic, acquired"
D001929,Brain Edema,cytotoxic brain edema
D001929,Brain Edema,brain edema
D001929,Brain Edema,vasogenic brain edema
D001929,Brain Edema,vasogenic cerebral edema
D001929,Brain Edema,cerebral edema
D001929,Brain Edema,cytotoxic cerebral edema
D001930,Brain Injuries,"brain injuries, focal"
D001930,Brain Injuries,brain lacerations
D001930,Brain Injuries,"injuries, acute brain"
D001930,Brain Injuries,brain injuries
D001932,Brain Neoplasms,"neoplasms, intracranial"
D001932,Brain Neoplasms,brain cancer
D001932,Brain Neoplasms,"brain tumor, recurrent"
D001932,Brain Neoplasms,brain neoplasms
D001932,Brain Neoplasms,malignant primary brain tumors
D001932,Brain Neoplasms,"brain tumor, primary"
D001932,Brain Neoplasms,brain metastases
D001932,Brain Neoplasms,"benign neoplasms, brain"
D001935,Branchioma,branchioma
D001935,Branchioma,branchial cleft cyst
D001941,Breast Diseases,endocrine breast diseases
D001941,Breast Diseases,breast diseases
D001943,Breast Neoplasms,breast carcinoma
D001943,Breast Neoplasms,"mammary neoplasms, human"
D001943,Breast Neoplasms,breast neoplasms
D001943,Breast Neoplasms,breast cancer
D001943,Breast Neoplasms,"mammary carcinoma, human"
D001946,Breech Presentation,breech presentation
D001946,Breech Presentation,incomplete breech
D001946,Breech Presentation,frank breech presentation
D001946,Breech Presentation,complete breech
D001948,Brenner Tumor,proliferative brenner tumor
D001948,Brenner Tumor,brenner tumor
D001948,Brenner Tumor,malignant brenner tumor
D001948,Brenner Tumor,benign brenner tumor
D001948,Brenner Tumor,brenner tumor of ovary
D001982,Bronchial Diseases,bronchial diseases
D001983,Bronchial Fistula,bronchial fistula
D001984,Bronchial Neoplasms,bronchial neoplasms
D001986,Bronchial Spasm,bronchial spasm
D001987,Bronchiectasis,bronchiectasis
D001987,Bronchiectasis,saccular bronchiectasis
D001987,Bronchiectasis,cylindrical bronchiectasis
D001987,Bronchiectasis,varicose bronchiectasis
D001988,Bronchiolitis,bronchiolitis
D001989,Bronchiolitis Obliterans,"bronchiolitis, proliferative"
D001989,Bronchiolitis Obliterans,constrictive bronchiolitis
D001989,Bronchiolitis Obliterans,"bronchiolitis, exudative"
D001989,Bronchiolitis Obliterans,bronchiolitis obliterans
D001990,"Bronchiolitis, Viral","bronchiolitis, viral"
D001991,Bronchitis,bronchitis
D001994,Bronchogenic Cyst,bronchogenic cyst
D001996,Bronchopneumonia,bronchopneumonia
D001997,Bronchopulmonary Dysplasia,bronchopulmonary dysplasia
D001998,Bronchopulmonary Sequestration,bronchopulmonary sequestration
D002006,Brucellosis,brucellosis
D002006,Brucellosis,"brucellosis, pulmonary"
D002007,"Brucellosis, Bovine","brucellosis, bovine"
D002012,Bruxism,bruxism
D002037,Bundle-Branch Block,fascicular block
D002037,Bundle-Branch Block,right bundle-branch block
D002037,Bundle-Branch Block,posterior fascicular block
D002037,Bundle-Branch Block,bundle-branch block
D002037,Bundle-Branch Block,left bundle-branch block
D002037,Bundle-Branch Block,anterior fascicular block
D002044,Bunyaviridae Infections,bunyaviridae infections
D002044,Bunyaviridae Infections,"infections, bunyavirus"
D002044,Bunyaviridae Infections,oropouche orthobunyavirus infection
D002044,Bunyaviridae Infections,orthobunyavirus infections
D002051,Burkitt Lymphoma,burkitt leukemia
D002051,Burkitt Lymphoma,burkitt lymphoma
D002051,Burkitt Lymphoma,african lymphoma
D002054,Burning Mouth Syndrome,burning mouth syndrome
D002055,"Burnout, Professional","burnout, professional"
D002056,Burns,burns
D002057,"Burns, Chemical","burns, chemical"
D002058,"Burns, Electric","burns, electric"
D002059,"Burns, Inhalation","burns, inhalation"
D002062,Bursitis,pes anserine bursitis
D002062,Bursitis,capsulitis
D002062,Bursitis,frozen shoulder
D002062,Bursitis,adhesive capsulitis
D002062,Bursitis,bursitis
D002095,Byssinosis,byssinosis
D002105,Cadmium Poisoning,cadmium poisoning
D002114,Calcinosis,calcinosis
D002114,Calcinosis,"calcinosis, tumoral"
D002114,Calcinosis,microcalcification
D002115,Calciphylaxis,calciphylaxis
D002115,Calciphylaxis,calcific uraemic arteriolopathy
D002128,Calcium Metabolism Disorders,calcium metabolism disorders
D002145,Callosities,callosities
D002145,Callosities,corns
D002169,Campylobacter Infections,campylobacter infections
D002177,Candidiasis,candidiasis
D002178,"Candidiasis, Chronic Mucocutaneous","candidiasis, chronic mucocutaneous"
D002179,"Candidiasis, Cutaneous","candidiasis, cutaneous"
D002180,"Candidiasis, Oral","candidiasis, oral"
D002181,"Candidiasis, Vulvovaginal","candidiasis, genital"
D002181,"Candidiasis, Vulvovaginal",vaginal yeast infections
D002181,"Candidiasis, Vulvovaginal","vaginitis, monilial"
D002181,"Candidiasis, Vulvovaginal","candidiasis, vulvovaginal"
D002181,"Candidiasis, Vulvovaginal",genital vulvovaginal candidiasis
D002189,Marijuana Abuse,cannabis dependence
D002189,Marijuana Abuse,hashish abuse
D002189,Marijuana Abuse,cannabis abuse
D002189,Marijuana Abuse,marijuana abuse
D002189,Marijuana Abuse,cannabis-related disorder
D002205,Caplan Syndrome,caplan syndrome
D002239,"Carbohydrate Metabolism, Inborn Errors","carbohydrate metabolism, inborn errors"
D002249,Carbon Monoxide Poisoning,carbon monoxide poisoning
D002249,Carbon Monoxide Poisoning,"poisoning, illuminating gas"
D002252,Carbon Tetrachloride Poisoning,carbon tetrachloride poisoning
D002270,Carbuncle,carbuncle
D002275,Carcinoid Heart Disease,carcinoid heart disease
D002276,Carcinoid Tumor,"carcinoid, goblet cell"
D002276,Carcinoid Tumor,argentaffinoma
D002276,Carcinoid Tumor,carcinoid tumor
D002277,Carcinoma,"carcinoma, spindle-cell"
D002277,Carcinoma,carcinoma
D002277,Carcinoma,"carcinoma, anaplastic"
D002277,Carcinoma,"carcinoma, undifferentiated"
D002277,Carcinoma,carcinomatosis
D002278,Carcinoma in Situ,"neoplasms, intraepithelial"
D002278,Carcinoma in Situ,carcinoma in situ
D002279,"Carcinoma 256, Walker","carcinoma 256, walker"
D002280,"Carcinoma, Basal Cell","carcinoma, basal cell"
D002280,"Carcinoma, Basal Cell","carcinoma, basal cell, pigmented"
D002281,"Carcinoma, Basosquamous","carcinoma, basosquamous"
D002282,"Adenocarcinoma, Bronchiolo-Alveolar","adenocarcinoma, bronchiolo-alveolar"
D002283,"Carcinoma, Bronchogenic","carcinoma, bronchogenic"
D002284,"Carcinoma, Brown-Pearce","carcinoma, brown-pearce"
D002285,"Carcinoma, Intraductal, Noninfiltrating",atypical ductal hyperplasia
D002285,"Carcinoma, Intraductal, Noninfiltrating","carcinoma, intraductal, noninfiltrating"
D002286,"Carcinoma, Ehrlich Tumor","carcinoma, ehrlich tumor"
D002287,"Carcinoma, Krebs 2","carcinoma, krebs 2"
D002288,"Adenocarcinoma, Mucinous","adenocarcinoma, mucinous"
D002289,"Carcinoma, Non-Small-Cell Lung","carcinoma, non-small-cell lung"
D002291,"Carcinoma, Papillary","carcinoma, papillary"
D002292,"Carcinoma, Renal Cell",clear cell renal cell carcinoma
D002292,"Carcinoma, Renal Cell",papillary renal cell carcinoma
D002292,"Carcinoma, Renal Cell",collecting duct carcinoma (kidney)
D002292,"Carcinoma, Renal Cell",chromophobe renal cell carcinoma
D002292,"Carcinoma, Renal Cell","carcinoma, renal cell"
D002292,"Carcinoma, Renal Cell",sarcomatoid renal cell carcinoma
D002293,"Adenocarcinoma, Scirrhous","adenocarcinoma, scirrhous"
D002294,"Carcinoma, Squamous Cell","carcinoma, squamous cell"
D002295,"Carcinoma, Transitional Cell","carcinoma, transitional cell"
D002296,Carcinosarcoma,carcinosarcoma
D002303,"Cardiac Output, Low",low cardiac output syndrome
D002303,"Cardiac Output, Low","cardiac output, low"
D002305,Cardiac Tamponade,cardiac tamponade
D002310,"Cardiomyopathy, Alcoholic","cardiomyopathy, alcoholic"
D002311,"Cardiomyopathy, Dilated","cardiomyopathy, dilated"
D002311,"Cardiomyopathy, Dilated","cardiomyopathy, familial idiopathic"
D002312,"Cardiomyopathy, Hypertrophic","cardiomyopathy, hypertrophic obstructive"
D002312,"Cardiomyopathy, Hypertrophic","cardiomyopathy, hypertrophic"
D002313,"Cardiomyopathy, Restrictive","cardiomyopathy, restrictive"
D002318,Cardiovascular Diseases,major adverse cardiac events
D002318,Cardiovascular Diseases,cardiac events
D002318,Cardiovascular Diseases,cardiovascular diseases
D002340,Carotid Artery Diseases,internal carotid artery diseases
D002340,Carotid Artery Diseases,external carotid artery diseases
D002340,Carotid Artery Diseases,carotid artery diseases
D002340,Carotid Artery Diseases,carotid atherosclerosis
D002340,Carotid Artery Diseases,"arterial diseases, common carotid"
D002341,Carotid Artery Thrombosis,external carotid artery thrombosis
D002341,Carotid Artery Thrombosis,carotid artery thrombosis
D002341,Carotid Artery Thrombosis,common carotid artery thrombosis
D002341,Carotid Artery Thrombosis,internal carotid artery thrombosis
D002345,Carotid Body Tumor,carotid body tumor
D002349,Carpal Tunnel Syndrome,carpal tunnel syndrome
D002357,Cartilage Diseases,chondromalacia
D002357,Cartilage Diseases,cartilage diseases
D002371,Cat Diseases,cat diseases
D002372,Cat-Scratch Disease,cat-scratch disease
D002375,Catalepsy,cerea flexibilitas
D002375,Catalepsy,catalepsy
D002385,Cataplexy,status cataplexicus
D002385,Cataplexy,cataplexy
D002386,Cataract,cataract
D002386,Cataract,lens opacities
D002386,Cataract,"cataract, membranous"
D002389,Catatonia,schizophreniform catatonia
D002389,Catatonia,"catatonia, malignant"
D002389,Catatonia,catatonia
D002389,Catatonia,"catatonia, organic"
D002418,Cattle Diseases,cattle diseases
D002422,Causalgia,causalgia
D002429,Cecal Diseases,cecal diseases
D002430,Cecal Neoplasms,cecal neoplasms
D002430,Cecal Neoplasms,cancer of cecum
D002446,Celiac Disease,celiac disease
D002471,"Cell Transformation, Neoplastic","cell transformation, neoplastic"
D002472,"Cell Transformation, Viral","cell transformation, viral"
D002481,Cellulitis,cellulitis
D002481,Cellulitis,phlegmon
D002485,Cementoma,cementifying fibroma of mandible
D002485,Cementoma,cementoma
D002485,Cementoma,cementifying fibroma of maxilla
D002493,Central Nervous System Diseases,central nervous system diseases
D002494,Central Nervous System Infections,central nervous system infections
D002524,Cerebellar Ataxia,hypermetria
D002524,Cerebellar Ataxia,adiadochokinesis
D002524,Cerebellar Ataxia,cerebellar dysmetria
D002524,Cerebellar Ataxia,cerebellar ataxia
D002524,Cerebellar Ataxia,cerebellar hemiataxia
D002526,Cerebellar Diseases,cerebellar diseases
D002527,Myoclonic Cerebellar Dyssynergia,myoclonic cerebellar dyssynergia
D002527,Myoclonic Cerebellar Dyssynergia,cerebelloparenchymal disorder v
D002528,Cerebellar Neoplasms,benign cerebellar neoplasms
D002528,Cerebellar Neoplasms,"cerebellar neoplasms, primary"
D002528,Cerebellar Neoplasms,cerebellar neoplasms
D002528,Cerebellar Neoplasms,cerebellar cancer
D002532,Intracranial Aneurysm,"mycotic aneurysm, intracranial"
D002532,Intracranial Aneurysm,brain aneurysm
D002532,Intracranial Aneurysm,"aneurysm, anterior communicating artery"
D002532,Intracranial Aneurysm,giant intracranial aneurysm
D002532,Intracranial Aneurysm,"aneurysm, posterior communicating artery"
D002532,Intracranial Aneurysm,intracranial aneurysm
D002532,Intracranial Aneurysm,cerebral aneurysm
D002532,Intracranial Aneurysm,"aneurysm, anterior cerebral artery"
D002532,Intracranial Aneurysm,"aneurysm, posterior cerebral artery"
D002532,Intracranial Aneurysm,"aneurysm, middle cerebral artery"
D002532,Intracranial Aneurysm,berry aneurysm
D002532,Intracranial Aneurysm,"aneurysm, basilar artery"
D002534,"Hypoxia, Brain","anoxia, brain"
D002534,"Hypoxia, Brain",anoxic brain damage
D002534,"Hypoxia, Brain",hypoxic brain damage
D002534,"Hypoxia, Brain","hypoxia, brain"
D002537,Intracranial Arteriosclerosis,cerebral arteriosclerosis
D002537,Intracranial Arteriosclerosis,intracranial atherosclerosis
D002537,Intracranial Arteriosclerosis,cerebral atherosclerosis
D002537,Intracranial Arteriosclerosis,intracranial arteriosclerosis
D002538,Intracranial Arteriovenous Malformations,intracranial arteriovenous malformations
D002538,Intracranial Arteriovenous Malformations,"intracranial arteriovenous malformation, ruptured"
D002538,Intracranial Arteriovenous Malformations,"arteriovenous malformations, cerebral"
D002539,Cerebral Arterial Diseases,cerebral arterial diseases
D002542,Intracranial Embolism and Thrombosis,intracranial embolism and thrombosis
D002542,Intracranial Embolism and Thrombosis,cerebral embolism and thrombosis
D002542,Intracranial Embolism and Thrombosis,brain embolism and thrombosis
D002543,Cerebral Hemorrhage,cerebral hemorrhage
D002544,Cerebral Infarction,"cerebral infarction, right hemisphere"
D002544,Cerebral Infarction,anterior choroidal artery infarction
D002544,Cerebral Infarction,"cerebral infarction, left hemisphere"
D002544,Cerebral Infarction,subcortical infarction
D002544,Cerebral Infarction,cerebral infarction
D002544,Cerebral Infarction,posterior choroidal artery infarction
D002545,Brain Ischemia,brain ischemia
D002545,Brain Ischemia,cerebral ischemia
D002546,"Ischemic Attack, Transient",crescendo transient ischemic attacks
D002546,"Ischemic Attack, Transient",carotid circulation transient ischemic attack
D002546,"Ischemic Attack, Transient","transient ischemic attack, anterior circulation"
D002546,"Ischemic Attack, Transient","ischemic attack, transient"
D002546,"Ischemic Attack, Transient","brain stem ischemia, transient"
D002546,"Ischemic Attack, Transient","transient ischemic attack, vertebrobasilar circulation"
D002546,"Ischemic Attack, Transient","cerebral ischemia, transient"
D002546,"Ischemic Attack, Transient",posterior circulation transient ischemic attack
D002547,Cerebral Palsy,"cerebral palsy, athetoid"
D002547,Cerebral Palsy,"cerebral palsy, rolandic type"
D002547,Cerebral Palsy,cerebral palsy
D002547,Cerebral Palsy,monoplegic cerebral palsy
D002547,Cerebral Palsy,"cerebral palsy, diplegic, infantile"
D002547,Cerebral Palsy,"cerebral palsy, atonic"
D002547,Cerebral Palsy,"cerebral palsy, dystonic-rigid"
D002547,Cerebral Palsy,"cerebral palsy, mixed"
D002547,Cerebral Palsy,"cerebral palsy, monoplegic, infantile"
D002547,Cerebral Palsy,"cerebral palsy, spastic"
D002547,Cerebral Palsy,"cerebral palsy, congenital"
D002547,Cerebral Palsy,"cerebral palsy, quadriplegic, infantile"
D002547,Cerebral Palsy,little disease
D002549,Diffuse Cerebral Sclerosis of Schilder,diffuse cerebral sclerosis of schilder
D002549,Diffuse Cerebral Sclerosis of Schilder,balo concentric sclerosis
D002549,Diffuse Cerebral Sclerosis of Schilder,alpers syndrome
D002551,Cerebral Ventricle Neoplasms,cerebral ventricle neoplasms
D002558,Cerebrospinal Fluid Otorrhea,cerebrospinal fluid otorrhea
D002558,Cerebrospinal Fluid Otorrhea,"cerebrospinal fluid otorrhea, traumatic"
D002558,Cerebrospinal Fluid Otorrhea,"cerebrospinal fluid otorrhea, spontaneous"
D002559,Cerebrospinal Fluid Rhinorrhea,cerebrospinal fluid rhinorrhea
D002559,Cerebrospinal Fluid Rhinorrhea,"cerebrospinal fluid rhinorrhea, post-traumatic"
D002559,Cerebrospinal Fluid Rhinorrhea,"cerebrospinal fluid rhinorrhea, spontaneous"
D002561,Cerebrovascular Disorders,cerebrovascular disorders
D002561,Cerebrovascular Disorders,cerebrovascular occlusion
D002561,Cerebrovascular Disorders,cerebrovascular insufficiency
D002573,Cervical Rib Syndrome,naffziger syndrome
D002573,Cervical Rib Syndrome,cervical rib syndrome
D002573,Cervical Rib Syndrome,cervical-rib-cervical-band syndrome
D002575,Uterine Cervicitis,uterine cervicitis
D002577,Uterine Cervical Diseases,uterine cervical diseases
D002578,Uterine Cervical Dysplasia,uterine cervical dysplasia
D002578,Uterine Cervical Dysplasia,"cervical intraepithelial neoplasia, grade iii"
D002579,Uterine Cervical Erosion,uterine cervical erosion
D002581,Uterine Cervical Incompetence,uterine cervical incompetence
D002583,Uterine Cervical Neoplasms,cancer of the uterine cervix
D002583,Uterine Cervical Neoplasms,uterine cervical neoplasms
D002590,Cestode Infections,dipylidiasis
D002590,Cestode Infections,coenuriasis
D002590,Cestode Infections,cestode infections
D002590,Cestode Infections,bertielliasis
D002590,Cestode Infections,cenuriasis
D002590,Cestode Infections,raillietiniasis
D002598,Chagas Cardiomyopathy,"myocarditis, chagas"
D002598,Chagas Cardiomyopathy,chagas cardiomyopathy
D002601,Chancre,chancre
D002602,Chancroid,chancroid
D002607,Charcot-Marie-Tooth Disease,charcot-marie-tooth disease
D002607,Charcot-Marie-Tooth Disease,hereditary type i motor and sensory neuropathy
D002607,Charcot-Marie-Tooth Disease,"charcot-marie-tooth disease, type ib"
D002607,Charcot-Marie-Tooth Disease,"charcot-marie-tooth disease, type ia"
D002607,Charcot-Marie-Tooth Disease,hmsn type ii
D002607,Charcot-Marie-Tooth Disease,roussy-levy syndrome
D002609,Chediak-Higashi Syndrome,chediak-higashi syndrome
D002613,Cheilitis,cheilitis
D002636,Cherubism,cherubism
D002639,Cheyne-Stokes Respiration,cheyne-stokes respiration
D002640,Chiari-Frommel Syndrome,chiari-frommel syndrome
D002644,Chickenpox,chickenpox
D002647,Chilblains,chilblains
D002690,Chlamydia Infections,chlamydia infections
D002694,Chlamydiaceae Infections,chlamydiaceae infections
D002754,Choanal Atresia,choanal atresia
D002759,"Adenoma, Bile Duct","adenoma, bile duct"
D002761,Cholangitis,cholangitis
D002764,Cholecystitis,"empyema, gallbladder"
D002764,Cholecystitis,cholecystitis
D002769,Cholelithiasis,cholelithiasis
D002771,Cholera,cholera
D002779,Cholestasis,cholestasis
D002780,"Cholestasis, Intrahepatic","cholestasis, intrahepatic"
D002781,Cholesteatoma,cholesteatoma
D002796,Choline Deficiency,choline deficiency
D002804,Chondroblastoma,chondroblastoma
D002805,Chondrocalcinosis,chondrocalcinosis
D002805,Chondrocalcinosis,calcium pyrophosphate dihydrate deposition
D002806,Chondrodysplasia Punctata,hunermann-conradi syndrome
D002806,Chondrodysplasia Punctata,chondrodysplasia punctata
D002812,Chondroma,enchondroma
D002812,Chondroma,chondroma
D002813,Chondrosarcoma,chondrosarcoma
D002817,Chordoma,chordoma
D002819,Chorea,"chorea, benign hereditary"
D002819,Chorea,chorea
D002819,Chorea,"dyskinesias, paroxysmal"
D002819,Chorea,"chorea, rheumatic"
D002819,Chorea,"chorea, chronic progressive"
D002819,Chorea,"chorea, senile"
D002819,Chorea,hereditary chorea
D002820,"Hydatidiform Mole, Invasive","hydatidiform mole, invasive"
D002821,Chorioamnionitis,amnionitis
D002821,Chorioamnionitis,chorioamnionitis
D002821,Chorioamnionitis,funisitis
D002822,Choriocarcinoma,choriocarcinoma
D002825,Chorioretinitis,chorioretinitis
D002830,Choroid Neoplasms,choroid neoplasms
D002832,Choroid Hemorrhage,choroid hemorrhage
D002833,Choroiditis,choroiditis
D002836,Hemophilia B,hemophilia b leyden
D002836,Hemophilia B,hemophilia b
D002862,Chromoblastomycosis,chromoblastomycosis
D002915,Chylous Ascites,chylous ascites
D002915,Chylous Ascites,chylous peritonitis
D002916,Chylothorax,chylothorax
D002925,Ciliary Motility Disorders,"ciliary dyskinesia, primary"
D002925,Ciliary Motility Disorders,ciliary motility disorders
D002971,Cleft Lip,cleft lip
D002972,Cleft Palate,"cleft palate, isolated"
D002972,Cleft Palate,cleft palate
D002973,Cleidocranial Dysplasia,cleidocranial dysplasia
D003003,Clonorchiasis,clonorchiasis
D003015,Clostridium Infections,clostridium sordellii infections
D003015,Clostridium Infections,clostridium perfringens infections
D003015,Clostridium Infections,clostridium perfringens food poisoning
D003015,Clostridium Infections,clostridium difficile infections
D003015,Clostridium Infections,clostridium infections
D003015,Clostridium Infections,clostridioides infections
D003025,Clubfoot,clubfoot
D003027,Cluster Headache,atypical cluster headache
D003027,Cluster Headache,episodic cluster headache
D003027,Cluster Headache,cluster headache
D003043,Cocarcinogenesis,cocarcinogenesis
D003047,Coccidioidomycosis,coccidioidomycosis
D003047,Coccidioidomycosis,coccidioides immitis infection
D003047,Coccidioidomycosis,coccidioides posadasii infection
D003048,Coccidiosis,coccidiosis
D003048,Coccidiosis,besnoitiasis
D003057,Cockayne Syndrome,"cockayne syndrome, type ii"
D003057,Cockayne Syndrome,cockayne syndrome
D003057,Cockayne Syndrome,"cockayne syndrome, type i"
D003057,Cockayne Syndrome,"cockayne syndrome, type iii"
D003074,Solitary Pulmonary Nodule,pulmonary coin lesion
D003074,Solitary Pulmonary Nodule,solitary pulmonary nodule
D003085,Colic,colic
D003085,Colic,infantile colic
D003085,Colic,abdominal cramps
D003092,Colitis,colitis
D003093,"Colitis, Ulcerative","colitis, ulcerative"
D003095,Collagen Diseases,collagen diseases
D003100,Colles' Fracture,colles' fracture
D003103,Coloboma,uveoretinal coloboma
D003103,Coloboma,coloboma
D003108,Colonic Diseases,colonic diseases
D003109,"Colonic Diseases, Functional","colonic diseases, functional"
D003110,Colonic Neoplasms,cancer of colon
D003110,Colonic Neoplasms,colonic neoplasms
D003110,Colonic Neoplasms,colon adenocarcinoma
D003112,Colonic Pseudo-Obstruction,ogilvie syndrome
D003112,Colonic Pseudo-Obstruction,colonic pseudo-obstruction
D003117,Color Vision Defects,"color blindness, red-green"
D003117,Color Vision Defects,monochromatopsia
D003117,Color Vision Defects,"color blindness, inherited"
D003117,Color Vision Defects,color blindness
D003117,Color Vision Defects,color vision defects
D003117,Color Vision Defects,"color blindness, green"
D003117,Color Vision Defects,"color blindness, acquired"
D003117,Color Vision Defects,"color blindness, red"
D003117,Color Vision Defects,achromatopsia
D003117,Color Vision Defects,"color blindness, blue"
D003121,Colorado Tick Fever,colorado tick fever
D003123,"Colorectal Neoplasms, Hereditary Nonpolyposis",hereditary nonpolyposis colorectal cancer
D003123,"Colorectal Neoplasms, Hereditary Nonpolyposis",lynch syndrome i
D003123,"Colorectal Neoplasms, Hereditary Nonpolyposis","colorectal neoplasms, hereditary nonpolyposis"
D003123,"Colorectal Neoplasms, Hereditary Nonpolyposis",lynch syndrome
D003128,Coma,pseudocoma
D003128,Coma,coma
D003137,Common Bile Duct Diseases,common bile duct diseases
D003138,Common Bile Duct Neoplasms,common bile duct neoplasms
D003139,Common Cold,"coryza, acute"
D003139,Common Cold,catarrh
D003139,Common Cold,common cold
D003141,Communicable Diseases,communicable diseases
D003147,Communication Disorders,communication disabilities
D003147,Communication Disorders,acquired communication disorders
D003147,Communication Disorders,neurogenic communication disorders
D003147,Communication Disorders,"communication disorders, developmental"
D003147,Communication Disorders,communication disorders
D003147,Communication Disorders,communicative dysfunction
D003147,Communication Disorders,childhood communication disorders
D003161,Compartment Syndromes,compartment syndromes
D003218,Condylomata Acuminata,condylomata acuminata
D003221,Confusion,confusion
D003221,Confusion,bewilderment
D003221,Confusion,"confusion, post-ictal"
D003221,Confusion,"confusion, reactive"
D003221,Confusion,disorientation
D003229,Conjunctival Diseases,conjunctival diseases
D003230,Conjunctival Neoplasms,conjunctival neoplasms
D003231,Conjunctivitis,conjunctivitis
D003232,"Conjunctivitis, Acute Hemorrhagic","conjunctivitis, acute hemorrhagic"
D003233,"Conjunctivitis, Allergic","conjunctivitis, allergic"
D003233,"Conjunctivitis, Allergic","conjunctivitis, vernal"
D003233,"Conjunctivitis, Allergic","keratoconjunctivitis, vernal"
D003233,"Conjunctivitis, Allergic","conjunctivitis, giant papillary"
D003234,"Conjunctivitis, Bacterial","conjunctivitis, bacterial"
D003235,"Conjunctivitis, Inclusion","conjunctivitis, inclusion"
D003236,"Conjunctivitis, Viral","conjunctivitis, viral"
D003240,Connective Tissue Diseases,connective tissue diseases
D003244,Consciousness Disorders,"consciousness, level depressed"
D003244,Consciousness Disorders,semiconsciousness
D003244,Consciousness Disorders,consciousness disorders
D003244,Consciousness Disorders,"consciousness, level altered"
D003286,Contracture,contracture
D003288,Contusions,contusions
D003294,"Seizures, Febrile","seizure, febrile, simple"
D003294,"Seizures, Febrile","seizure, febrile, complex"
D003294,"Seizures, Febrile","seizures, febrile"
D003310,Cor Triatriatum,cor triatriatum
D003316,Corneal Diseases,corneal diseases
D003317,"Corneal Dystrophies, Hereditary","corneal dystrophies, hereditary"
D003317,"Corneal Dystrophies, Hereditary","macular dystrophy, corneal"
D003317,"Corneal Dystrophies, Hereditary",groenouw's dystrophies
D003317,"Corneal Dystrophies, Hereditary","granular dystrophy, corneal"
D003317,"Corneal Dystrophies, Hereditary","stromal dystrophies, corneal"
D003318,Corneal Opacity,corneal opacity
D003320,Corneal Ulcer,corneal ulcer
D003323,Coronary Aneurysm,coronary aneurysm
D003324,Coronary Artery Disease,left main coronary artery disease
D003324,Coronary Artery Disease,coronary arteriosclerosis
D003324,Coronary Artery Disease,coronary artery disease
D003327,Coronary Disease,coronary disease
D003328,Coronary Thrombosis,coronary thrombosis
D003329,Coronary Vasospasm,coronary vasospasm
D003330,Coronary Vessel Anomalies,coronary vessel anomalies
D003333,Coronaviridae Infections,coronaviridae infections
D003354,Corynebacterium Infections,corynebacterium infections
D003371,Cough,cough
D003384,Coxsackievirus Infections,coxsackievirus infections
D003387,Cracked Tooth Syndrome,cracked tooth syndrome
D003389,Cranial Nerve Diseases,cranial nerve diseases
D003389,Cranial Nerve Diseases,"cranial neuropathies, multiple"
D003389,Cranial Nerve Diseases,cranial nerve palsies
D003390,Cranial Nerve Neoplasms,benign cranial nerve neoplasms
D003390,Cranial Nerve Neoplasms,"cranial neuroma, benign"
D003390,Cranial Nerve Neoplasms,cranial nerve neoplasms
D003390,Cranial Nerve Neoplasms,"cranial nerve neoplasms, malignant"
D003394,Craniofacial Dysostosis,craniofacial dysostosis
D003394,Craniofacial Dysostosis,crouzon disease
D003397,Craniopharyngioma,"craniopharyngioma, child"
D003397,Craniopharyngioma,"craniopharyngioma, adult"
D003397,Craniopharyngioma,"craniopharyngioma, adamantinous"
D003397,Craniopharyngioma,"craniopharyngioma, papillary"
D003397,Craniopharyngioma,craniopharyngioma
D003398,Craniosynostoses,craniosynostoses
D003398,Craniosynostoses,acrocephaly
D003398,Craniosynostoses,brachycephaly
D003398,Craniosynostoses,metopic synostosis
D003398,Craniosynostoses,trigonocephaly
D003398,Craniosynostoses,synostotic anterior plagiocephaly
D003398,Craniosynostoses,synostotic posterior plagiocephaly
D003398,Craniosynostoses,"craniosynostosis, type 1"
D003398,Craniosynostoses,scaphocephaly
D003409,Congenital Hypothyroidism,endemic cretinism
D003409,Congenital Hypothyroidism,"myxedema, congenital"
D003409,Congenital Hypothyroidism,congenital hypothyroidism
D003410,Cri-du-Chat Syndrome,cri-du-chat syndrome
D003414,Crigler-Najjar Syndrome,"crigler najjar syndrome, type 1"
D003414,Crigler-Najjar Syndrome,crigler-najjar syndrome
D003420,Crisscross Heart,crisscross heart
D003424,Crohn Disease,"ileitis, terminal"
D003424,Crohn Disease,ileocolitis
D003424,Crohn Disease,"colitis, granulomatous"
D003424,Crohn Disease,"enteritis, granulomatous"
D003424,Crohn Disease,crohn disease
D003428,Cross Infection,"infections, hospital"
D003428,Cross Infection,cross infection
D003440,Croup,croup
D003440,Croup,spasmodic croup
D003440,Croup,postintubation croup
D003440,Croup,viral croup
D003444,Crush Syndrome,crush syndrome
D003449,Cryoglobulinemia,cryoglobulinemia
D003453,Cryptococcosis,cryptococcus neoformans infection
D003453,Cryptococcosis,cryptococcosis
D003453,Cryptococcosis,cryptococcus gattii infection
D003456,Cryptorchidism,cryptorchidism
D003456,Cryptorchidism,unilateral cryptorchidism
D003456,Cryptorchidism,inguinal cryptorchidism
D003456,Cryptorchidism,abdominal cryptorchidism
D003456,Cryptorchidism,bilateral cryptorchidism
D003457,Cryptosporidiosis,cryptosporidiosis
D003480,Cushing Syndrome,cushing syndrome
D003483,Cutis Laxa,cutis laxa
D003528,"Carcinoma, Adenoid Cystic","carcinoma, adenoid cystic"
D003536,Cystadenocarcinoma,cystadenocarcinoma
D003537,Cystadenoma,cystadenoma
D003550,Cystic Fibrosis,pancreatic cystic fibrosis
D003550,Cystic Fibrosis,pulmonary cystic fibrosis
D003550,Cystic Fibrosis,cystic fibrosis
D003551,Cysticercosis,taenia solium cysticercosis
D003551,Cysticercosis,cysticercosis
D003551,Cysticercosis,coenurus cerebralis infection
D003551,Cysticercosis,cysticercus cellulosae infection
D003554,Cystinosis,nephropathic cystinosis
D003554,Cystinosis,cystinosis
D003555,Cystinuria,cystinuria
D003556,Cystitis,cystitis
D003557,Phyllodes Tumor,phyllodes tumor
D003557,Phyllodes Tumor,malignant cystosarcoma phyllodes
D003560,Cysts,cysts
D003586,Cytomegalovirus Infections,cytomegalovirus inclusion
D003586,Cytomegalovirus Infections,severe cytomegalovirus infection
D003586,Cytomegalovirus Infections,perinatal cytomegalovirus infection
D003586,Cytomegalovirus Infections,renal tubular cytomegalovirus inclusions
D003586,Cytomegalovirus Infections,cytomegalovirus infections
D003586,Cytomegalovirus Infections,cytomegalovirus colitis
D003586,Cytomegalovirus Infections,congenital cytomegalovirus infection
D003607,Dacryocystitis,dacryoadenitis
D003607,Dacryocystitis,dacryocystitis
D003616,Dandy-Walker Syndrome,"dandy-walker syndrome, familial"
D003616,Dandy-Walker Syndrome,dandy-walker syndrome
D003635,De Lange Syndrome,de lange syndrome
D003635,De Lange Syndrome,cornelia de lange syndrome 1
D003635,De Lange Syndrome,cornelia de lange syndrome 2
D003635,De Lange Syndrome,cornelia de lange syndrome 3
D003638,Deafness,"hearing loss, extreme"
D003638,Deafness,deafness
D003638,Deafness,"deafness, acquired"
D003638,Deafness,deafness permanent
D003638,Deafness,prelingual deafness
D003638,Deafness,"hearing loss, complete"
D003638,Deafness,deaf mutism
D003639,"Hearing Loss, Sudden","deafness, sudden"
D003639,"Hearing Loss, Sudden","hearing loss, sudden"
D003649,"Decalcification, Pathologic","decalcification, pathologic"
D003655,Decerebrate State,decorticate state
D003655,Decerebrate State,decorticate rigidity
D003655,Decerebrate State,decerebrate posturing
D003655,Decerebrate State,decerebrate state
D003665,Decompression Sickness,decompression sickness
D003668,Pressure Ulcer,pressure ulcer
D003677,Deficiency Diseases,deficiency diseases
D003680,Deglutition Disorders,esophageal dysphagia
D003680,Deglutition Disorders,deglutition disorders
D003680,Deglutition Disorders,oropharyngeal dysphagia
D003681,Dehydration,dehydration
D003681,Dehydration,water stress
D003693,Delirium,delirium of mixed origin
D003693,Delirium,subacute delirium
D003693,Delirium,delirium
D003699,Hepatitis D,hepatitis d
D003699,Hepatitis D,"superinfection, delta"
D003699,Hepatitis D,amazon black fever
D003704,Dementia,familial dementia
D003704,Dementia,dementia
D003704,Dementia,senile paranoid dementia
D003711,Demyelinating Diseases,"clinically isolated syndrome, cns demyelinating"
D003711,Demyelinating Diseases,demyelination
D003711,Demyelinating Diseases,demyelinating diseases
D003715,Dengue,dengue
D003719,Dens in Dente,dens in dente
D003728,Dental Calculus,dental calculus
D003731,Dental Caries,dental caries
D003731,Dental Caries,dental white spot
D003731,Dental Caries,carious dentin
D003741,Dental Deposits,dental deposits
D003744,Dental Enamel Hypoplasia,dental enamel hypoplasia
D003744,Dental Enamel Hypoplasia,enamel agenesis
D003750,Dental Fissures,dental fissures
D003751,Dental Fistula,dental fistula
D003763,Dental Leakage,dental leakage
D003769,"Dental Occlusion, Traumatic","dental occlusion, traumatic"
D003773,Dental Plaque,dental plaque
D003784,Dental Pulp Calcification,coronal dentin dysplasia
D003784,Dental Pulp Calcification,dental pulp calcification
D003784,Dental Pulp Calcification,dental pulp stone
D003788,Dental Pulp Diseases,dental pulp diseases
D003789,Dental Pulp Exposure,dental pulp exposure
D003790,Dental Pulp Necrosis,dental pulp necrosis
D003790,Dental Pulp Necrosis,dental pulp autolysis
D003790,Dental Pulp Necrosis,pulp mummification
D003790,Dental Pulp Necrosis,"gangrene, dental pulp"
D003803,Dentigerous Cyst,dentigerous cyst
D003805,Dentin Dysplasia,dentin dysplasia
D003807,Dentin Sensitivity,dentin sensitivity
D003809,"Dentin, Secondary","dentin, secondary"
D003811,Dentinogenesis Imperfecta,dentinogenesis imperfecta 1
D003811,Dentinogenesis Imperfecta,hereditary opalescent dentin
D003811,Dentinogenesis Imperfecta,dentinogenesis imperfecta
D003811,Dentinogenesis Imperfecta,dentinogenesis imperfecta without osteogenesis imperfecta
D003811,Dentinogenesis Imperfecta,opalescent dentin
D003872,Dermatitis,dermatitis
D003873,"Dermatitis, Exfoliative","dermatitis, exfoliative"
D003874,Dermatitis Herpetiformis,dermatitis herpetiformis
D003875,Drug Eruptions,drug eruptions
D003875,Drug Eruptions,morbilliform drug reaction
D003876,"Dermatitis, Atopic","dermatitis, atopic"
D003876,"Dermatitis, Atopic","eczema, infantile"
D003877,"Dermatitis, Contact","hypersensitivity, contact"
D003877,"Dermatitis, Contact","dermatitis, contact"
D003881,Dermatomycoses,dermatomycoses
D003882,Dermatomyositis,"dermatomyositis, childhood type"
D003882,Dermatomyositis,"dermatomyositis, adult type"
D003882,Dermatomyositis,dermatomyositis
D003884,Dermoid Cyst,dermoid cyst
D003914,Dextrocardia,dextrocardia
D003919,Diabetes Insipidus,diabetes insipidus
D003920,Diabetes Mellitus,diabetes mellitus
D003921,"Diabetes Mellitus, Experimental",alloxan diabetes
D003921,"Diabetes Mellitus, Experimental","diabetes mellitus, experimental"
D003921,"Diabetes Mellitus, Experimental",streptozotocin diabetes
D003922,"Diabetes Mellitus, Type 1","diabetes mellitus, ketosis-prone"
D003922,"Diabetes Mellitus, Type 1","diabetes mellitus, type 1"
D003922,"Diabetes Mellitus, Type 1","diabetes, autoimmune"
D003922,"Diabetes Mellitus, Type 1","diabetes mellitus, brittle"
D003923,"Diabetes Mellitus, Lipoatrophic","diabetes mellitus, lipoatrophic"
D003924,"Diabetes Mellitus, Type 2","diabetes mellitus, type 2"
D003925,Diabetic Angiopathies,"microangiopathy, diabetic"
D003925,Diabetic Angiopathies,diabetic angiopathies
D003926,Diabetic Coma,diabetic coma
D003928,Diabetic Nephropathies,diabetic glomerulosclerosis
D003928,Diabetic Nephropathies,intracapillary glomerulosclerosis
D003928,Diabetic Nephropathies,diabetic nephropathies
D003929,Diabetic Neuropathies,diabetic polyneuropathy
D003929,Diabetic Neuropathies,asymmetric diabetic proximal motor neuropathy
D003929,Diabetic Neuropathies,diabetic amyotrophy
D003929,Diabetic Neuropathies,symmetric diabetic proximal motor neuropathy
D003929,Diabetic Neuropathies,diabetic mononeuropathy
D003929,Diabetic Neuropathies,diabetic autonomic neuropathy
D003929,Diabetic Neuropathies,diabetic neuralgia
D003929,Diabetic Neuropathies,diabetic neuropathies
D003929,Diabetic Neuropathies,diabetic asymmetric polyneuropathy
D003930,Diabetic Retinopathy,diabetic retinopathy
D003963,Diaper Rash,diaper rash
D003965,Diaphragmatic Eventration,diaphragmatic eventration
D003966,Camurati-Engelmann Syndrome,camurati-engelmann syndrome
D003969,Vipoma,vipoma
D003969,Vipoma,pancreatic cholera
D003970,Diastema,diastema
D004011,Dicrocoeliasis,dicrocoeliasis
D004022,Dictyocaulus Infections,dictyocaulus infections
D004030,Dientamoebiasis,dientamoeba infection
D004030,Dientamoebiasis,dientamoebiasis
D004030,Dientamoebiasis,dientamoeba fragilis infection
D004057,"Hyperostosis, Diffuse Idiopathic Skeletal","hyperostosis, diffuse idiopathic skeletal"
D004062,DiGeorge Syndrome,velocardiofacial syndrome
D004062,DiGeorge Syndrome,conotruncal anomaly face syndrome
D004062,DiGeorge Syndrome,digeorge syndrome
D004065,Digestive System Abnormalities,digestive system abnormalities
D004066,Digestive System Diseases,hepatobiliary disorders
D004066,Digestive System Diseases,digestive system diseases
D004067,Digestive System Neoplasms,cancer of digestive system
D004067,Digestive System Neoplasms,digestive system neoplasms
D004154,Dipetalonema Infections,dipetalonema infections
D004165,Diphtheria,diphtheria
D004169,Diphyllobothriasis,diphyllobothriasis
D004172,Diplopia,"diplopia, unilateral"
D004172,Diplopia,"diplopia, cortical"
D004172,Diplopia,polyopsia
D004172,Diplopia,"diplopia, vertical"
D004172,Diplopia,"diplopia, refractive"
D004172,Diplopia,diplopia
D004172,Diplopia,"diplopia, horizontal"
D004172,Diplopia,"diplopia, intermittent"
D004184,Dirofilariasis,dirofilariasis
D004195,"Disease Models, Animal","disease models, animal"
D004204,Joint Dislocations,joint subluxations
D004204,Joint Dislocations,luxatio erecta
D004204,Joint Dislocations,joint dislocations
D004211,Disseminated Intravascular Coagulation,disseminated intravascular coagulation
D004216,Distemper,canine distemper
D004216,Distemper,distemper
D004238,Diverticulitis,diverticulitis
D004239,"Diverticulitis, Colonic","diverticulitis, colonic"
D004240,Diverticulum,diverticulum
D004240,Diverticulum,diverticulosis
D004241,"Diverticulum, Colon","diverticulum, colon"
D004266,DNA Virus Infections,dna virus infections
D004283,Dog Diseases,dog diseases
D004310,Double Outlet Right Ventricle,taussig-bing anomaly
D004310,Double Outlet Right Ventricle,"double outlet right ventricle, subaortic vsd"
D004310,Double Outlet Right Ventricle,"double outlet right ventricle, noncommitted vsd"
D004310,Double Outlet Right Ventricle,"double outlet right ventricle, subpulmonary vsd"
D004310,Double Outlet Right Ventricle,double outlet right ventricle
D004313,Dourine,dourine
D004314,Down Syndrome,"trisomy 21, mitotic nondisjunction"
D004314,Down Syndrome,"trisomy 21, meiotic nondisjunction"
D004314,Down Syndrome,down syndrome
D004314,Down Syndrome,"down syndrome, partial trisomy 21"
D004320,Dracunculiasis,dracunculiasis
D004332,Drowning,drowning
D004342,Drug Hypersensitivity,drug hypersensitivity
D004368,Dry Socket,alveolalgia
D004368,Dry Socket,dry socket
D004370,Duane Retraction Syndrome,"duane retraction syndrome, type 1"
D004370,Duane Retraction Syndrome,okihiro syndrome
D004370,Duane Retraction Syndrome,duane retraction syndrome
D004370,Duane Retraction Syndrome,"duane retraction syndrome, type 3"
D004370,Duane Retraction Syndrome,"duane retraction syndrome, type 2"
D004370,Duane Retraction Syndrome,acrorenoocular syndrome
D004374,"Ductus Arteriosus, Patent",patent ductus arteriosus familial
D004374,"Ductus Arteriosus, Patent","ductus arteriosus, patent"
D004377,Dumping Syndrome,dumping syndrome
D004378,Duodenal Diseases,duodenal diseases
D004379,Duodenal Neoplasms,duodenal neoplasms
D004379,Duodenal Neoplasms,duodenal cancer
D004380,Duodenal Obstruction,duodenal obstruction
D004381,Duodenal Ulcer,duodenal ulcer
D004381,Duodenal Ulcer,curling ulcer
D004382,Duodenitis,erosive duodenitis
D004382,Duodenitis,duodenitis
D004383,Duodenogastric Reflux,duodenogastric reflux
D004387,Dupuytren Contracture,dupuytren contracture
D004387,Dupuytren Contracture,dupuytren's disease
D004387,Dupuytren Contracture,"fibromatosis, palmar"
D004392,Dwarfism,dwarfism
D004393,"Dwarfism, Pituitary",hypophysial dwarf
D004393,"Dwarfism, Pituitary","dwarfism, pituitary"
D004401,Dysarthria,"dysarthria, spastic"
D004401,Dysarthria,"dysarthria, guttural"
D004401,Dysarthria,"dysarthria, flaccid"
D004401,Dysarthria,hyperkinetic dysarthria
D004401,Dysarthria,hypokinetic dysarthria
D004401,Dysarthria,dysarthria
D004401,Dysarthria,"dysarthria, mixed"
D004401,Dysarthria,"dysarthria, scanning"
D004402,"Dysautonomia, Familial","dysautonomia, familial"
D004403,Dysentery,dysentery
D004404,"Dysentery, Amebic","entamoebiasis, intestinal"
D004404,"Dysentery, Amebic","dysentery, amebic"
D004405,"Dysentery, Bacillary","dysentery, bacillary"
D004405,"Dysentery, Bacillary","dysentery, shigella sonnei"
D004405,"Dysentery, Bacillary",shigellosis
D004405,"Dysentery, Bacillary","dysentery, shigella boydii"
D004405,"Dysentery, Bacillary","dysentery, shigella flexneri"
D004405,"Dysentery, Bacillary","dysentery, shigella dysenteriae"
D004406,Dysgammaglobulinemia,dysgammaglobulinemia
D004407,Dysgerminoma,dysgerminoma
D004408,Dysgeusia,"taste, altered"
D004408,Dysgeusia,dysgeusia
D004409,"Dyskinesia, Drug-Induced","dyskinesia, drug-induced"
D004409,"Dyskinesia, Drug-Induced","dyskinesia, medication-induced"
D004410,Dyslexia,reading disorder
D004410,Dyslexia,dyslexia
D004410,Dyslexia,"reading disorder, developmental"
D004410,Dyslexia,alexia
D004411,"Dyslexia, Acquired",acquired spelling dyslexia
D004411,"Dyslexia, Acquired",acquired global dyslexia
D004411,"Dyslexia, Acquired","alexia, acquired"
D004411,"Dyslexia, Acquired","dyslexia, acquired"
D004413,Dysostoses,dysostoses
D004414,Dyspareunia,dyspareunia
D004416,Dysplastic Nevus Syndrome,dysplastic nevi
D004416,Dysplastic Nevus Syndrome,dysplastic nevus syndrome
D004416,Dysplastic Nevus Syndrome,familial atypical multiple mole-melanoma
D004417,Dyspnea,trepopnea
D004417,Dyspnea,rest dyspnea
D004417,Dyspnea,dyspnea
D004417,Dyspnea,platypnea
D004417,Dyspnea,orthopnea
D004418,"Dyspnea, Paroxysmal","dyspnea, paroxysmal"
D004418,"Dyspnea, Paroxysmal",paroxysmal nocturnal dyspnea
D004418,"Dyspnea, Paroxysmal","asthma, cardiac"
D004420,Dystocia,dystocia
D004421,Dystonia,"dystonia, diurnal"
D004421,Dystonia,"dystonia, limb"
D004421,Dystonia,dystonia
D004421,Dystonia,"dystonia, paroxysmal"
D004422,Dystonia Musculorum Deformans,dystonia musculorum deformans
D004422,Dystonia Musculorum Deformans,idiopathic torsion dystonia
D004426,"Ear Deformities, Acquired","ear deformities, acquired"
D004427,Ear Diseases,ear diseases
D004428,Ear Neoplasms,cancer of ear auricle
D004428,Ear Neoplasms,neoplasms of ear auricle
D004428,Ear Neoplasms,ear neoplasms
D004428,Ear Neoplasms,cancer of ear
D004433,Earache,earache
D004437,Ebstein Anomaly,familial ebstein's anomaly
D004437,Ebstein Anomaly,ebstein anomaly
D004438,Ecchymosis,ecchymosis
D004443,Echinococcosis,cystic echinococcosis
D004443,Echinococcosis,echinococcosis
D004444,"Echinococcosis, Hepatic","echinococcosis, hepatic"
D004445,"Echinococcosis, Pulmonary","echinococcosis, pulmonary"
D004451,Echinostomiasis,echinostomiasis
D004454,Echolalia,echolalia
D004457,Echovirus Infections,echovirus infections
D004461,Eclampsia,eclampsia
D004473,Ecthyma,ecthyma
D004474,"Ecthyma, Contagious","ecthyma, contagious"
D004476,Ectodermal Dysplasia,anhidrotic ectodermal dysplasia
D004476,Ectodermal Dysplasia,hidrotic ectodermal dysplasia
D004476,Ectodermal Dysplasia,ectodermal dysplasia
D004476,Ectodermal Dysplasia,aplasia cutis congenita
D004478,Ectoparasitic Infestations,ectoparasitic infestations
D004479,Ectopia Lentis,ectopia lentis
D004480,Ectromelia,ectromelia
D004480,Ectromelia,amelia
D004480,Ectromelia,hemimelia
D004480,Ectromelia,phocomelia
D004480,Ectromelia,sirenomelia
D004482,"Ectromelia, Infectious","ectromelia, infectious"
D004483,Ectropion,ectropion
D004485,Eczema,eczema
D004488,Edema Disease of Swine,edema disease of swine
D004489,"Edema, Cardiac","edema, cardiac"
D004535,Ehlers-Danlos Syndrome,ehlers-danlos syndrome
D004541,Eisenmenger Complex,eisenmenger complex
D004556,Electric Injuries,"electrocution, accidental"
D004556,Electric Injuries,electric injuries
D004604,Elephantiasis,elephantiasis nostras verrucosa
D004604,Elephantiasis,endemic non-filarial elephantiasis
D004604,Elephantiasis,podoconiosis
D004604,Elephantiasis,endemic elephantiasis
D004604,Elephantiasis,elephantiasis
D004604,Elephantiasis,bigfoot disease
D004605,"Elephantiasis, Filarial",malayi filariasis
D004605,"Elephantiasis, Filarial","elephantiasis, filarial"
D004605,"Elephantiasis, Filarial","elephantiasis, bancroftian"
D004612,"Elliptocytosis, Hereditary","elliptocytosis, hereditary"
D004613,Ellis-Van Creveld Syndrome,ellis-van creveld syndrome
D004617,Embolism,embolism
D004617,Embolism,embolus
D004618,"Embolism, Air","embolism, air"
D004619,"Embolism, Amniotic Fluid","embolism, amniotic fluid"
D004620,"Embolism, Fat","embolism, fat"
D004620,"Embolism, Fat",fat embolism syndrome
D004652,Empty Sella Syndrome,"empty sella syndrome, secondary"
D004652,Empty Sella Syndrome,empty sella syndrome
D004652,Empty Sella Syndrome,"empty sella syndrome, primary"
D004653,Empyema,empyema
D004654,"Empyema, Tuberculous","empyema, tuberculous"
D004660,Encephalitis,rasmussen syndrome
D004660,Encephalitis,encephalitis
D004670,"Encephalitis, California",jamestown canyon virus disease
D004670,"Encephalitis, California",tahyna virus infection
D004670,"Encephalitis, California",la crosse encephalitis
D004670,"Encephalitis, California",jamestown canyon virus encephalitis
D004670,"Encephalitis, California","encephalitis, california"
D004671,"Encephalitis, Arbovirus","encephalitis, arbovirus"
D004671,"Encephalitis, Arbovirus",australian encephalitis
D004671,"Encephalitis, Arbovirus",mosquito-borne encephalitis
D004672,"Encephalitis, Japanese","encephalitis, japanese"
D004673,"Encephalomyelitis, Acute Disseminated","encephalomyelitis, postexanthem"
D004673,"Encephalomyelitis, Acute Disseminated",postinfectious encephalomyelitis
D004673,"Encephalomyelitis, Acute Disseminated","encephalomyelitis, acute disseminated"
D004673,"Encephalomyelitis, Acute Disseminated","encephalitis, post-vaccinal"
D004674,"Encephalitis, St. Louis","meningoencephalitis, st. louis"
D004674,"Encephalitis, St. Louis","encephalitis, st. louis"
D004675,"Encephalitis, Tick-Borne","encephalitis, tick-borne"
D004675,"Encephalitis, Tick-Borne","encephalitis, european tick-borne"
D004675,"Encephalitis, Tick-Borne","encephalitis, louping ill"
D004675,"Encephalitis, Tick-Borne","encephalitis, russian spring-summer"
D004675,"Encephalitis, Tick-Borne",powassan encephalitis
D004675,"Encephalitis, Tick-Borne","encephalitis, central european"
D004677,Encephalocele,acquired encephalocele
D004677,Encephalocele,cerebellar herniation
D004677,Encephalocele,encephalocele
D004677,Encephalocele,frontal encephalocele
D004677,Encephalocele,occipital encephalocele
D004677,Encephalocele,"encephalocele, sincipital"
D004678,Encephalomalacia,multicystic encephalomalacia
D004678,Encephalomalacia,encephalomalacia
D004679,Encephalomyelitis,"encephalomyelitis, inflammatory"
D004679,Encephalomyelitis,encephalomyelitis
D004681,"Encephalomyelitis, Autoimmune, Experimental","encephalomyelitis, autoimmune, experimental"
D004681,"Encephalomyelitis, Autoimmune, Experimental","encephalomyelitis, allergic"
D004682,"Encephalomyelitis, Enzootic Porcine","encephalomyelitis, enzootic porcine"
D004682,"Encephalomyelitis, Enzootic Porcine",talfan disease
D004683,"Encephalomyelitis, Equine","encephalomyelitis, equine"
D004684,"Leukoencephalitis, Acute Hemorrhagic",necrotizing hemorrhagic encephalomyelitis
D004684,"Leukoencephalitis, Acute Hemorrhagic","leukoencephalitis, acute hemorrhagic"
D004684,"Leukoencephalitis, Acute Hemorrhagic","encephalitis, acute necrotizing"
D004684,"Leukoencephalitis, Acute Hemorrhagic","leukoencephalitis, subacute hemorrhagic"
D004685,"Encephalomyelitis, Venezuelan Equine","encephalomyelitis, venezuelan equine"
D004687,Enchondromatosis,enchondromatosis
D004687,Enchondromatosis,maffucci syndrome
D004692,Endarteritis,endarteritis
D004694,Endocardial Cushion Defects,endocardial cushion defects
D004694,Endocardial Cushion Defects,persistent common atrioventricular canal
D004695,Endocardial Fibroelastosis,endocardial fibroelastosis
D004696,Endocarditis,infective endocarditis
D004696,Endocarditis,endocarditis
D004697,"Endocarditis, Bacterial","endocarditis, bacterial"
D004698,"Endocarditis, Subacute Bacterial","endocarditis, subacute bacterial"
D004700,Endocrine System Diseases,endocrine system diseases
D004701,Endocrine Gland Neoplasms,carcinoma of endocrine gland
D004701,Endocrine Gland Neoplasms,endocrine gland neoplasms
D004714,Endometrial Hyperplasia,endometrial hyperplasia
D004714,Endometrial Hyperplasia,simple endometrial hyperplasia
D004714,Endometrial Hyperplasia,atypical endometrial hyperplasia
D004714,Endometrial Hyperplasia,complex endometrial hyperplasia
D004715,Endometriosis,endometriosis
D004715,Endometriosis,endometrioma
D004716,Endometritis,endomyometritis
D004716,Endometritis,endometritis
D004719,Endomyocardial Fibrosis,endomyocardial fibrosis
D004749,Entamoebiasis,entamoebiasis
D004749,Entamoebiasis,entamoeba histolytica infection
D004751,Enteritis,enteritis
D004753,"Enteritis, Transmissible, of Turkeys","enteritis, transmissible, of turkeys"
D004756,Enterobacteriaceae Infections,enterobacteriaceae infections
D004756,Enterobacteriaceae Infections,cronobacter infections
D004760,Enterocolitis,enterocolitis
D004761,"Enterocolitis, Pseudomembranous",antibiotic-associated colitis
D004761,"Enterocolitis, Pseudomembranous","enteritis, pseudomembranous"
D004761,"Enterocolitis, Pseudomembranous","enterocolitis, pseudomembranous"
D004761,"Enterocolitis, Pseudomembranous","colitis, pseudomembranous"
D004761,"Enterocolitis, Pseudomembranous",clostridium enterocolitis
D004767,Enterotoxemia,enterotoxemia
D004769,Enterovirus Infections,enterovirus infections
D004774,Entropion,entropion
D004775,Enuresis,enuresis
D004802,Eosinophilia,eosinophilia
D004802,Eosinophilia,"eosinophilia, tropical"
D004802,Eosinophilia,hypereosinophilia
D004803,Eosinophilic Granuloma,eosinophilic granuloma
D004806,Ependymoma,anaplastic ependymoma
D004806,Ependymoma,"ependymoma, papillary"
D004806,Ependymoma,ependymoma
D004806,Ependymoma,cellular ependymoma
D004806,Ependymoma,"ependymoma, myxopapillary"
D004810,Ephemeral Fever,ephemeral fever
D004814,Epidermal Cyst,epidermal cyst
D004814,Epidermal Cyst,pilar cyst
D004818,"Epidermitis, Exudative, of Swine","epidermitis, exudative, of swine"
D004819,Epidermodysplasia Verruciformis,epidermodysplasia verruciformis
D004820,Epidermolysis Bullosa,epidermolysis bullosa
D004823,Epididymitis,epididymitis
D004826,Epiglottitis,epiglottitis
D004827,Epilepsy,awakening epilepsy
D004827,Epilepsy,"epilepsy, cryptogenic"
D004827,Epilepsy,epilepsy
D004827,Epilepsy,aura
D004828,"Epilepsies, Partial",uncinate seizures
D004828,"Epilepsies, Partial",gelastic epilepsy
D004828,"Epilepsies, Partial",childhood benign occipital epilepsy
D004828,"Epilepsies, Partial",amygdalo-hippocampal epilepsy
D004828,"Epilepsies, Partial",simple partial seizures
D004828,"Epilepsies, Partial",occipital lobe epilepsy
D004828,"Epilepsies, Partial",rhinencephalic epilepsy
D004828,"Epilepsies, Partial",panayiotopoulos syndrome
D004828,"Epilepsies, Partial","benign focal epilepsy, childhood"
D004828,"Epilepsies, Partial","epilepsy, simple partial"
D004828,"Epilepsies, Partial","epilepsies, partial"
D004828,"Epilepsies, Partial",subclinical seizure
D004828,"Epilepsies, Partial",benign occipital epilepsy
D004828,"Epilepsies, Partial",abdominal epilepsy
D004829,"Epilepsy, Generalized",symptomatic generalized epilepsy
D004829,"Epilepsy, Generalized",generalized nonconvulsive seizure disorder
D004829,"Epilepsy, Generalized","epilepsy, generalized"
D004829,"Epilepsy, Generalized","epilepsy, tonic"
D004829,"Epilepsy, Generalized",convulsive generalized seizure disorder
D004829,"Epilepsy, Generalized","epilepsy, atonic"
D004829,"Epilepsy, Generalized","epilepsy, akinetic"
D004830,"Epilepsy, Tonic-Clonic","epilepsy, tonic-clonic"
D004830,"Epilepsy, Tonic-Clonic","epilepsy, tonic-clonic, symptomatic"
D004830,"Epilepsy, Tonic-Clonic",cryptogenic tonic-clonic epilepsy
D004830,"Epilepsy, Tonic-Clonic","epilepsy, tonic-clonic, familial"
D004831,"Epilepsies, Myoclonic",myoclonic encephalopathy
D004831,"Epilepsies, Myoclonic","epilepsy, myoclonic, infantile, severe"
D004831,"Epilepsies, Myoclonic",idiopathic myoclonic epilepsy
D004831,"Epilepsies, Myoclonic",myoclonic astatic epilepsy
D004831,"Epilepsies, Myoclonic",symptomatic myoclonic epilepsy
D004831,"Epilepsies, Myoclonic","early childhood epilepsy, myoclonic"
D004831,"Epilepsies, Myoclonic","epilepsies, myoclonic"
D004831,"Epilepsies, Myoclonic","epilepsy, myoclonic, infantile"
D004831,"Epilepsies, Myoclonic",benign infantile myoclonic epilepsy
D004831,"Epilepsies, Myoclonic",myoclonic absence epilepsy
D004832,"Epilepsy, Absence",akinetic petit mal
D004832,"Epilepsy, Absence","epilepsy, minor"
D004832,"Epilepsy, Absence",childhood absence epilepsy
D004832,"Epilepsy, Absence",juvenile absence epilepsy
D004832,"Epilepsy, Absence","epilepsy, absence"
D004832,"Epilepsy, Absence","epilepsy, absence, atypical"
D004832,"Epilepsy, Absence",absence seizure disorder
D004833,"Epilepsy, Temporal Lobe","epilepsy, temporal lobe"
D004833,"Epilepsy, Temporal Lobe","epilepsy, benign psychomotor, childhood"
D004833,"Epilepsy, Temporal Lobe","epilepsy, lateral temporal"
D004833,"Epilepsy, Temporal Lobe","epilepsy, uncinate"
D004834,"Epilepsy, Post-Traumatic",impact seizure
D004834,"Epilepsy, Post-Traumatic",late post-traumatic seizures
D004834,"Epilepsy, Post-Traumatic","epilepsy, post-traumatic"
D004834,"Epilepsy, Post-Traumatic",early post-traumatic seizures
D004834,"Epilepsy, Post-Traumatic",concussive convulsion
D004839,"Epiphyses, Slipped","epiphyses, slipped"
D004842,Epispadias,epispadias
D004844,Epistaxis,epistaxis
D004859,Equine Infectious Anemia,equine infectious anemia
D004863,Equinus Deformity,talipes equinovalgus
D004863,Equinus Deformity,equinus deformity
D004881,Ergotism,ergotism
D004886,Erysipelas,erysipelas
D004887,Erysipeloid,erysipeloid
D004889,Erysipelothrix Infections,erysipelothrix infections
D004890,Erythema,erythema
D004891,Erythema Induratum,erythema induratum
D004892,Erythema Multiforme,erythema multiforme
D004893,Erythema Nodosum,erythema nodosum
D004894,Erythrasma,erythrasma
D004899,"Erythroblastosis, Fetal","erythroblastosis, fetal"
D004915,"Leukemia, Erythroblastic, Acute","leukemia, erythroblastic, acute"
D004916,Erythromelalgia,erythromelalgia
D004916,Erythromelalgia,primary erythermalgia
D004919,Erythroplasia,erythroplasia
D004927,Escherichia coli Infections,escherichia coli infections
D004931,Esophageal Achalasia,esophageal achalasia
D004931,Esophageal Achalasia,megaesophagus
D004932,Esophageal and Gastric Varices,gastric varix
D004932,Esophageal and Gastric Varices,esophageal and gastric varices
D004932,Esophageal and Gastric Varices,esophageal varices
D004933,Esophageal Atresia,esophageal atresia
D004934,Esophageal Cyst,esophageal cyst
D004935,Esophageal Diseases,esophageal diseases
D004936,"Diverticulum, Esophageal","diverticulum, esophageal"
D004937,Esophageal Fistula,esophageal fistula
D004938,Esophageal Neoplasms,cancer of esophagus
D004938,Esophageal Neoplasms,esophageal neoplasms
D004939,Esophageal Perforation,esophageal perforation
D004940,Esophageal Stenosis,esophageal stenosis
D004940,Esophageal Stenosis,esophageal stricture
D004941,Esophagitis,esophagitis
D004942,"Esophagitis, Peptic","esophagitis, peptic"
D004948,Esotropia,esophoria
D004948,Esotropia,esotropia
D004948,Esotropia,secondary esotropia
D004948,Esotropia,esodeviation
D004948,Esotropia,intermittent esotropia
D004948,Esotropia,primary esotropia
D004948,Esotropia,monocular esotropia
D005058,Eunuchism,eunuchoidism
D005058,Eunuchism,eunuchism
D005067,Euthyroid Sick Syndromes,low t3-high t4 syndrome
D005067,Euthyroid Sick Syndromes,low t3-low t4 syndrome
D005067,Euthyroid Sick Syndromes,low t3 syndrome
D005067,Euthyroid Sick Syndromes,high t4 syndrome
D005067,Euthyroid Sick Syndromes,euthyroid sick syndromes
D005076,Exanthema,exanthema
D005077,Exanthema Subitum,exanthema subitum
D005094,Exophthalmos,exophthalmos
D005096,Exostoses,exostoses
D005097,"Exostoses, Multiple Hereditary","exostoses, multiple hereditary"
D005099,Exotropia,secondary exotropia
D005099,Exotropia,exodeviation
D005099,Exotropia,exotropia
D005099,Exotropia,exophoria
D005099,Exotropia,monocular exotropia
D005099,Exotropia,primary exotropia
D005099,Exotropia,alternating exotropia
D005117,"Cardiac Complexes, Premature","cardiac complexes, premature"
D005119,Extravasation of Diagnostic and Therapeutic Materials,extravasation of contrast media
D005119,Extravasation of Diagnostic and Therapeutic Materials,extravasation of diagnostic and therapeutic materials
D005124,Eye Abnormalities,eye abnormalities
D005126,Eye Burns,eye burns
D005128,Eye Diseases,eye diseases
D005129,Eye Foreign Bodies,eye foreign bodies
D005130,Eye Hemorrhage,eye hemorrhage
D005131,Eye Injuries,eye injuries
D005132,Eye Manifestations,eye manifestations
D005134,Eye Neoplasms,eye neoplasms
D005134,Eye Neoplasms,cancer of eye
D005141,Eyelid Diseases,eyelid diseases
D005142,Eyelid Neoplasms,eyelid neoplasms
D005148,Facial Dermatoses,nodular elastoidosis
D005148,Facial Dermatoses,facial dermatoses
D005148,Facial Dermatoses,favre-racouchot syndrome
D005150,Facial Hemiatrophy,facial hemiatrophy
D005151,Facial Injuries,facial injuries
D005153,Facial Neoplasms,facial neoplasms
D005155,Facial Nerve Diseases,geniculate ganglionitis
D005155,Facial Nerve Diseases,facial nerve motor disorders
D005155,Facial Nerve Diseases,facial neuritis
D005155,Facial Nerve Diseases,familial facial neuropathy
D005155,Facial Nerve Diseases,facial myokymia
D005155,Facial Nerve Diseases,facial nerve sensory disorders
D005155,Facial Nerve Diseases,acquired facial neuropathy
D005155,Facial Nerve Diseases,facial nerve diseases
D005156,Facial Neuralgia,facial neuralgia
D005156,Facial Neuralgia,sphenopalatine neuralgia
D005156,Facial Neuralgia,myofacial pain syndromes
D005158,Facial Paralysis,facial paralysis
D005158,Facial Paralysis,hemifacial paralysis
D005158,Facial Paralysis,"facial palsy, lower motor neuron"
D005158,Facial Paralysis,"facial palsy, upper motor neuron"
D005158,Facial Paralysis,facial paresis
D005166,Factor V Deficiency,factor v deficiency
D005168,Factor VII Deficiency,factor vii deficiency
D005171,Factor X Deficiency,factor x deficiency
D005173,Factor XI Deficiency,factor xi deficiency
D005175,Factor XII Deficiency,factor xii deficiency
D005177,Factor XIII Deficiency,factor xiii deficiency
D005184,Fallopian Tube Diseases,fallopian tube diseases
D005184,Fallopian Tube Diseases,tubal obstruction
D005185,Fallopian Tube Neoplasms,fallopian tube neoplasms
D005185,Fallopian Tube Neoplasms,fallopian tube cancer
D005198,Fanconi Syndrome,fanconi syndrome without cystinosis
D005198,Fanconi Syndrome,fanconi syndrome
D005198,Fanconi Syndrome,toni-debre-fanconi syndrome
D005198,Fanconi Syndrome,fanconi bickel syndrome
D005199,Fanconi Anemia,fanconi anemia
D005203,Farmer's Lung,mushroom worker's lung
D005203,Farmer's Lung,farmer's lung
D005207,Fasciculation,"fasciculation, tongue"
D005207,Fasciculation,"fasciculation, benign"
D005207,Fasciculation,"fasciculation, skeletal muscle"
D005207,Fasciculation,fasciculation
D005208,Fasciitis,fasciitis
D005211,Fascioliasis,fascioliasis
D005213,Fascioloidiasis,fascioloidiasis
D005234,Fatty Liver,fatty liver
D005234,Fatty Liver,steatohepatitis
D005235,"Fatty Liver, Alcoholic",alcoholic steatohepatitis
D005235,"Fatty Liver, Alcoholic","fatty liver, alcoholic"
D005236,Favism,favism
D005242,Fecal Incontinence,fecal incontinence
D005242,Fecal Incontinence,fecal soiling
D005244,Fecal Impaction,fecal impaction
D005244,Fecal Impaction,"feces, impacted"
D005254,Feline Panleukopenia,feline panleukopenia
D005258,Felty Syndrome,familial felty's syndrome
D005258,Felty Syndrome,felty syndrome
D005261,Female Urogenital Diseases and Pregnancy Complications,female urogenital diseases and pregnancy complications
D005264,Femoral Fractures,femoral fractures
D005265,Femoral Neck Fractures,femoral neck fractures
D005266,Femoral Neoplasms,femoral neoplasms
D005271,Femur Head Necrosis,femur head necrosis
D005271,Femur Head Necrosis,"necrosis, avascular, of femur head"
D005271,Femur Head Necrosis,aseptic necrosis of femur head
D005311,Fetal Hypoxia,fetal anoxia
D005311,Fetal Hypoxia,fetal hypoxia
D005313,Fetal Death,fetal death
D005313,Fetal Death,fetal mummification
D005315,Fetal Diseases,embryopathies
D005315,Fetal Diseases,fetal diseases
D005317,Fetal Growth Retardation,fetal growth retardation
D005320,Fetal Macrosomia,fetal macrosomia
D005322,"Fetal Membranes, Premature Rupture","fetal membranes, premature rupture"
D005322,"Fetal Membranes, Premature Rupture",preterm premature rupture of fetal membranes
D005327,Fetal Resorption,fetal resorption
D005330,Fetofetal Transfusion,fetofetal transfusion
D005331,Fetomaternal Transfusion,fetomaternal transfusion
D005348,Fibrocystic Breast Disease,fibrocystic breast disease
D005348,Fibrocystic Breast Disease,microglandular adenosis
D005348,Fibrocystic Breast Disease,cystic breast disease
D005348,Fibrocystic Breast Disease,chronic cystic mastitis
D005350,Fibroma,fibromatosis
D005350,Fibroma,fibroma
D005350,Fibroma,myxofibroma
D005351,"Fibromatosis, Gingival","fibromatosis, gingival"
D005352,Fibromuscular Dysplasia,fibromuscular dysplasia
D005354,Fibrosarcoma,fibrosarcoma
D005356,Fibromyalgia,"fibromyalgia, primary"
D005356,Fibromyalgia,"fibromyalgia, secondary"
D005356,Fibromyalgia,fibromyalgia
D005357,Fibrous Dysplasia of Bone,fibrocartilaginous dysplasia of bone
D005357,Fibrous Dysplasia of Bone,fibrous dysplasia of bone
D005357,Fibrous Dysplasia of Bone,fibrocystic dysplasia of bone
D005358,"Fibrous Dysplasia, Monostotic","fibrous dysplasia, monostotic"
D005359,"Fibrous Dysplasia, Polyostotic","fibrous dysplasia, polyostotic"
D005359,"Fibrous Dysplasia, Polyostotic",albright syndrome
D005368,Filariasis,elaeophoriasis
D005368,Filariasis,filariasis
D005383,Finger Injuries,finger injuries
D005393,Fish Diseases,fish diseases
D005401,Fissure in Ano,fissure in ano
D005401,Fissure in Ano,anal ulcer
D005409,Flail Chest,flail chest
D005413,Flatfoot,talipes calcaneovalgus
D005413,Flatfoot,vertical talus
D005413,Flatfoot,flatfoot
D005458,Fluoride Poisoning,fluoride poisoning
D005489,Focal Dermal Hypoplasia,focal dermal hypoplasia
D005490,Focal Infection,focal infection
D005491,"Focal Infection, Dental","focal infection, dental"
D005494,Folic Acid Deficiency,folic acid deficiency
D005497,Follicular Cyst,follicular cyst
D005499,Folliculitis,folliculitis
D005499,Folliculitis,sycosis
D005512,Food Hypersensitivity,food hypersensitivity
D005517,Foodborne Diseases,foodborne diseases
D005517,Foodborne Diseases,food poisoning
D005530,Foot Deformities,foot deformities
D005530,Foot Deformities,metatarsal deformity
D005531,"Foot Deformities, Acquired","foot deformities, acquired"
D005532,"Foot Deformities, Congenital","foot deformities, congenital"
D005533,Foot Dermatoses,foot dermatoses
D005534,Foot Diseases,foot diseases
D005535,Foot Rot,foot rot
D005536,Foot-and-Mouth Disease,foot-and-mouth disease
D005543,Forearm Injuries,forearm injuries
D005547,Foreign Bodies,foreign bodies
D005547,Foreign Bodies,gossypiboma
D005547,Foreign Bodies,retained surgical items
D005548,Foreign-Body Migration,foreign-body migration
D005549,Foreign-Body Reaction,foreign-body reaction
D005585,Influenza in Birds,influenza in birds
D005586,Fowlpox,birdpox
D005586,Fowlpox,fowlpox
D005588,Fox-Fordyce Disease,fox-fordyce disease
D005596,"Fractures, Closed","fractures, closed"
D005596,"Fractures, Closed","fractures, occult"
D005597,"Fractures, Open","fractures, open"
D005598,"Fractures, Spontaneous","fractures, spontaneous"
D005599,"Fractures, Ununited","fractures, ununited"
D005600,Fragile X Syndrome,fraxe syndrome
D005600,Fragile X Syndrome,fragile x syndrome
D005600,Fragile X Syndrome,fraxa syndrome
D005611,Freemartinism,freemartinism
D005621,Friedreich Ataxia,friedreich ataxia
D005627,Frostbite,frostbite
D005633,Fructose Intolerance,fructose intolerance
D005642,Fuchs' Endothelial Dystrophy,fuchs' endothelial dystrophy
D005645,Fucosidosis,fucosidosis
D005645,Fucosidosis,fucosidosis type i
D005645,Fucosidosis,fucosidosis type ii
D005660,Funnel Chest,funnel chest
D005667,Furunculosis,boils
D005667,Furunculosis,furunculosis
D005671,Fused Teeth,"incisors, fused mandibular"
D005671,Fused Teeth,fused teeth
D005674,Fusobacterium Infections,necrobacillosis
D005674,Fusobacterium Infections,fusobacterium infections
D005687,Galactorrhea,galactorrhea
D005693,Galactosemias,galactose-1-phosphate uridyl-transferase deficiency disease
D005693,Galactosemias,galactokinase deficiency disease
D005693,Galactosemias,galactosemias
D005693,Galactosemias,udpglucose 4-epimerase deficiency disease
D005705,Gallbladder Diseases,gallbladder diseases
D005706,Gallbladder Neoplasms,gallbladder neoplasms
D005706,Gallbladder Neoplasms,cancer of gallbladder
D005729,Ganglioneuroma,ganglioneuroma
D005733,Gangliosidoses,gangliosidoses
D005736,Gardner Syndrome,gardner syndrome
D005738,Gas Gangrene,gas gangrene
D005739,Gas Poisoning,gas poisoning
D005747,Gastric Fistula,gastric fistula
D005756,Gastritis,gastritis
D005757,"Gastritis, Atrophic","gastritis, atrophic"
D005758,"Gastritis, Hypertrophic","gastritis, familial giant hypertrophic"
D005758,"Gastritis, Hypertrophic","gastritis, hypertrophic"
D005759,Gastroenteritis,gastroenteritis
D005761,"Gastroenteritis, Transmissible, of Swine","gastroenteritis, transmissible, of swine"
D005764,Gastroesophageal Reflux,gastroesophageal reflux
D005767,Gastrointestinal Diseases,cholera infantum
D005767,Gastrointestinal Diseases,functional gastrointestinal disorders
D005767,Gastrointestinal Diseases,gastrointestinal diseases
D005770,Gastrointestinal Neoplasms,gastrointestinal neoplasms
D005770,Gastrointestinal Neoplasms,cancer of gastrointestinal tract
D005776,Gaucher Disease,"gaucher disease, type 3"
D005776,Gaucher Disease,gaucher disease
D005776,Gaucher Disease,"gaucher disease, type 1"
D005776,Gaucher Disease,"gaucher disease, type 2"
D005831,"Genital Diseases, Female","genital diseases, female"
D005832,"Genital Diseases, Male","genital diseases, male"
D005833,"Genital Neoplasms, Female","genital neoplasms, female"
D005834,"Genital Neoplasms, Male","genital neoplasms, male"
D005847,Geotrichosis,geotrichosis
D005862,Gerstmann Syndrome,developmental gerstmann's syndrome
D005862,Gerstmann Syndrome,gerstmann syndrome 2
D005862,Gerstmann Syndrome,gerstmann syndrome
D005862,Gerstmann Syndrome,acquired gerstmann syndrome
D005870,Giant Cell Tumors,giant cell tumors
D005871,Castleman Disease,castleman disease
D005873,Giardiasis,giardia duodenalis infection
D005873,Giardiasis,giardia intestinalis infection
D005873,Giardiasis,giardiasis
D005873,Giardiasis,giardia lamblia infection
D005877,Gigantism,gigantism
D005878,Gilbert Disease,gilbert disease
D005879,Tourette Syndrome,tourette syndrome
D005882,Gingival Diseases,gingivosis
D005882,Gingival Diseases,gingival diseases
D005882,Gingival Diseases,epulides
D005884,Gingival Hemorrhage,gingival hemorrhage
D005885,Gingival Hyperplasia,gingival hyperplasia
D005886,Gingival Hypertrophy,gingival hypertrophy
D005887,Gingival Neoplasms,congenital epulides
D005887,Gingival Neoplasms,gingival neoplasms
D005888,Gingival Pocket,gingival pocket
D005889,Gingival Recession,gingival recession
D005889,Gingival Recession,gingival atrophy
D005891,Gingivitis,gingivitis
D005892,"Gingivitis, Necrotizing Ulcerative",vincent angina
D005892,"Gingivitis, Necrotizing Ulcerative","stomatitis, ulcerative"
D005892,"Gingivitis, Necrotizing Ulcerative","gingivitis, necrotizing ulcerative"
D005896,Glanders,glanders
D005901,Glaucoma,glaucoma
D005902,"Glaucoma, Open-Angle","glaucoma, primary open angle"
D005902,"Glaucoma, Open-Angle",secondary open angle glaucoma
D005902,"Glaucoma, Open-Angle","glaucoma, open-angle"
D005909,Glioblastoma,glioblastoma multiforme
D005909,Glioblastoma,giant cell glioblastoma
D005909,Glioblastoma,glioblastoma
D005910,Glioma,glioma
D005910,Glioma,malignant glioma
D005910,Glioma,mixed glioma
D005918,Glomus Tumor,glomangioma
D005918,Glomus Tumor,glomus tumor
D005921,Glomerulonephritis,bright disease
D005921,Glomerulonephritis,glomerulonephritis
D005922,"Glomerulonephritis, IGA","glomerulonephritis, iga"
D005923,"Glomerulosclerosis, Focal Segmental","hyalinosis, segmental glomerular"
D005923,"Glomerulosclerosis, Focal Segmental","glomerulosclerosis, focal segmental"
D005925,Glomus Jugulare Tumor,glomus jugulare tumor
D005925,Glomus Jugulare Tumor,"glomus tumors, familial, 1"
D005926,Glossalgia,glossalgia
D005926,Glossalgia,glossopyrosis
D005928,Glossitis,glossitis
D005929,"Glossitis, Benign Migratory","glossitis, benign migratory"
D005935,Glucagonoma,glucagonoma
D005953,Glycogen Storage Disease Type I,glycogen storage disease type i
D005955,Glucosephosphate Dehydrogenase Deficiency,glucosephosphate dehydrogenase deficiency
D006008,Glycogen Storage Disease,glycogen storage disease
D006009,Glycogen Storage Disease Type II,adult glycogen storage disease type ii
D006009,Glycogen Storage Disease Type II,"glycogen storage disease type ii, infantile"
D006009,Glycogen Storage Disease Type II,glycogen storage disease type ii
D006009,Glycogen Storage Disease Type II,"glycogen storage disease type ii, juvenile"
D006009,Glycogen Storage Disease Type II,acid maltase deficiency
D006010,Glycogen Storage Disease Type III,glycogen storage disease type iii
D006011,Glycogen Storage Disease Type IV,glycogen storage disease type iv
D006012,Glycogen Storage Disease Type V,glycogen storage disease type v
D006013,Glycogen Storage Disease Type VI,glycogen storage disease type vi
D006014,Glycogen Storage Disease Type VII,glycogen storage disease type vii
D006015,Glycogen Storage Disease Type VIII,glycogen storage disease type viii
D006029,Glycosuria,glycosuria
D006030,"Glycosuria, Renal","glycosuria, renal"
D006042,Goiter,goiter
D006043,"Goiter, Endemic","goiter, endemic"
D006044,"Goiter, Nodular","goiter, nodular"
D006045,"Goiter, Substernal","goiter, substernal"
D006045,"Goiter, Substernal","goiter, intrathoracic"
D006053,Goldenhar Syndrome,hemifacial microsomia
D006053,Goldenhar Syndrome,goldenhar syndrome with ipsilateral radial defect
D006053,Goldenhar Syndrome,goldenhar syndrome
D006058,Gonadal Disorders,gonadal disorders
D006059,Gonadal Dysgenesis,gonadal dysgenesis
D006059,Gonadal Dysgenesis,gonadal agenesis
D006060,"Gonadal Dysgenesis, Mixed","gonadal dysgenesis, mixed"
D006061,"Gonadal Dysgenesis, 46,XY",swyer syndrome
D006061,"Gonadal Dysgenesis, 46,XY","gonadal dysgenesis, 46,xy"
D006069,Gonorrhea,gonorrhea
D006073,Gout,gout
D006086,Graft vs Host Disease,graft vs host disease
D006099,Granuloma,granuloma
D006100,Granuloma Inguinale,granuloma inguinale
D006101,"Granuloma, Giant Cell","granuloma, giant cell"
D006101,"Granuloma, Giant Cell","epulis, giant cell"
D006101,"Granuloma, Giant Cell","granuloma, giant cell reparative"
D006102,"Granuloma, Laryngeal","granuloma, laryngeal"
D006103,"Granuloma, Lethal Midline",polymorphic reticulosis
D006103,"Granuloma, Lethal Midline",granuloma gangraenescens
D006103,"Granuloma, Lethal Midline","granuloma, lethal midline"
D006105,"Granulomatous Disease, Chronic","granulomatous disease, chronic"
D006105,"Granulomatous Disease, Chronic",autosomal recessive chronic granulomatous disease
D006105,"Granulomatous Disease, Chronic","granulomatous disease, chronic, x-linked"
D006106,Granulosa Cell Tumor,granulosa cell tumor
D006106,Granulosa Cell Tumor,granulosa cell cancer
D006111,Graves Disease,graves disease
D006175,Gynatresia,gynatresia
D006175,Gynatresia,asherman syndrome
D006177,Gynecomastia,infant gynecomastia
D006177,Gynecomastia,gynecomastia
D006177,Gynecomastia,adolescent gynecomastia
D006188,Haemonchiasis,haemonchiasis
D006192,Haemophilus Infections,haemophilus influenzae infection
D006192,Haemophilus Infections,haemophilus influenzae type b infection
D006192,Haemophilus Infections,haemophilus infections
D006201,Hair Diseases,plica polonica
D006201,Hair Diseases,plica neuropathica
D006201,Hair Diseases,hair diseases
D006210,Hallermann's Syndrome,hallermann's syndrome
D006211,Pantothenate Kinase-Associated Neurodegeneration,pantothenate kinase-associated neurodegeneration
D006212,Hallucinations,"hallucinations, visual, unformed"
D006212,Hallucinations,hallucinations
D006212,Hallucinations,"hallucinations, hypnapompic"
D006212,Hallucinations,"hallucinations, visual"
D006212,Hallucinations,"hallucinations, olfactory"
D006212,Hallucinations,hallucination of body sensation
D006212,Hallucinations,"hallucinations, kinesthetic"
D006212,Hallucinations,"hallucinations, gustatory"
D006212,Hallucinations,"hallucinations, tactile"
D006212,Hallucinations,"hallucinations, auditory"
D006212,Hallucinations,"hallucinations, mood incongruent"
D006212,Hallucinations,"hallucinations, mood congruent"
D006212,Hallucinations,"hallucinations, dissociative"
D006212,Hallucinations,"hallucinations, hypnagogic"
D006212,Hallucinations,"hallucinations, organic"
D006212,Hallucinations,"hallucinations, elementary"
D006212,Hallucinations,"hallucinations, visual, formed"
D006212,Hallucinations,"hallucinations, somatic"
D006212,Hallucinations,"hallucinations, formed, of people"
D006212,Hallucinations,"hallucinations, internal body sensation"
D006212,Hallucinations,"hallucinations, sensory"
D006212,Hallucinations,"hallucinations, reflex"
D006212,Hallucinations,"hallucinations, verbal auditory"
D006215,Hallux Valgus,hallux valgus
D006222,Hamartoma,hamartoma
D006223,"Hamartoma Syndrome, Multiple",bannayan-riley-ruvalcaba syndrome
D006223,"Hamartoma Syndrome, Multiple",pten hamartoma tumor syndrome
D006223,"Hamartoma Syndrome, Multiple",lhermitte-duclos disease
D006223,"Hamartoma Syndrome, Multiple","hamartoma syndrome, multiple"
D006226,Hand Deformities,hand deformities
D006227,"Hand Deformities, Acquired","hand deformities, acquired"
D006228,"Hand Deformities, Congenital","hand deformities, congenital"
D006229,Hand Dermatoses,hand dermatoses
D006230,Hand Injuries,hand injuries
D006232,"Hand, Foot and Mouth Disease","hand, foot and mouth disease"
D006250,Hartnup Disease,hartnup disease
D006255,"Rhinitis, Allergic, Seasonal","rhinitis, allergic, seasonal"
D006258,Head and Neck Neoplasms,head and neck neoplasms
D006258,Head and Neck Neoplasms,neck neoplasms
D006258,Head and Neck Neoplasms,cancer of head and neck
D006258,Head and Neck Neoplasms,head neoplasms
D006258,Head and Neck Neoplasms,cancer of neck
D006258,Head and Neck Neoplasms,upper aerodigestive tract neoplasms
D006258,Head and Neck Neoplasms,cancer of head
D006259,Craniocerebral Trauma,craniocerebral trauma
D006259,Craniocerebral Trauma,"head injuries, multiple"
D006259,Craniocerebral Trauma,"head injury, minor"
D006259,Craniocerebral Trauma,"head injury, superficial"
D006259,Craniocerebral Trauma,occipital region trauma
D006259,Craniocerebral Trauma,temporal region trauma
D006259,Craniocerebral Trauma,frontal region trauma
D006259,Craniocerebral Trauma,parietal region trauma
D006259,Craniocerebral Trauma,crushing skull injury
D006259,Craniocerebral Trauma,"head injury, open"
D006311,Hearing Disorders,dysacusis
D006311,Hearing Disorders,distorted hearing
D006311,Hearing Disorders,paracousis
D006311,Hearing Disorders,hearing disorders
D006312,"Hearing Loss, Bilateral","hearing loss, bilateral"
D006312,"Hearing Loss, Bilateral",bilateral deafness
D006313,"Hearing Loss, Central",cortical deafness
D006313,"Hearing Loss, Central","hearing loss, central"
D006314,"Hearing Loss, Conductive","hearing loss, conductive"
D006315,"Hearing Loss, Functional","hearing loss, functional"
D006316,"Hearing Loss, High-Frequency","hearing loss, high-frequency"
D006317,"Hearing Loss, Noise-Induced","hearing loss, noise-induced"
D006317,"Hearing Loss, Noise-Induced",acoustic trauma
D006319,"Hearing Loss, Sensorineural","hearing loss, cochlear"
D006319,"Hearing Loss, Sensorineural","hearing loss, sensorineural"
D006322,Heart Aneurysm,heart aneurysm
D006323,Heart Arrest,cardiopulmonary arrest
D006323,Heart Arrest,heart arrest
D006327,Heart Block,auriculo-ventricular dissociation
D006327,Heart Block,heart block
D006330,"Heart Defects, Congenital","heart defects, congenital"
D006331,Heart Diseases,heart diseases
D006332,Cardiomegaly,cardiac hypertrophy
D006332,Cardiomegaly,cardiomegaly
D006333,Heart Failure,myocardial failure
D006333,Heart Failure,"heart failure, right-sided"
D006333,Heart Failure,"heart failure, left-sided"
D006333,Heart Failure,heart decompensation
D006333,Heart Failure,congestive heart failure
D006333,Heart Failure,heart failure
D006335,Heart Injuries,heart injuries
D006335,Heart Injuries,"heart rupture, traumatic"
D006338,Heart Neoplasms,myocardial tumors (rhabdomyomas and fibromas)
D006338,Heart Neoplasms,"primary cardiac tumors, childhood"
D006338,Heart Neoplasms,heart neoplasms
D006338,Heart Neoplasms,heart tumor
D006338,Heart Neoplasms,cardiac carcinoma
D006341,Heart Rupture,ventricular free wall rupture
D006341,Heart Rupture,"free wall rupture, heart"
D006341,Heart Rupture,heart rupture
D006342,"Heart Rupture, Post-Infarction","heart rupture, post-infarction"
D006343,Heart Septal Defects,heart septal defects
D006344,"Heart Septal Defects, Atrial","heart septal defects, atrial"
D006344,"Heart Septal Defects, Atrial",persistent ostium primum
D006344,"Heart Septal Defects, Atrial",ostium secundum atrial septal defect
D006345,"Heart Septal Defects, Ventricular","heart septal defects, ventricular"
D006349,Heart Valve Diseases,heart valve diseases
D006357,Heartwater Disease,heartwater disease
D006359,Heat Exhaustion,heat collapse
D006359,Heat Exhaustion,heat exhaustion
D006362,Heavy Chain Disease,gamma-chain disease
D006362,Heavy Chain Disease,heavy chain disease
D006362,Heavy Chain Disease,mu-chain disease
D006373,Helminthiasis,"infections, nematomorpha"
D006373,Helminthiasis,helminthiasis
D006374,"Helminthiasis, Animal","helminthiasis, animal"
D006390,Hemangioendothelioma,hemangioendothelioma
D006391,Hemangioma,"hemangioma, histiocytoid"
D006391,Hemangioma,chorioangioma
D006391,Hemangioma,angioma
D006391,Hemangioma,hemangioma
D006391,Hemangioma,"hemangioma, intramuscular"
D006392,"Hemangioma, Cavernous","hemangioma, cavernous"
D006392,"Hemangioma, Cavernous","angioma, cavernous"
D006393,Hemangiopericytoma,hemangiopericytoma
D006394,Hemangiosarcoma,hemangiosarcoma
D006395,Hemarthrosis,hemarthrosis
D006396,Hematemesis,hematemesis
D006398,Hematocele,testicular hematocele
D006398,Hematocele,hematocele
D006399,Hematocolpos,hematocolpos
D006402,Hematologic Diseases,hematologic diseases
D006407,"Hematoma, Epidural, Cranial","hematoma, epidural, cranial"
D006408,"Hematoma, Subdural","hematoma, subdural"
D006408,"Hematoma, Subdural","subdural hematoma, traumatic"
D006409,Hematometra,hematometra
D006417,Hematuria,hematuria
D006423,Hemianopsia,binasal hemianopia
D006423,Hemianopsia,bitemporal hemianopia
D006423,Hemianopsia,hemianopsia
D006423,Hemianopsia,altidudinal hemianopia
D006423,Hemianopsia,"hemianopsia, homonymous"
D006423,Hemianopsia,quadrantanopsia
D006425,Hemic and Lymphatic Diseases,hemic and lymphatic diseases
D006429,Hemiplegia,"hemiplegia, flaccid"
D006429,Hemiplegia,monoplegia
D006429,Hemiplegia,"hemiplegia, post-ictal"
D006429,Hemiplegia,"hemiplegia, transient"
D006429,Hemiplegia,"hemiplegia, crossed"
D006429,Hemiplegia,"hemiplegia, infantile"
D006429,Hemiplegia,hemiplegia
D006429,Hemiplegia,"hemiplegia, spastic"
D006432,Hemochromatosis,hemochromatosis
D006432,Hemochromatosis,familial hemochromatosis
D006445,Hemoglobin C Disease,hemoglobin c disease
D006450,Hemoglobin SC Disease,hemoglobin sc disease
D006453,Hemoglobinopathies,hemoglobinopathies
D006456,Hemoglobinuria,hemoglobinuria
D006457,"Hemoglobinuria, Paroxysmal",paroxysmal nocturnal hemoglobinuria
D006457,"Hemoglobinuria, Paroxysmal","hemoglobinuria, paroxysmal"
D006457,"Hemoglobinuria, Paroxysmal",paroxysmal cold hemoglobinuria
D006463,Hemolytic-Uremic Syndrome,hemolytic-uremic syndrome
D006465,Hemoperitoneum,hemoperitoneum
D006467,Hemophilia A,factor viii deficiency
D006467,Hemophilia A,hemophilia a
D006467,Hemophilia A,autosomal hemophilia a
D006468,Hemopneumothorax,hemopneumothorax
D006469,Hemoptysis,hemoptysis
D006471,Gastrointestinal Hemorrhage,gastrointestinal hemorrhage
D006471,Gastrointestinal Hemorrhage,hematochezia
D006472,Oral Hemorrhage,oral hemorrhage
D006473,Postpartum Hemorrhage,postpartum hemorrhage
D006473,Postpartum Hemorrhage,immediate postpartum hemorrhage
D006473,Postpartum Hemorrhage,delayed postpartum hemorrhage
D006474,Hemorrhagic Disorders,hemorrhagic disorders
D006475,Vitamin K Deficiency Bleeding,vitamin k deficiency bleeding
D006475,Vitamin K Deficiency Bleeding,hemorrhagic disease of newborn
D006478,"Hemorrhagic Fever, American","hemorrhagic fever, argentinian"
D006478,"Hemorrhagic Fever, American","hemorrhagic fever, bolivian"
D006478,"Hemorrhagic Fever, American","hemorrhagic fever, american"
D006478,"Hemorrhagic Fever, American",brazilian hemorrhagic fever
D006479,"Hemorrhagic Fever, Crimean","hemorrhagic fever, crimean"
D006480,Hemorrhagic Fever with Renal Syndrome,nephropathia epidemica
D006480,Hemorrhagic Fever with Renal Syndrome,hemorrhagic fever with renal syndrome
D006481,"Hemorrhagic Fever, Omsk","hemorrhagic fever, omsk"
D006482,"Hemorrhagic Fevers, Viral","hemorrhagic fevers, viral"
D006483,Hemorrhagic Septicemia,hemorrhagic septicemia
D006483,Hemorrhagic Septicemia,hemorrhagic bacteremia
D006484,Hemorrhoids,hemorrhoids
D006486,Hemosiderosis,hemosiderosis
D006491,Hemothorax,hemothorax
D006501,Hepatic Encephalopathy,fulminant hepatic failure with cerebral edema
D006501,Hepatic Encephalopathy,hepatic coma
D006501,Hepatic Encephalopathy,hepatic encephalopathy
D006501,Hepatic Encephalopathy,hepatic stupor
D006502,Budd-Chiari Syndrome,hepatic vein thrombosis
D006502,Budd-Chiari Syndrome,budd-chiari syndrome
D006504,Hepatic Veno-Occlusive Disease,hepatic veno-occlusive disease
D006505,Hepatitis,hepatitis
D006506,Hepatitis A,hepatitis a
D006509,Hepatitis B,hepatitis b
D006519,"Hepatitis, Alcoholic","hepatitis, alcoholic"
D006519,"Hepatitis, Alcoholic",chronic alcoholic hepatitis
D006520,"Hepatitis, Animal","hepatitis, animal"
D006521,"Hepatitis, Chronic","hepatitis, chronic persistent"
D006521,"Hepatitis, Chronic",cryptogenic chronic hepatitis
D006521,"Hepatitis, Chronic","hepatitis, chronic active"
D006521,"Hepatitis, Chronic","hepatitis, chronic"
D006522,"Hepatitis, Infectious Canine","hepatitis, infectious canine"
D006524,"Hepatitis, Viral, Animal","hepatitis, viral, animal"
D006525,"Hepatitis, Viral, Human","hepatitis, viral, human"
D006526,Hepatitis C,hepatitis c
D006527,Hepatolenticular Degeneration,hepatolenticular degeneration
D006527,Hepatolenticular Degeneration,hepatic form of wilson disease
D006528,"Carcinoma, Hepatocellular","carcinoma, hepatocellular"
D006529,Hepatomegaly,hepatomegaly
D006530,Hepatorenal Syndrome,hepatorenal syndrome
D006549,"Hernia, Diaphragmatic, Traumatic","hernia, diaphragmatic, traumatic"
D006554,"Hernia, Umbilical",omphalocele
D006554,"Hernia, Umbilical","hernia, umbilical"
D006556,Heroin Dependence,heroin smoking
D006556,Heroin Dependence,heroin abuse
D006556,Heroin Dependence,heroin dependence
D006557,Herpangina,herpangina
D006558,Herpes Genitalis,herpes genitalis
D006559,Pemphigoid Gestationis,pemphigoid gestationis
D006560,Herpes Labialis,herpes labialis
D006561,Herpes Simplex,herpes simplex
D006562,Herpes Zoster,herpes zoster
D006563,Herpes Zoster Ophthalmicus,herpes zoster ophthalmicus
D006566,Herpesviridae Infections,herpesviridae infections
D006566,Herpesviridae Infections,b virus infection
D006607,"Adenoma, Sweat Gland","adenoma, sweat gland"
D006610,High Pressure Neurological Syndrome,experimental high pressure neurological syndrome
D006610,High Pressure Neurological Syndrome,high pressure neurological syndrome
D006616,Hip Contracture,hip contracture
D006617,Hip Dislocation,hip dislocation
D006617,Hip Dislocation,hip dysplasia
D006618,"Hip Dislocation, Congenital","hip dysplasia, congenital, nonsyndromic"
D006618,"Hip Dislocation, Congenital","hip dislocation, congenital"
D006619,"Hip Dysplasia, Canine","hip dysplasia, canine"
D006620,Hip Fractures,subtrochanteric fractures
D006620,Hip Fractures,trochanteric fractures
D006620,Hip Fractures,"trochlear fractures, femur"
D006620,Hip Fractures,hip fractures
D006620,Hip Fractures,intertrochanteric fractures
D006623,von Hippel-Lindau Disease,von hippel-lindau disease
D006627,Hirschsprung Disease,"aganglionosis, rectosigmoid colon"
D006627,Hirschsprung Disease,"aganglionosis, colonic"
D006627,Hirschsprung Disease,hirschsprung disease
D006627,Hirschsprung Disease,congenital intestinal aganglionosis
D006628,Hirsutism,hirsutism
D006646,"Histiocytosis, Langerhans-Cell",hashimoto-pritzger disease
D006646,"Histiocytosis, Langerhans-Cell","histiocytosis, langerhans-cell"
D006646,"Histiocytosis, Langerhans-Cell",pulmonary histiocytosis x
D006646,"Histiocytosis, Langerhans-Cell",hand-schueller-christian syndrome
D006646,"Histiocytosis, Langerhans-Cell",letterer-siwe disease
D006660,Histoplasmosis,disseminated histoplasmosis
D006660,Histoplasmosis,histoplasmosis
D006660,Histoplasmosis,histoplasma duboisii infection
D006660,Histoplasmosis,histoplasma capsulatum infection
D006660,Histoplasmosis,pulmonary histoplasmosis
D006679,HIV Seropositivity,hiv seropositivity
D006685,Hoarseness,hoarseness
D006685,Hoarseness,neurogenic hoarseness
D006689,Hodgkin Disease,lymphocyte-rich classical hodgkin's lymphoma
D006689,Hodgkin Disease,"hodgkin lymphoma, adult"
D006689,Hodgkin Disease,lymphocyte depletion hodgkin's lymphoma
D006689,Hodgkin Disease,nodular lymphocyte-predominant hodgkin's lymphoma
D006689,Hodgkin Disease,mixed cellularity hodgkin's lymphoma
D006689,Hodgkin Disease,hodgkin disease
D006691,Classical Swine Fever,classical swine fever
D006712,Homocystinuria,homocystinuria
D006712,Homocystinuria,cystathionine beta-synthase deficiency disease
D006725,Hookworm Infections,hookworm infections
D006725,Hookworm Infections,bunostomiasis
D006726,Hordeolum,hordeolum
D006732,Horner Syndrome,horner syndrome
D006732,Horner Syndrome,ptosis sympathetic
D006732,Horner Syndrome,"horner syndrome, acquired"
D006732,Horner Syndrome,"horner syndrome, central"
D006732,Horner Syndrome,"horner's syndrome, pupil"
D006732,Horner Syndrome,"miosis, innervational defect"
D006734,Horse Diseases,horse diseases
D006800,Deltaretrovirus Infections,blv infections
D006800,Deltaretrovirus Infections,deltaretrovirus infections
D006800,Deltaretrovirus Infections,htlv infections
D006810,Humeral Fractures,humeral fractures
D006816,Huntington Disease,huntington disease
D006816,Huntington Disease,juvenile huntington disease
D006816,Huntington Disease,akinetic-rigid variant of huntington disease
D006816,Huntington Disease,"huntington disease, late onset"
D006819,Hyaline Membrane Disease,hyaline membrane disease
D006828,Hydatidiform Mole,"hydatidiform mole, partial"
D006828,Hydatidiform Mole,hydatidiform mole
D006828,Hydatidiform Mole,"hydatidiform mole, complete"
D006831,Polyhydramnios,polyhydramnios
D006832,Hydranencephaly,hemihydranencephaly
D006832,Hydranencephaly,hydranencephaly
D006832,Hydranencephaly,hydranencephaly with proliferative vasculopathy
D006833,Hydrarthrosis,hydrarthrosis
D006837,Hydroa Vacciniforme,hydroa vacciniforme
D006848,Testicular Hydrocele,testicular hydrocele
D006849,Hydrocephalus,aqueductal stenosis
D006849,Hydrocephalus,hydrocephalus ex-vacuo
D006849,Hydrocephalus,cerebral ventriculomegaly
D006849,Hydrocephalus,hydrocephalus
D006849,Hydrocephalus,obstructive hydrocephalus
D006849,Hydrocephalus,congenital hydrocephalus
D006849,Hydrocephalus,post-traumatic hydrocephalus
D006849,Hydrocephalus,communicating hydrocephalus
D006849,Hydrocephalus,fetal cerebral ventriculomegaly
D006850,"Hydrocephalus, Normal Pressure","hydrocephalus, normal pressure"
D006869,Hydronephrosis,hydronephrosis
D006871,Hydrophthalmos,hydrophthalmos
D006872,Hydropneumothorax,hydropneumothorax
D006876,Hydrothorax,hydrothorax
D006925,Hymenolepiasis,hymenolepiasis
D006929,Hyperaldosteronism,conn syndrome
D006929,Hyperaldosteronism,hyperaldosteronism
D006930,Hyperalgesia,"hyperalgesia, secondary"
D006930,Hyperalgesia,tactile allodynia
D006930,Hyperalgesia,"hyperalgesia, primary"
D006930,Hyperalgesia,hyperalgesia
D006930,Hyperalgesia,allodynia
D006930,Hyperalgesia,"hyperalgesia, thermal"
D006930,Hyperalgesia,mechanical allodynia
D006933,"Hyperbilirubinemia, Hereditary","hyperbilirubinemia, hereditary"
D006933,"Hyperbilirubinemia, Hereditary",rotor syndrome
D006934,Hypercalcemia,milk-alkali syndrome
D006934,Hypercalcemia,hypercalcemia
D006936,Hypercementosis,hypercementosis
D006937,Hypercholesterolemia,hypercholesterolemia
D006938,Hyperlipoproteinemia Type II,hyperlipoproteinemia type ii
D006938,Hyperlipoproteinemia Type II,hyperlipoproteinemia type iia
D006938,Hyperlipoproteinemia Type II,hyperlipoproteinemia type iib
D006939,Hyperemesis Gravidarum,hyperemesis gravidarum
D006940,Hyperemia,hyperemia
D006940,Hyperemia,reactive hyperemia
D006940,Hyperemia,venous engorgement
D006940,Hyperemia,active hyperemia
D006941,Hyperesthesia,"hyperesthesia, thermal"
D006941,Hyperesthesia,hyperesthesia
D006941,Hyperesthesia,"hyperesthesia, tactile"
D006942,Hypergammaglobulinemia,hypergammaglobulinemia
D006943,Hyperglycemia,hyperglycemia
D006943,Hyperglycemia,"hyperglycemia, postprandial"
D006944,Hyperglycemic Hyperosmolar Nonketotic Coma,hyperosmolar hyperglycemic state
D006944,Hyperglycemic Hyperosmolar Nonketotic Coma,hyperglycemic hyperosmolar nonketotic coma
D006945,Hyperhidrosis,hyperhidrosis
D006946,Hyperinsulinism,exogenous hyperinsulinism
D006946,Hyperinsulinism,compensatory hyperinsulinemia
D006946,Hyperinsulinism,endogenous hyperinsulinism
D006946,Hyperinsulinism,hyperinsulinism
D006947,Hyperkalemia,hyperkalemia
D006948,Hyperkinesis,"hyperkinesia, generalized"
D006948,Hyperkinesis,hyperkinesis
D006949,Hyperlipidemias,lipidemia
D006949,Hyperlipidemias,hyperlipidemias
D006950,"Hyperlipidemia, Familial Combined","hyperlipidemia, familial combined"
D006951,Hyperlipoproteinemias,hyperlipoproteinemias
D006952,Hyperlipoproteinemia Type III,autosomal recessive hypercholesterolemia
D006952,Hyperlipoproteinemia Type III,hyperlipoproteinemia type iii
D006953,Hyperlipoproteinemia Type IV,hyperlipoproteinemia type iv
D006954,Hyperlipoproteinemia Type V,"hyperchylomicronemia with hyperprebetalipoproteinemia, familial"
D006954,Hyperlipoproteinemia Type V,hyperlipoproteinemia type v
D006955,Hypernatremia,hypernatremia
D006956,Hyperopia,hyperopia
D006957,Hyperostosis Frontalis Interna,leontiasis ossium
D006957,Hyperostosis Frontalis Interna,hyperostosis frontalis interna
D006957,Hyperostosis Frontalis Interna,morgagni-stewart-morel syndrome
D006958,"Hyperostosis, Cortical, Congenital","hyperostosis, cortical, congenital"
D006959,Hyperoxaluria,hyperoxaluria
D006959,Hyperoxaluria,oxalosis
D006960,"Hyperoxaluria, Primary",primary oxalosis
D006960,"Hyperoxaluria, Primary","hyperoxaluria, primary"
D006961,Hyperparathyroidism,hyperparathyroidism
D006962,"Hyperparathyroidism, Secondary","hyperparathyroidism, secondary"
D006964,Hyperpituitarism,pituitary lh hypersecretion
D006964,Hyperpituitarism,pituitary fsh hypersecretion
D006964,Hyperpituitarism,pituitary tsh hypersecretion
D006964,Hyperpituitarism,hyperpituitarism
D006966,Hyperprolactinemia,hyperprolactinemia
D006967,Hypersensitivity,allergic reaction
D006967,Hypersensitivity,hypersensitivity
D006968,"Hypersensitivity, Delayed","hypersensitivity, delayed"
D006969,"Hypersensitivity, Immediate","hypersensitivity, immediate"
D006970,Disorders of Excessive Somnolence,disorders of excessive somnolence
D006970,Disorders of Excessive Somnolence,"hypersomnia, recurrent"
D006970,Disorders of Excessive Somnolence,daytime somnolence
D006970,Disorders of Excessive Somnolence,excessive daytime sleepiness
D006970,Disorders of Excessive Somnolence,hypersomnolence
D006970,Disorders of Excessive Somnolence,hypersomnia
D006970,Disorders of Excessive Somnolence,"hypersomnolence disorders, primary"
D006970,Disorders of Excessive Somnolence,"hypersomnolence disorders, secondary"
D006971,Hypersplenism,hypersplenism
D006971,Hypersplenism,"anemia, splenic"
D006972,Hypertelorism,hypertelorism
D006973,Hypertension,hypertension
D006974,"Hypertension, Malignant","hypertension, malignant"
D006975,"Hypertension, Portal",cruveilhier-baumgarten syndrome
D006975,"Hypertension, Portal","hypertension, portal"
D006976,"Hypertension, Pulmonary","hypertension, pulmonary"
D006977,"Hypertension, Renal","hypertension, renal"
D006978,"Hypertension, Renovascular","hypertension, renovascular"
D006978,"Hypertension, Renovascular","hypertension, goldblatt"
D006980,Hyperthyroidism,primary hyperthyroidism
D006980,Hyperthyroidism,hyperthyroidism
D006981,Hyperthyroxinemia,hyperthyroxinemia
D006983,Hypertrichosis,hypertrichosis
D006985,Hyperventilation,hyperventilation
D006986,Hypervitaminosis A,hypervitaminosis a
D006987,Hypesthesia,hypesthesia
D006987,Hypesthesia,"hypesthesia, thermal"
D006988,Hyphema,hyphema
D006994,Hypoaldosteronism,hypoaldosteronism
D006994,Hypoaldosteronism,"hypoaldosteronism, hyporeninemic"
D006995,Hypobetalipoproteinemias,hypobetalipoproteinemias
D006996,Hypocalcemia,hypocalcemia
D007000,Hypodermyiasis,hypodermyiasis
D007003,Hypoglycemia,postprandial hypoglycemia
D007003,Hypoglycemia,fasting hypoglycemia
D007003,Hypoglycemia,hypoglycemia
D007006,Hypogonadism,hypogonadotropic hypogonadism
D007006,Hypogonadism,hypergonadotropic hypogonadism
D007006,Hypogonadism,"hypogonadism, isolated hypogonadotropic"
D007006,Hypogonadism,hypogonadism
D007007,Hypohidrosis,hypohidrosis
D007007,Hypohidrosis,anhidrosis
D007008,Hypokalemia,hypokalemia
D007009,Hypolipoproteinemias,hypolipoproteinemias
D007009,Hypolipoproteinemias,hypoprebetalipoproteinemia
D007010,Hyponatremia,hyponatremia
D007011,Hypoparathyroidism,idiopathic hypoparathyroidism
D007011,Hypoparathyroidism,hypoparathyroidism
D007012,Hypopharyngeal Neoplasms,hypopharyngeal neoplasms
D007012,Hypopharyngeal Neoplasms,hypopharyngeal cancer
D007014,Hypophosphatasia,hypophosphatasia
D007015,"Hypophosphatemia, Familial",phosphaturia
D007015,"Hypophosphatemia, Familial","hypophosphatemia, familial"
D007018,Hypopituitarism,hypopituitarism
D007018,Hypopituitarism,postpartum hypopituitarism
D007019,Hypoproteinemia,hypoproteinemia
D007020,Hypoprothrombinemias,hypoprothrombinemias
D007021,Hypospadias,hypospadias
D007022,Hypotension,hypotension
D007024,"Hypotension, Orthostatic","hypotension, orthostatic"
D007027,Hypothalamic Diseases,pituitary diencephalic syndrome
D007027,Hypothalamic Diseases,hypothalamic-neurohypophyseal disorders
D007027,Hypothalamic Diseases,hypothalamic-adenohypophyseal disorders
D007027,Hypothalamic Diseases,hypothalamic dysinhibition syndrome
D007027,Hypothalamic Diseases,hypothalamic pseudopuberty
D007027,Hypothalamic Diseases,hypothalamic dysfunction syndromes
D007027,Hypothalamic Diseases,hypothalamic diseases
D007027,Hypothalamic Diseases,hypothalamic overactivity syndrome
D007027,Hypothalamic Diseases,froehlich's syndrome
D007029,Hypothalamic Neoplasms,benign hypothalamic neoplasms
D007029,Hypothalamic Neoplasms,hypothalamic teratomas
D007029,Hypothalamic Neoplasms,hypothalamic-pituitary neoplasms
D007029,Hypothalamic Neoplasms,hypothalamic cancer
D007029,Hypothalamic Neoplasms,hypothalamic-chiasmatic neoplasms
D007029,Hypothalamic Neoplasms,hypothalamic neoplasms
D007037,Hypothyroidism,primary hypothyroidism
D007037,Hypothyroidism,secondary hypothyroidism
D007037,Hypothyroidism,hypothyroidism
D007037,Hypothyroidism,thyroid-stimulating hormone deficiency
D007039,Hypotrichosis,hypotrichosis
D007040,Hypoventilation,hypoventilation
D007057,Ichthyosis,xeroderma
D007057,Ichthyosis,ichthyosis
D007077,Ileal Diseases,ileal diseases
D007078,Ileal Neoplasms,ileal neoplasms
D007078,Ileal Neoplasms,cancer of the ileum
D007079,Ileitis,ileitis
D007088,Illusions,"illusions, kinesthetic"
D007088,Illusions,"illusions, tactile"
D007088,Illusions,"illusions, auditory"
D007088,Illusions,autokinetic illusions
D007088,Illusions,autokinetic effect
D007088,Illusions,"illusions, visual"
D007088,Illusions,illusions
D007102,Immersion Foot,immersion foot
D007102,Immersion Foot,trench feet
D007105,Immune Complex Diseases,immune complex diseases
D007119,Immunoblastic Lymphadenopathy,immunoblastic lymphadenopathy
D007153,Immunologic Deficiency Syndromes,antibody deficiency syndrome
D007153,Immunologic Deficiency Syndromes,immunologic deficiency syndromes
D007154,Immune System Diseases,immune system diseases
D007160,Immunoproliferative Disorders,immunoproliferative disorders
D007161,Immunoproliferative Small Intestinal Disease,immunoproliferative small intestinal disease
D007169,Impetigo,impetigo contagiosa
D007169,Impetigo,impetigo
D007172,Erectile Dysfunction,erectile dysfunction
D007177,Inappropriate ADH Syndrome,inappropriate adh syndrome
D007184,Incontinentia Pigmenti,incontinentia pigmenti
D007222,Inert Gas Narcosis,inert gas narcosis
D007222,Inert Gas Narcosis,depth intoxication
D007222,Inert Gas Narcosis,nitrogen narcosis
D007228,Infant Nutrition Disorders,infant overnutrition
D007228,Infant Nutrition Disorders,infant nutrition disorders
D007228,Infant Nutrition Disorders,infant malnutrition
D007232,"Infant, Newborn, Diseases","infant, newborn, diseases"
D007235,"Infant, Premature, Diseases","infant, premature, diseases"
D007239,Infections,infections
D007241,Infectious Bovine Rhinotracheitis,infectious bovine rhinotracheitis
D007244,Infectious Mononucleosis,infectious mononucleosis
D007246,Infertility,subfertility
D007246,Infertility,infertility
D007246,Infertility,"sterility, reproductive"
D007247,"Infertility, Female","sterility, female"
D007247,"Infertility, Female","subfertility, female"
D007247,"Infertility, Female","infertility, female"
D007247,"Infertility, Female","sterility, postpartum"
D007248,"Infertility, Male","infertility, male"
D007248,"Infertility, Male","subfertility, male"
D007248,"Infertility, Male","sterility, male"
D007251,"Influenza, Human","influenza, human"
D007280,Disorders of Environmental Origin,disorders of environmental origin
D007299,Insect Bites and Stings,insect stings
D007299,Insect Bites and Stings,insect bites and stings
D007299,Insect Bites and Stings,insect bites
D007319,Sleep Initiation and Maintenance Disorders,transient insomnia
D007319,Sleep Initiation and Maintenance Disorders,early awakening
D007319,Sleep Initiation and Maintenance Disorders,nonorganic insomnia
D007319,Sleep Initiation and Maintenance Disorders,chronic insomnia
D007319,Sleep Initiation and Maintenance Disorders,psychophysiological insomnia
D007319,Sleep Initiation and Maintenance Disorders,secondary insomnia
D007319,Sleep Initiation and Maintenance Disorders,sleep initiation dysfunction
D007319,Sleep Initiation and Maintenance Disorders,sleep initiation and maintenance disorders
D007319,Sleep Initiation and Maintenance Disorders,rebound insomnia
D007319,Sleep Initiation and Maintenance Disorders,primary insomnia
D007319,Sleep Initiation and Maintenance Disorders,sleeplessness
D007331,Insulin Coma,insulin coma
D007331,Insulin Coma,insulin shock
D007333,Insulin Resistance,insulin resistance
D007333,Insulin Resistance,insulin sensitivity
D007340,Insulinoma,insulinoma
D007383,Intermittent Claudication,intermittent claudication
D007402,Intertrigo,intertrigo
D007405,Intervertebral Disc Displacement,intervertebral disc displacement
D007409,Intestinal Atresia,intestinal atresia
D007409,Intestinal Atresia,jejunal atresia
D007410,Intestinal Diseases,intestinal diseases
D007411,"Intestinal Diseases, Parasitic","intestinal diseases, parasitic"
D007412,Intestinal Fistula,colovesical fistula
D007412,Intestinal Fistula,intestinal fistula
D007412,Intestinal Fistula,cholecystoduodenal fistula
D007412,Intestinal Fistula,enterocutaneous fistula
D007414,Intestinal Neoplasms,cancer of intestines
D007414,Intestinal Neoplasms,intestinal neoplasms
D007415,Intestinal Obstruction,intestinal obstruction
D007416,Intestinal Perforation,intestinal perforation
D007418,Intestinal Pseudo-Obstruction,congenital short bowel syndrome
D007418,Intestinal Pseudo-Obstruction,paralytic ileus
D007418,Intestinal Pseudo-Obstruction,enteric neuropathy
D007418,Intestinal Pseudo-Obstruction,visceral myopathy
D007418,Intestinal Pseudo-Obstruction,intestinal pseudo-obstruction
D007418,Intestinal Pseudo-Obstruction,chronic idiopathic intestinal pseudo-obstruction
D007443,Intussusception,intussusception
D007499,Iris Diseases,iris diseases
D007500,Iritis,iritis
D007516,"Adenoma, Islet Cell","adenoma, islet cell"
D007516,"Adenoma, Islet Cell",islet cell tumor
D007562,Creutzfeldt-Jakob Syndrome,"creutzfeldt-jakob disease, familial"
D007562,Creutzfeldt-Jakob Syndrome,new variant creutzfeldt-jakob disease
D007562,Creutzfeldt-Jakob Syndrome,creutzfeldt-jakob syndrome
D007566,"Jaundice, Chronic Idiopathic","jaundice, chronic idiopathic"
D007567,"Jaundice, Neonatal",physiological neonatal jaundice
D007567,"Jaundice, Neonatal","jaundice, neonatal"
D007567,"Jaundice, Neonatal",severe jaundice in newborn
D007569,Jaw Abnormalities,jaw abnormalities
D007570,Jaw Cysts,jaw cysts
D007571,Jaw Diseases,jaw diseases
D007572,Jaw Fractures,jaw fractures
D007573,Jaw Neoplasms,cancer of jaw
D007573,Jaw Neoplasms,jaw neoplasms
D007575,"Jaw, Edentulous","jaw, edentulous"
D007576,"Jaw, Edentulous, Partially","jaw, edentulous, partially"
D007579,Jejunal Diseases,jejunal diseases
D007580,Jejunal Neoplasms,cancer of the jejunum
D007580,Jejunal Neoplasms,jejunal neoplasms
D007589,Job Syndrome,"hyper-immunoglobulin e syndrome, autosomal dominant"
D007589,Job Syndrome,"hyper-immunoglobulin e syndrome, autosomal recessive"
D007589,Job Syndrome,job syndrome
D007592,Joint Diseases,joint diseases
D007593,Joint Instability,joint instability
D007593,Joint Instability,"hypermobility, joint"
D007594,Joint Loose Bodies,joint loose bodies
D007617,Kaposi Varicelliform Eruption,eczema vaccinatum
D007617,Kaposi Varicelliform Eruption,kaposi varicelliform eruption
D007617,Kaposi Varicelliform Eruption,eczema herpeticum
D007619,Kartagener Syndrome,kartagener syndrome
D007619,Kartagener Syndrome,"ciliary dyskinesia, primary, 1"
D007619,Kartagener Syndrome,polynesian bronchiectasis
D007625,Kearns-Sayre Syndrome,kearns-sayre syndrome
D007627,Keloid,keloid
D007634,Keratitis,keratitis
D007635,"Keratitis, Dendritic","keratitis, dendritic"
D007636,Keratoacanthoma,keratoacanthoma
D007637,Keratoconjunctivitis,keratoconjunctivitis
D007638,Keratoconjunctivitis Sicca,keratoconjunctivitis sicca
D007639,"Keratoconjunctivitis, Infectious","keratoconjunctivitis, infectious"
D007640,Keratoconus,keratoglobus
D007640,Keratoconus,keratoconus
D007640,Keratoconus,pellucid marginal degeneration
D007642,Keratosis,keratoma
D007642,Keratosis,keratosis blennorrhagica
D007642,Keratosis,keratosis
D007644,Darier Disease,darier disease
D007644,Darier Disease,acrokeratosis verruciformis of hopf
D007644,Darier Disease,acantholytic dyskeratotic epidermal nevus
D007645,"Keratoderma, Palmoplantar",meleda disease
D007645,"Keratoderma, Palmoplantar","keratoderma, palmoplantar"
D007647,Kernicterus,kernicterus
D007662,Ketosis,acetonemia
D007662,Ketosis,metabolic ketosis
D007662,Ketosis,ketonuria
D007662,Ketosis,ketosis
D007669,Kidney Calculi,kidney calculi
D007673,Kidney Cortex Necrosis,renal tubule necrosis
D007673,Kidney Cortex Necrosis,glomerular necrosis
D007673,Kidney Cortex Necrosis,kidney cortex necrosis
D007674,Kidney Diseases,kidney diseases
D007676,"Kidney Failure, Chronic","kidney failure, chronic"
D007680,Kidney Neoplasms,cancer of kidney
D007680,Kidney Neoplasms,kidney neoplasms
D007681,Kidney Papillary Necrosis,kidney papillary necrosis
D007683,"Kidney Tubular Necrosis, Acute","kidney tubular necrosis, acute"
D007690,Polycystic Kidney Diseases,polycystic kidney diseases
D007690,Polycystic Kidney Diseases,"kidney, polycystic"
D007691,Medullary Sponge Kidney,medullary sponge kidney
D007706,Menkes Kinky Hair Syndrome,menkes kinky hair syndrome
D007710,Klebsiella Infections,klebsiella infections
D007713,Klinefelter Syndrome,"48,xxyy syndrome"
D007713,Klinefelter Syndrome,"klinefelter syndrome, variants"
D007713,Klinefelter Syndrome,"49,xxxxy syndrome"
D007713,Klinefelter Syndrome,klinefelter syndrome
D007713,Klinefelter Syndrome,xxy trisomy
D007713,Klinefelter Syndrome,xxxy males
D007714,Klippel-Feil Syndrome,klippel-feil syndrome
D007715,Klippel-Trenaunay-Weber Syndrome,klippel-trenaunay-weber syndrome
D007718,Knee Injuries,knee injuries
D007724,Vulvar Lichen Sclerosus,vulvar lichen sclerosus
D007725,Krukenberg Tumor,krukenberg tumor
D007729,Kuru,kuru
D007732,Kwashiorkor,kwashiorkor
D007733,Kyasanur Forest Disease,kyasanur forest disease
D007738,Kyphosis,kyphosis
D007744,Obstetric Labor Complications,obstetric labor complications
D007752,"Obstetric Labor, Premature","obstetric labor, premature"
D007757,Laboratory Infection,laboratory infection
D007759,Labyrinth Diseases,labyrinth diseases
D007762,Labyrinthitis,labyrinthitis
D007766,Lacrimal Apparatus Diseases,lacrimal apparatus diseases
D007766,Lacrimal Apparatus Diseases,epiphora
D007767,Lacrimal Duct Obstruction,lacrimal duct obstruction
D007767,Lacrimal Duct Obstruction,nasolacrimal duct obstruction
D007775,Lactation Disorders,hypogalactia
D007775,Lactation Disorders,lactation disorders
D007787,Lactose Intolerance,lactose intolerance
D007794,"Lameness, Animal","lameness, animal"
D007805,Language Development Disorders,semantic-pragmatic disorder
D007805,Language Development Disorders,language delay
D007805,Language Development Disorders,language development disorders
D007805,Language Development Disorders,"auditory processing disorder, central"
D007805,Language Development Disorders,speech delay
D007806,Language Disorders,language disorders
D007806,Language Disorders,acquired language disorders
D007815,Larva Migrans,larva migrans
D007815,Larva Migrans,ocular larva migrans
D007815,Larva Migrans,cutaneous larva migrans
D007816,"Larva Migrans, Visceral","larva migrans, visceral"
D007818,Laryngeal Diseases,laryngeal diseases
D007818,Laryngeal Diseases,laryngeal perichondritis
D007819,Laryngeal Edema,laryngeal edema
D007822,Laryngeal Neoplasms,cancer of larynx
D007822,Laryngeal Neoplasms,laryngeal neoplasms
D007826,Laryngismus,laryngismus
D007827,Laryngitis,laryngitis
D007829,Laryngostenosis,laryngostenosis
D007829,Laryngostenosis,congenital subglottic stenosis
D007829,Laryngostenosis,acquired laryngeal stenosis
D007829,Laryngostenosis,acquired subglottic stenosis
D007835,Lassa Fever,lassa fever
D007842,Lathyrism,lathyrism
D007842,Lathyrism,neurolathyrism
D007849,Laurence-Moon Syndrome,laurence-moon syndrome
D007855,Lead Poisoning,lead poisoning
D007859,Learning Disabilities,developmental academic disability
D007859,Learning Disabilities,learning disturbance
D007859,Learning Disabilities,adult learning disabilities
D007859,Learning Disabilities,learning disabilities
D007859,Learning Disabilities,learning disorders
D007859,Learning Disabilities,"learning disabilities, child"
D007859,Learning Disabilities,"learning disabilities, adolescent"
D007863,Lecithin Cholesterol Acyltransferase Deficiency,fish-eye disease
D007863,Lecithin Cholesterol Acyltransferase Deficiency,lecithin cholesterol acyltransferase deficiency
D007868,Leg Dermatoses,leg dermatoses
D007869,Leg Injuries,leg injuries
D007870,Leg Length Inequality,leg length inequality
D007871,Leg Ulcer,leg ulcer
D007873,Legg-Calve-Perthes Disease,legg-calve-perthes disease
D007876,Legionellosis,legionellosis
D007877,Legionnaires' Disease,pontiac fever
D007877,Legionnaires' Disease,legionnaires' disease
D007888,Leigh Disease,"encephalopathy, subacute necrotizing, juvenile"
D007888,Leigh Disease,leigh disease
D007888,Leigh Disease,"encephalopathy, subacute necrotizing, infantile"
D007889,Leiomyoma,fibroid uterus
D007889,Leiomyoma,leiomyoma
D007890,Leiomyosarcoma,"leiomyosarcoma, epithelioid"
D007890,Leiomyosarcoma,"leiomyosarcoma, myxoid"
D007890,Leiomyosarcoma,leiomyosarcoma
D007896,Leishmaniasis,leishmaniasis
D007897,"Leishmaniasis, Mucocutaneous","leishmaniasis, mucocutaneous"
D007898,"Leishmaniasis, Visceral","leishmaniasis, visceral"
D007905,Lens Diseases,lens diseases
D007906,Lens Subluxation,lens subluxation
D007906,Lens Subluxation,lens dislocation and subluxation
D007906,Lens Subluxation,lens dislocation
D007911,Lentigo,lentigo
D007918,Leprosy,leprosy
D007922,Leptospirosis,swineherd's disease
D007922,Leptospirosis,mud fever
D007922,Leptospirosis,canicola fever
D007922,Leptospirosis,leptospirosis
D007925,Leriche Syndrome,leriche syndrome
D007926,Lesch-Nyhan Syndrome,lesch-nyhan syndrome
D007938,Leukemia,leukemia
D007939,Leukemia L1210,leukemia l1210
D007940,Leukemia L5178,leukemia l5178
D007941,Leukemia P388,leukemia p388
D007942,"Leukemia, Experimental","leukemia, experimental"
D007943,"Leukemia, Hairy Cell","leukemia, hairy cell"
D007945,"Leukemia, Lymphoid","leukemia, lymphoid"
D007946,"Leukemia, Mast-Cell","leukemia, mast-cell"
D007947,"Leukemia, Megakaryoblastic, Acute","leukemia, megakaryoblastic, acute"
D007948,"Leukemia, Monocytic, Acute","leukemia, monocytic, acute"
D007951,"Leukemia, Myeloid","leukemia, monocytic, chronic"
D007951,"Leukemia, Myeloid","leukemia, myeloid"
D007952,"Leukemia, Plasma Cell","leukemia, plasma cell"
D007953,"Leukemia, Radiation-Induced","leukemia, radiation-induced"
D007955,Leukemoid Reaction,leukemoid reaction
D007960,Leukocyte Disorders,leukocyte disorders
D007964,Leukocytosis,pleocytosis
D007964,Leukocytosis,leukocytosis
D007965,"Leukodystrophy, Globoid Cell","leukodystrophy, globoid cell"
D007965,"Leukodystrophy, Globoid Cell",late-onset globoid cell leukodystrophy
D007965,"Leukodystrophy, Globoid Cell",early-onset globoid cell leukodystrophy
D007966,"Leukodystrophy, Metachromatic","leukodystrophy, metachromatic, juvenile"
D007966,"Leukodystrophy, Metachromatic","metachromatic leukodystrophy, infant"
D007966,"Leukodystrophy, Metachromatic","leukodystrophy, metachromatic"
D007966,"Leukodystrophy, Metachromatic","leukodystrophy, metachromatic, adult"
D007966,"Leukodystrophy, Metachromatic",arylsulfatase a deficiency
D007967,"Leukoedema, Oral","leukoedema, oral"
D007968,"Leukoencephalopathy, Progressive Multifocal","leukoencephalopathy, progressive multifocal"
D007969,"Leukomalacia, Periventricular",cystic periventricular leukomalacia
D007969,"Leukomalacia, Periventricular",neonatal cerebral leukomalacia
D007969,"Leukomalacia, Periventricular","leukomalacia, periventricular"
D007970,Leukopenia,leukopenia
D007971,Leukoplakia,leukoplakia
D007971,Leukoplakia,leukokeratosis
D007972,"Leukoplakia, Oral","leukoplakia, oral"
D007973,Leukorrhea,leukorrhea
D007979,Levocardia,levocardia
D007984,Leydig Cell Tumor,leydig cell tumor
D008010,Lichen Planus,lichen planopilaris
D008010,Lichen Planus,cutaneous lichen planus
D008010,Lichen Planus,mucosal lichen planus
D008010,Lichen Planus,lichen planus
D008039,Linitis Plastica,linitis plastica
D008047,Lip Diseases,lip diseases
D008048,Lip Neoplasms,cancer of lip
D008048,Lip Neoplasms,lip neoplasms
D008052,"Lipid Metabolism, Inborn Errors","lipid metabolism, inborn errors"
D008059,Mucopolysaccharidosis I,hurler-scheie syndrome
D008059,Mucopolysaccharidosis I,hurler syndrome
D008059,Mucopolysaccharidosis I,scheie syndrome
D008059,Mucopolysaccharidosis I,alpha-l-iduronidase deficiency
D008059,Mucopolysaccharidosis I,mucopolysaccharidosis i
D008060,Lipodystrophy,lipodystrophy
D008061,Whipple Disease,whipple disease
D008064,Lipidoses,lipidoses
D008065,Lipoid Proteinosis of Urbach and Wiethe,lipoid proteinosis of urbach and wiethe
D008067,Lipoma,atypical lipoma
D008067,Lipoma,hibernoma
D008067,Lipoma,lipoma
D008067,Lipoma,"lipoma, pleomorphic"
D008067,Lipoma,"lipomatosis, multiple"
D008068,Lipomatosis,lipomatosis
D008069,"Lipomatosis, Multiple Symmetrical",nodular circumscribed lipomatosis
D008069,"Lipomatosis, Multiple Symmetrical","lipomatosis, multiple symmetrical"
D008072,Hyperlipoproteinemia Type I,apolipoprotein c-ii deficiency
D008072,Hyperlipoproteinemia Type I,hyperlipoproteinemia type i
D008080,Liposarcoma,well differentiated liposarcoma
D008080,Liposarcoma,liposarcoma
D008080,Liposarcoma,"liposarcoma, dedifferentiated"
D008080,Liposarcoma,"liposarcoma, pleomorphic"
D008088,Listeriosis,listeria monocytogenes infections
D008088,Listeriosis,listeriosis
D008100,Liver Abscess,liver abscess
D008101,"Liver Abscess, Amebic","liver abscess, amebic"
D008101,"Liver Abscess, Amebic","entamoebiasis, hepatic"
D008103,Liver Cirrhosis,"fibrosis, liver"
D008103,Liver Cirrhosis,liver cirrhosis
D008104,"Liver Cirrhosis, Alcoholic","liver cirrhosis, alcoholic"
D008105,"Liver Cirrhosis, Biliary",primary biliary cholangitis
D008105,"Liver Cirrhosis, Biliary","liver cirrhosis, biliary"
D008105,"Liver Cirrhosis, Biliary","biliary cirrhosis, primary, 1"
D008105,"Liver Cirrhosis, Biliary",secondary biliary cholangitis
D008106,"Liver Cirrhosis, Experimental","liver cirrhosis, experimental"
D008107,Liver Diseases,liver diseases
D008107,Liver Diseases,liver dysfunction
D008108,"Liver Diseases, Alcoholic","liver diseases, alcoholic"
D008109,"Liver Diseases, Parasitic","liver diseases, parasitic"
D008113,Liver Neoplasms,liver neoplasms
D008113,Liver Neoplasms,cancer of liver
D008114,"Liver Neoplasms, Experimental",experimental hepatoma
D008114,"Liver Neoplasms, Experimental","liver neoplasms, experimental"
D008114,"Liver Neoplasms, Experimental","hepatoma, morris"
D008114,"Liver Neoplasms, Experimental","hepatoma, novikoff"
D008118,Loiasis,loiasis
D008133,Long QT Syndrome,long qt syndrome
D008133,Long QT Syndrome,electrocardiogram qt prolonged
D008141,Lordosis,lordosis
D008146,Louping Ill,louping ill
D008151,Lown-Ganong-Levine Syndrome,lown-ganong-levine syndrome
D008158,Ludwig's Angina,ludwig's angina
D008166,Lumpy Skin Disease,lumpy skin disease
D008169,Lung Abscess,lung abscess
D008171,Lung Diseases,lung diseases
D008172,"Lung Diseases, Fungal","lung diseases, fungal"
D008173,"Lung Diseases, Obstructive","lung diseases, obstructive"
D008174,"Lung Diseases, Parasitic","lung diseases, parasitic"
D008175,Lung Neoplasms,lung neoplasms
D008175,Lung Neoplasms,lung cancer
D008177,Lupus Vulgaris,lupus vulgaris
D008178,"Lupus Erythematosus, Cutaneous","lupus erythematosus, cutaneous"
D008178,"Lupus Erythematosus, Cutaneous","lupus erythematosus, subacute cutaneous"
D008179,"Lupus Erythematosus, Discoid","lupus erythematosus, discoid"
D008180,"Lupus Erythematosus, Systemic",libman-sacks disease
D008180,"Lupus Erythematosus, Systemic","lupus erythematosus, systemic"
D008181,Lupus Nephritis,lupus nephritis
D008185,Lutembacher Syndrome,lutembacher syndrome
D008193,Lyme Disease,lyme arthritis
D008193,Lyme Disease,lyme disease
D008199,Lymphadenitis,adenitis
D008199,Lymphadenitis,lymphadenitis
D008200,Lymphangiectasis,lymphangiectasis
D008201,"Lymphangiectasis, Intestinal","lymphangiectasis, intestinal"
D008202,Lymphangioma,lymphangioendothelioma
D008202,Lymphangioma,lymphangioma
D008202,Lymphangioma,"lymphangioma, cavernous"
D008203,Lymphangiomyoma,lymphangiomyoma
D008204,Lymphangiosarcoma,lymphangiosarcoma
D008205,Lymphangitis,lymphangitis
D008206,Lymphatic Diseases,lymphatism
D008206,Lymphatic Diseases,status lymphaticus
D008206,Lymphatic Diseases,lymphatic diseases
D008207,Lymphatic Metastasis,lymph node metastasis
D008207,Lymphatic Metastasis,lymphatic metastasis
D008209,Lymphedema,milroy disease
D008209,Lymphedema,lymphedema
D008210,Lymphocele,lymphocele
D008216,Lymphocytic Choriomeningitis,lymphocytic choriomeningitis
D008218,Lymphocytosis,lymphocytosis
D008219,Lymphogranuloma Venereum,lymphogranuloma venereum
D008223,Lymphoma,lymphoma
D008224,"Lymphoma, Follicular","lymphoma, large-cell, follicular"
D008224,"Lymphoma, Follicular","lymphoma, follicular, grade 1"
D008224,"Lymphoma, Follicular","lymphoma, mixed-cell, follicular"
D008224,"Lymphoma, Follicular","lymphoma, follicular"
D008224,"Lymphoma, Follicular","lymphoma, small cleaved-cell, follicular"
D008224,"Lymphoma, Follicular","lymphoma, follicular, grade 3"
D008228,"Lymphoma, Non-Hodgkin","lymphoma, high-grade"
D008228,"Lymphoma, Non-Hodgkin","lymphoma, diffuse"
D008228,"Lymphoma, Non-Hodgkin","lymphoma, intermediate-grade"
D008228,"Lymphoma, Non-Hodgkin",reticulum-cell sarcoma
D008228,"Lymphoma, Non-Hodgkin","lymphoma, undifferentiated"
D008228,"Lymphoma, Non-Hodgkin","lymphoma, mixed-cell"
D008228,"Lymphoma, Non-Hodgkin","lymphoma, low-grade"
D008228,"Lymphoma, Non-Hodgkin","lymphoma, mixed-cell, diffuse"
D008228,"Lymphoma, Non-Hodgkin","lymphoma, non-hodgkin, familial"
D008228,"Lymphoma, Non-Hodgkin","lymphoma, small noncleaved-cell"
D008228,"Lymphoma, Non-Hodgkin","lymphoma, non-hodgkin"
D008230,Lymphomatoid Granulomatosis,lymphomatoid granulomatosis
D008231,Lymphopenia,lymphopenia
D008232,Lymphoproliferative Disorders,x-linked lymphoproliferative disorder
D008232,Lymphoproliferative Disorders,lymphoproliferative disorders
D008258,Waldenstrom Macroglobulinemia,waldenstrom macroglobulinemia
D008258,Waldenstrom Macroglobulinemia,familial waldenstrom's macroglobulinaemia
D008260,Macroglossia,macroglossia
D008265,Macrostomia,macrostomia
D008268,Macular Degeneration,age-related macular degeneration
D008268,Macular Degeneration,macular degeneration
D008269,Macular Edema,irvine-gass syndrome
D008269,Macular Edema,"macular edema, cystoid"
D008269,Macular Edema,macular edema
D008271,Mycetoma,mycetoma
D008271,Mycetoma,eumycetoma
D008271,Mycetoma,madura foot
D008271,Mycetoma,actinomycetoma
D008271,Mycetoma,maduromycosis
D008275,Magnesium Deficiency,magnesium deficiency
D008286,Malabsorption Syndromes,malabsorption syndromes
D008288,Malaria,malaria
D008289,"Malaria, Avian","malaria, avian"
D008303,Malignant Carcinoid Syndrome,malignant carcinoid syndrome
D008304,Malignant Catarrh,malignant catarrh
D008309,Mallory-Weiss Syndrome,mallory-weiss syndrome
D008310,Malocclusion,tooth crowding
D008310,Malocclusion,crossbite
D008310,Malocclusion,malocclusion
D008310,Malocclusion,angle's classification
D008311,"Malocclusion, Angle Class I","malocclusion, angle class i"
D008312,"Malocclusion, Angle Class II","malocclusion, angle class ii"
D008312,"Malocclusion, Angle Class II","malocclusion, angle class ii, division 2"
D008312,"Malocclusion, Angle Class II","malocclusion, angle class ii, division 1"
D008313,"Malocclusion, Angle Class III","malocclusion, angle class iii"
D008325,"Mammary Neoplasms, Experimental","mammary neoplasms, experimental"
D008336,Mandibular Diseases,mandibular diseases
D008337,Mandibular Fractures,mandibular fractures
D008338,Mandibular Injuries,mandibular injuries
D008339,Mandibular Neoplasms,mandibular neoplasms
D008342,Mandibulofacial Dysostosis,mandibulofacial dysostosis (mfd1)
D008342,Mandibulofacial Dysostosis,mandibulofacial dysostosis
D008363,alpha-Mannosidosis,alpha-mannosidosis
D008368,Mansonelliasis,dipetalonema perstans infection
D008368,Mansonelliasis,mansonelliasis
D008368,Mansonelliasis,acanthocheilonema perstans infection
D008368,Mansonelliasis,mansonella perstans infections
D008375,Maple Syrup Urine Disease,maple syrup urine disease
D008375,Maple Syrup Urine Disease,"maple syrup urine disease, thiamine responsive"
D008375,Maple Syrup Urine Disease,intermediate maple syrup urine disease
D008375,Maple Syrup Urine Disease,intermittent maple syrup urine disease
D008375,Maple Syrup Urine Disease,classic maple syrup urine disease
D008379,Marburg Virus Disease,marburg virus disease
D008380,Marek Disease,marek disease
D008382,Marfan Syndrome,marfan syndrome type 1
D008382,Marfan Syndrome,marfan syndrome type 2
D008382,Marfan Syndrome,marfan syndrome
D008413,Mastitis,mastitis
D008414,"Mastitis, Bovine","mastitis, bovine"
D008415,Mastocytosis,mastocytosis
D008417,Mastoiditis,mastoiditis
D008439,Maxillary Diseases,maxillary diseases
D008440,Maxillary Fractures,maxillary fractures
D008441,Maxillary Neoplasms,maxillary neoplasms
D008444,Maxillary Sinus Neoplasms,maxillary sinus neoplasms
D008444,Maxillary Sinus Neoplasms,cancer of maxillary sinus
D008446,Maxillofacial Injuries,maxillofacial injuries
D008457,Measles,measles
D008467,Meckel Diverticulum,meckel diverticulum
D008471,Meconium Aspiration Syndrome,meconium aspiration syndrome
D008476,Mediastinal Cyst,pericardial cyst
D008476,Mediastinal Cyst,thoracic cyst
D008476,Mediastinal Cyst,tracheal cyst
D008476,Mediastinal Cyst,mediastinal cyst
D008476,Mediastinal Cyst,thymic cyst
D008477,Mediastinal Diseases,mediastinal diseases
D008478,Mediastinal Emphysema,mediastinal emphysema
D008478,Mediastinal Emphysema,pulmonary interstitial emphysema
D008479,Mediastinal Neoplasms,mediastinal neoplasms
D008479,Mediastinal Neoplasms,cancer of mediastinum
D008480,Mediastinitis,mediastinitis
D008527,Medulloblastoma,medulloblastoma
D008527,Medulloblastoma,melanocytic medulloblastoma
D008527,Medulloblastoma,medullomyoblastoma
D008527,Medulloblastoma,"medulloblastoma, adult"
D008527,Medulloblastoma,"arachnoidal cerebellar sarcoma, circumscribed"
D008527,Medulloblastoma,"medulloblastoma, childhood"
D008531,Megacolon,megacolon
D008532,"Megacolon, Toxic","megacolon, toxic"
D008538,Meige Syndrome,meige syndrome
D008539,Meigs Syndrome,meigs syndrome
D008545,Melanoma,melanoma
D008546,"Melanoma, Experimental","melanoma, experimental"
D008546,"Melanoma, Experimental","melanoma, b16"
D008546,"Melanoma, Experimental","melanoma, cloudman s91"
D008546,"Melanoma, Experimental","melanoma, harding-passey"
D008548,Melanosis,chloasma
D008548,Melanosis,freckles
D008548,Melanosis,melanosis
D008551,Melena,melena
D008554,Melioidosis,melioidosis
D008556,Melkersson-Rosenthal Syndrome,melkersson-rosenthal syndrome
D008556,Melkersson-Rosenthal Syndrome,granulomatous cheilitis
D008557,Melorheostosis,melorheostosis
D008569,Memory Disorders,memory loss
D008569,Memory Disorders,"memory disorder, semantic"
D008569,Memory Disorders,"memory disorder, spatial"
D008569,Memory Disorders,age-related memory disorders
D008569,Memory Disorders,memory disorders
D008569,Memory Disorders,memory deficits
D008575,Meniere Disease,ménière's vertigo
D008575,Meniere Disease,"vertigo, aural"
D008575,Meniere Disease,meniere disease
D008577,Meningeal Neoplasms,benign meningeal neoplasms
D008577,Meningeal Neoplasms,leptomeningeal neoplasms
D008577,Meningeal Neoplasms,intracranial meningeal neoplasms
D008577,Meningeal Neoplasms,meningeal neoplasms
D008577,Meningeal Neoplasms,malignant meningeal neoplasms
D008577,Meningeal Neoplasms,spinal meningeal neoplasms
D008579,Meningioma,fibrous meningioma
D008579,Meningioma,cerebral convexity meningioma
D008579,Meningioma,hemangiopericytic meningioma
D008579,Meningioma,intraventricular meningioma
D008579,Meningioma,clear cell meningioma
D008579,Meningioma,angiomatous meningioma
D008579,Meningioma,transitional meningioma
D008579,Meningioma,meningioma
D008579,Meningioma,psammomatous meningioma
D008579,Meningioma,intracranial meningioma
D008579,Meningioma,hemangioblastic meningioma
D008579,Meningioma,xanthomatous meningioma
D008579,Meningioma,intraorbital meningioma
D008579,Meningioma,benign meningioma
D008579,Meningioma,posterior fossa meningioma
D008579,Meningioma,sphenoid wing meningioma
D008579,Meningioma,olfactory groove meningioma
D008579,Meningioma,spinal meningioma
D008579,Meningioma,secretory meningioma
D008579,Meningioma,angioblastic meningioma
D008579,Meningioma,microcystic meningioma
D008579,Meningioma,malignant meningioma
D008579,Meningioma,parasagittal meningioma
D008579,Meningioma,meningotheliomatous meningioma
D008579,Meningioma,papillary meningioma
D008579,Meningioma,"meningiomas, multiple"
D008580,Meningism,meningism
D008581,Meningitis,pachymeningitis
D008581,Meningitis,meningitis
D008582,"Meningitis, Aseptic","meningitis, aseptic"
D008583,"Meningitis, Haemophilus",haemophilus influenzae meningitis type b
D008583,"Meningitis, Haemophilus","meningitis, haemophilus parainfluenzae"
D008583,"Meningitis, Haemophilus","meningitis, haemophilus influenzae type f"
D008583,"Meningitis, Haemophilus","meningitis, haemophilus"
D008584,"Meningitis, Listeria",listeria cerebritis
D008584,"Meningitis, Listeria","meningoencephalitis, listeria"
D008584,"Meningitis, Listeria","meningitis, listeria"
D008585,"Meningitis, Meningococcal","meningitis, meningococcal, serogroup b"
D008585,"Meningitis, Meningococcal","meningitis, meningococcal, serogroup w-135"
D008585,"Meningitis, Meningococcal","meningitis, meningococcal"
D008585,"Meningitis, Meningococcal","meningitis, meningococcal, serogroup y"
D008585,"Meningitis, Meningococcal","meningitis, meningococcal, serogroup a"
D008585,"Meningitis, Meningococcal","meningitis, meningococcal, serogroup c"
D008586,"Meningitis, Pneumococcal","meningitis, pneumococcal"
D008586,"Meningitis, Pneumococcal","meningitis, pneumococcal, recurrent"
D008586,"Meningitis, Pneumococcal",experimental pneumococcal meningitis
D008586,"Meningitis, Pneumococcal","meningitis, pneumococcal, penicillin-resistant"
D008587,"Meningitis, Viral","meningitis, viral"
D008588,Meningocele,"meningocele, traumatic"
D008588,Meningocele,rudimentary meningocele
D008588,Meningocele,meningocele
D008588,Meningocele,acquired meningocele
D008589,Meningococcal Infections,meningococcal septicemia
D008589,Meningococcal Infections,meningococcal infections
D008590,Meningoencephalitis,meningoencephalitis
D008591,Meningomyelocele,acquired meningomyelocele
D008591,Meningomyelocele,myelocele
D008591,Meningomyelocele,meningomyelocele
D008594,"Menopause, Premature","menopause, premature"
D008595,Menorrhagia,menorrhagia
D008607,Intellectual Disability,intellectual disability
D008607,Intellectual Disability,"deficiency, mental"
D008607,Intellectual Disability,"mental retardation, psychosocial"
D008607,Intellectual Disability,idiocy
D008630,Mercury Poisoning,mercury poisoning
D008637,Mesenchymoma,mesenchymoma
D008639,Mesenteric Cyst,mesenteric cyst
D008640,Mesenteric Lymphadenitis,mesenteric lymphadenitis
D008641,Mesenteric Vascular Occlusion,mesenteric vascular occlusion
D008644,Mesial Movement of Teeth,mesial movement of teeth
D008649,Mesonephroma,mesonephroma
D008654,Mesothelioma,mesothelioma
D008659,Metabolic Diseases,metabolic diseases
D008661,"Metabolism, Inborn Errors","metabolism, inborn errors"
D008664,"Metal Metabolism, Inborn Errors","metal metabolism, inborn errors"
D008708,Methemoglobinemia,methemoglobinemia
D008796,Metrorrhagia,metrorrhagia
D008831,Microcephaly,microcephaly
D008831,Microcephaly,microlissencephaly
D008831,Microcephaly,severe congenital microcephaly
D008844,Micrognathism,micrognathism
D008850,Microphthalmos,microphthalmos
D008865,Microstomia,microstomia
D008878,Middle Lobe Syndrome,middle lobe syndrome
D008881,Migraine Disorders,cervical migraine syndrome
D008881,Migraine Disorders,abdominal migraine
D008881,Migraine Disorders,migraine variant
D008881,Migraine Disorders,status migrainosus
D008881,Migraine Disorders,sick headache
D008881,Migraine Disorders,migraine disorders
D008881,Migraine Disorders,acute confusional migraine
D008881,Migraine Disorders,hemicrania migraine
D008882,Mikulicz' Disease,mikulicz' disease
D008883,Miliaria,miliaria rubra
D008883,Miliaria,miliaria
D008924,Mite Infestations,mite infestations
D008924,Mite Infestations,mange
D008944,Mitral Valve Insufficiency,mitral valve insufficiency
D008945,Mitral Valve Prolapse,mitral valve prolapse
D008946,Mitral Valve Stenosis,mitral valve stenosis
D008947,Mixed Connective Tissue Disease,mixed connective tissue disease
D008949,"Adenoma, Pleomorphic","adenoma, pleomorphic"
D008976,Molluscum Contagiosum,molluscum contagiosum
D008989,Monieziasis,monieziasis
D008992,Monkey Diseases,monkey diseases
D008998,Monoclonal Gammopathy of Undetermined Significance,monoclonal gammopathy of undetermined significance
D009008,"Abnormalities, Severe Teratoid","abnormalities, severe teratoid"
D009011,Monteggia's Fracture,monteggia's fracture
D009021,Morphine Dependence,morphine abuse
D009021,Morphine Dependence,morphine dependence
D009050,"Fluorosis, Dental",mottled teeth
D009050,"Fluorosis, Dental","fluorosis, dental"
D009056,Mouth Abnormalities,mouth abnormalities
D009057,Stomatognathic Diseases,dental diseases
D009057,Stomatognathic Diseases,stomatognathic diseases
D009058,Mouth Breathing,mouth breathing
D009059,Mouth Diseases,mouth diseases
D009062,Mouth Neoplasms,mouth neoplasms
D009062,Mouth Neoplasms,cancer of mouth
D009066,"Mouth, Edentulous","mouth, edentulous"
D009069,Movement Disorders,etat marbre
D009069,Movement Disorders,movement disorders
D009072,Moyamoya Disease,"moyamoya disease, secondary"
D009072,Moyamoya Disease,"moyamoya disease, primary"
D009072,Moyamoya Disease,moyamoya disease
D009078,Mucocele,mucocele
D009080,Mucocutaneous Lymph Node Syndrome,mucocutaneous lymph node syndrome
D009081,Mucolipidoses,type iv mucolipidosis
D009081,Mucolipidoses,type ii mucolipidosis
D009081,Mucolipidoses,mucolipidoses
D009081,Mucolipidoses,type iii mucolipidosis
D009081,Mucolipidoses,type i mucolipidosis
D009081,Mucolipidoses,lipomucopolysaccharidosis
D009083,Mucopolysaccharidoses,mucopolysaccharidoses
D009084,Mucopolysaccharidosis III,mps iii c
D009084,Mucopolysaccharidosis III,mps iii a
D009084,Mucopolysaccharidosis III,mps iii d
D009084,Mucopolysaccharidosis III,mps iii b
D009084,Mucopolysaccharidosis III,mucopolysaccharidosis iii
D009085,Mucopolysaccharidosis IV,mucopolysaccharidosis type iv b
D009085,Mucopolysaccharidosis IV,galns deficiency
D009085,Mucopolysaccharidosis IV,mucopolysaccharidosis type iv a
D009085,Mucopolysaccharidosis IV,mucopolysaccharidosis iv
D009087,Mucopolysaccharidosis VI,mucopolysaccharidosis vi
D009091,Mucormycosis,mucormycosis
D009100,Multiple Carboxylase Deficiency,multiple carboxylase deficiency
D009101,Multiple Myeloma,multiple myeloma
D009103,Multiple Sclerosis,multiple sclerosis
D009103,Multiple Sclerosis,"multiple sclerosis, acute fulminating"
D009104,Multiple Trauma,multiple trauma
D009107,Mumps,mumps
D009120,Muscle Cramp,limb cramp
D009120,Muscle Cramp,muscle cramp
D009122,Muscle Hypertonia,muscle hypertonia
D009122,Muscle Hypertonia,"hypertonia, detrusor muscle"
D009122,Muscle Hypertonia,"hypertonia, neonatal"
D009122,Muscle Hypertonia,"hypertonia, sphincter"
D009122,Muscle Hypertonia,"hypertonia, transient"
D009122,Muscle Hypertonia,"hypertonia, infantile"
D009123,Muscle Hypotonia,unilateral hypotonia
D009123,Muscle Hypotonia,flaccid muscle tone
D009123,Muscle Hypotonia,muscle tone atonic
D009123,Muscle Hypotonia,muscle hypotonia
D009123,Muscle Hypotonia,floppy muscles
D009123,Muscle Hypotonia,neonatal hypotonia
D009127,Muscle Rigidity,extrapyramidal rigidity
D009127,Muscle Rigidity,cogwheel rigidity
D009127,Muscle Rigidity,extensor rigidity
D009127,Muscle Rigidity,muscle rigidity
D009127,Muscle Rigidity,nuchal rigidity
D009127,Muscle Rigidity,gegenhalten
D009127,Muscle Rigidity,catatonic rigidity
D009128,Muscle Spasticity,clasp-knife spasticity
D009128,Muscle Spasticity,spastic
D009128,Muscle Spasticity,muscle spasticity
D009133,Muscular Atrophy,muscular atrophy
D009133,Muscular Atrophy,neurogenic muscular atrophy
D009134,"Muscular Atrophy, Spinal",myelopathic muscular atrophy
D009134,"Muscular Atrophy, Spinal",oculopharyngeal spinal muscular atrophy
D009134,"Muscular Atrophy, Spinal",progressive proximal myelopathic muscular atrophy
D009134,"Muscular Atrophy, Spinal","muscular atrophy, spinal"
D009134,"Muscular Atrophy, Spinal",bulbospinal neuronopathy
D009134,"Muscular Atrophy, Spinal",distal spinal muscular atrophy
D009134,"Muscular Atrophy, Spinal",hereditary motor neuronopathy
D009134,"Muscular Atrophy, Spinal",progressive muscular atrophy
D009134,"Muscular Atrophy, Spinal",scapuloperoneal form of spinal muscular atrophy
D009135,Muscular Diseases,muscular diseases
D009136,Muscular Dystrophies,muscular dystrophies
D009137,"Muscular Dystrophy, Animal","muscular dystrophy, animal"
D009139,Musculoskeletal Abnormalities,musculoskeletal abnormalities
D009140,Musculoskeletal Diseases,musculoskeletal diseases
D009145,Mushroom Poisoning,mushroom poisoning
D009155,Mutism,"mutism, conversion"
D009155,Mutism,mutism
D009155,Mutism,selective mutism
D009155,Mutism,kussmaul aphasia
D009155,Mutism,"mutism, organic"
D009157,Myasthenia Gravis,"myasthenia gravis, ocular"
D009157,Myasthenia Gravis,muscle-specific receptor tyrosine kinase myasthenia gravis
D009157,Myasthenia Gravis,myasthenia gravis
D009157,Myasthenia Gravis,"myasthenia gravis, generalized"
D009164,Mycobacterium Infections,mycobacterium infections
D009165,"Mycobacterium Infections, Nontuberculous","atypical mycobacteriosis, familial"
D009165,"Mycobacterium Infections, Nontuberculous","mycobacterium infections, nontuberculous"
D009165,"Mycobacterium Infections, Nontuberculous",mycobacterium abscessus infection
D009175,Mycoplasma Infections,mycoplasma infections
D009175,Mycoplasma Infections,eperythrozoonosis
D009180,Mycoplasmatales Infections,mycoplasmatales infections
D009181,Mycoses,mycoses
D009182,Mycosis Fungoides,mycosis fungoides
D009187,Myelitis,infectious myelitis
D009187,Myelitis,subacute necrotizing myelitis
D009187,Myelitis,myelitis
D009188,"Myelitis, Transverse",demyelinative myelitis
D009188,"Myelitis, Transverse","myelitis, subacute transverse"
D009188,"Myelitis, Transverse","myelitis, acute transverse"
D009188,"Myelitis, Transverse","myelitis, necrotizing"
D009188,"Myelitis, Transverse","myelitis, paraneoplastic"
D009188,"Myelitis, Transverse","myelitis, transverse"
D009188,"Myelitis, Transverse","myelitis, postinfectious"
D009188,"Myelitis, Transverse","myelitis, postvaccinal"
D009190,Myelodysplastic Syndromes,myelodysplastic syndromes
D009190,Myelodysplastic Syndromes,hematopoetic myelodysplasia
D009196,Myeloproliferative Disorders,myeloproliferative disorders
D009198,Myiasis,myiasis
D009198,Myiasis,fly strike
D009202,Cardiomyopathies,"cardiomyopathies, secondary"
D009202,Cardiomyopathies,"cardiomyopathies, primary"
D009202,Cardiomyopathies,cardiomyopathies
D009203,Myocardial Infarction,myocardial infarction
D009205,Myocarditis,myocarditis
D009205,Myocarditis,carditis
D009207,Myoclonus,"myoclonus, eyelid"
D009207,Myoclonus,"myoclonus, lower extremity"
D009207,Myoclonus,"myoclonus, intention"
D009207,Myoclonus,"myoclonus, upper extremity"
D009207,Myoclonus,myoclonus
D009207,Myoclonus,myoclonus simplex
D009207,Myoclonus,polymyoclonus
D009207,Myoclonus,"myoclonus, palatal"
D009207,Myoclonus,"myoclonus, segmental"
D009207,Myoclonus,"myoclonus, oculopalatal"
D009207,Myoclonus,"myoclonus, nocturnal"
D009207,Myoclonus,"myoclonus, action"
D009208,Myoepithelioma,myoepithelioma
D009209,Myofascial Pain Syndromes,myofascial trigger point pain
D009209,Myofascial Pain Syndromes,myofascial pain syndromes
D009212,Myoglobinuria,myoglobinuria
D009214,Myoma,myoma
D009216,Myopia,myopia
D009217,Myosarcoma,myosarcoma
D009220,Myositis,"myositis, infectious"
D009220,Myositis,"myositis, proliferative"
D009220,Myositis,myositis
D009220,Myositis,idiopathic inflammatory myopathies
D009220,Myositis,"myositis, focal"
D009221,Myositis Ossificans,myositis ossificans
D009221,Myositis Ossificans,fibrodysplasia ossificans progressiva
D009222,Myotonia,percussion myotonia
D009222,Myotonia,myotonic phenomenon
D009222,Myotonia,myotonia
D009223,Myotonic Dystrophy,"myotonic dystrophy, congenital"
D009223,Myotonic Dystrophy,myotonic dystrophy 2
D009223,Myotonic Dystrophy,myotonic dystrophy
D009224,Myotonia Congenita,myotonia congenita
D009224,Myotonia Congenita,generalized myotonia of thomsen
D009224,Myotonia Congenita,myotonia levior
D009224,Myotonia Congenita,becker generalized myotonia
D009230,Myxedema,myxedema
D009232,Myxoma,angiomyxoma
D009232,Myxoma,myxoma
D009234,"Myxomatosis, Infectious","myxomatosis, infectious"
D009236,Myxosarcoma,myxosarcoma
D009260,Nail Diseases,nail diseases
D009261,Nail-Patella Syndrome,nail-patella syndrome
D009263,"Nails, Ingrown","nails, ingrown"
D009265,Nairobi Sheep Disease,nairobi sheep disease
D009290,Narcolepsy,narcolepsy-cataplexy syndrome
D009290,Narcolepsy,narcolepsy
D009293,Opioid-Related Disorders,opioid use disorder
D009293,Opioid-Related Disorders,opioid misuse
D009293,Opioid-Related Disorders,opiate dependence
D009293,Opioid-Related Disorders,opioid abuse
D009293,Opioid-Related Disorders,opioid-related disorders
D009293,Opioid-Related Disorders,opiate abuse
D009293,Opioid-Related Disorders,prescription opioid misuse
D009293,Opioid-Related Disorders,prescription opioid abuse
D009298,Nasal Polyps,nasal polyps
D009302,Nasopharyngeal Diseases,nasopharyngeal diseases
D009303,Nasopharyngeal Neoplasms,cancer of nasopharynx
D009303,Nasopharyngeal Neoplasms,nasopharyngeal neoplasms
D009304,Nasopharyngitis,nasopharyngitis
D009332,Necatoriasis,necatoriasis
D009335,Necrobiosis Lipoidica,necrobiosis lipoidica
D009335,Necrobiosis Lipoidica,necrobiosis lipoidica diabeticorum
D009347,Nelson Syndrome,nelson syndrome
D009349,Nematode Infections,nematode infections
D009357,Neonatal Abstinence Syndrome,neonatal abstinence syndrome
D009357,Neonatal Abstinence Syndrome,"passive addiction, neonatal"
D009358,"Congenital, Hereditary, and Neonatal Diseases and Abnormalities",neonatal diseases and abnormalities
D009358,"Congenital, Hereditary, and Neonatal Diseases and Abnormalities","congenital, hereditary, and neonatal diseases and abnormalities"
D009358,"Congenital, Hereditary, and Neonatal Diseases and Abnormalities",congenital disorders
D009360,"Neoplastic Cells, Circulating","tumor cells, embolic"
D009360,"Neoplastic Cells, Circulating","neoplastic cells, circulating"
D009360,"Neoplastic Cells, Circulating","embolism, tumor"
D009361,Neoplasm Invasiveness,neoplasm invasiveness
D009362,Neoplasm Metastasis,neoplasm metastasis
D009364,"Neoplasm Recurrence, Local","neoplasm recurrence, local"
D009365,"Neoplasm Regression, Spontaneous","neoplasm regression, spontaneous"
D009366,Neoplasm Seeding,neoplasm seeding
D009369,Neoplasms,neoplasms
D009369,Neoplasms,cancer
D009369,Neoplasms,benign neoplasms
D009370,Neoplasms by Histologic Type,neoplasms by histologic type
D009371,Neoplasms by Site,neoplasms by site
D009372,"Neoplasms, Connective Tissue","neoplasms, connective tissue"
D009373,"Neoplasms, Germ Cell and Embryonal","neoplasms, embryonal and mixed"
D009373,"Neoplasms, Germ Cell and Embryonal","cancer, embryonal"
D009373,"Neoplasms, Germ Cell and Embryonal",germ cell cancer
D009373,"Neoplasms, Germ Cell and Embryonal","cancer, embryonal and mixed"
D009373,"Neoplasms, Germ Cell and Embryonal","neoplasms, germ cell"
D009373,"Neoplasms, Germ Cell and Embryonal","neoplasms, germ cell and embryonal"
D009373,"Neoplasms, Germ Cell and Embryonal","neoplasms, embryonal"
D009374,"Neoplasms, Experimental","neoplasms, experimental"
D009375,"Neoplasms, Glandular and Epithelial",glandular neoplasms
D009375,"Neoplasms, Glandular and Epithelial","neoplasms, glandular and epithelial"
D009375,"Neoplasms, Glandular and Epithelial","neoplasms, epithelial"
D009376,"Neoplasms, Hormone-Dependent","neoplasms, hormone-dependent"
D009377,Multiple Endocrine Neoplasia,multiple endocrine neoplasia
D009378,"Neoplasms, Multiple Primary","neoplasms, multiple primary"
D009379,"Neoplasms, Muscle Tissue","neoplasms, muscle tissue"
D009379,"Neoplasms, Muscle Tissue",myoblastoma
D009379,"Neoplasms, Muscle Tissue",myofibroblastoma
D009380,"Neoplasms, Nerve Tissue","neoplasms, nerve tissue"
D009381,"Neoplasms, Radiation-Induced","neoplasms, radiation-induced"
D009381,"Neoplasms, Radiation-Induced",radiation-induced cancer
D009382,"Neoplasms, Unknown Primary",unknown primary tumors
D009382,"Neoplasms, Unknown Primary","neoplasm metastasis, unknown primary"
D009382,"Neoplasms, Unknown Primary","neoplasms, unknown primary"
D009383,"Neoplasms, Vascular Tissue","neoplasms, vascular tissue"
D009383,"Neoplasms, Vascular Tissue",blood vessel tumors
D009384,Paraneoplastic Endocrine Syndromes,paraneoplastic endocrine syndromes
D009385,Neoplastic Processes,neoplastic processes
D009386,"Neoplastic Syndromes, Hereditary","neoplastic syndromes, hereditary"
D009393,Nephritis,nephritis
D009394,"Nephritis, Hereditary","alport syndrome, autosomal dominant"
D009394,"Nephritis, Hereditary",alport syndrome
D009394,"Nephritis, Hereditary","alport syndrome, x-linked"
D009394,"Nephritis, Hereditary","nephritis, hereditary"
D009394,"Nephritis, Hereditary",hemorrhagic hereditary nephritis
D009394,"Nephritis, Hereditary","alport syndrome, autosomal recessive"
D009395,"Nephritis, Interstitial","nephritis, interstitial"
D009395,"Nephritis, Interstitial","nephritis, tubulointerstitial"
D009396,Wilms Tumor,bilateral wilms tumor
D009396,Wilms Tumor,wilms tumor
D009397,Nephrocalcinosis,nephrocalcinosis
D009400,Nephrosclerosis,nephrosclerosis
D009401,Nephrosis,nephrosis
D009402,"Nephrosis, Lipoid","nephrotic syndrome, minimal change"
D009402,"Nephrosis, Lipoid","nephrosis, lipoid"
D009404,Nephrotic Syndrome,childhood idiopathic nephrotic syndrome
D009404,Nephrotic Syndrome,steroid-resistant nephrotic syndrome
D009404,Nephrotic Syndrome,steroid-sensitive nephrotic syndrome
D009404,Nephrotic Syndrome,nephrotic syndrome
D009404,Nephrotic Syndrome,frequently relapsing nephrotic syndrome
D009404,Nephrotic Syndrome,steroid-dependent nephrotic syndrome
D009404,Nephrotic Syndrome,multi-drug resistant nephrotic syndrome
D009408,Nerve Compression Syndromes,nerve entrapments
D009408,Nerve Compression Syndromes,entrapment neuropathies
D009408,Nerve Compression Syndromes,internal nerve compression syndromes
D009408,Nerve Compression Syndromes,nerve compression syndromes
D009408,Nerve Compression Syndromes,external nerve compression syndromes
D009421,Nervous System Malformations,cranioschisis
D009421,Nervous System Malformations,nervous system malformations
D009422,Nervous System Diseases,nervous system diseases
D009423,Nervous System Neoplasms,nervous system neoplasms
D009436,Neural Tube Defects,craniorachischisis
D009436,Neural Tube Defects,diastematomyelia
D009436,Neural Tube Defects,acrania
D009436,Neural Tube Defects,neural tube defects
D009436,Neural Tube Defects,tethered cord syndrome
D009436,Neural Tube Defects,spinal cord myelodysplasia
D009436,Neural Tube Defects,iniencephaly
D009436,Neural Tube Defects,neurenteric cyst
D009436,Neural Tube Defects,exencephaly
D009437,Neuralgia,"neuralgia, ilioinguinal"
D009437,Neuralgia,"neuralgia, perineal"
D009437,Neuralgia,paroxysmal nerve pain
D009437,Neuralgia,nerve pain
D009437,Neuralgia,"neuralgia, stump"
D009437,Neuralgia,"neuralgia, supraorbital"
D009437,Neuralgia,"neuralgia, iliohypogastric nerve"
D009437,Neuralgia,"neuralgia, vidian"
D009437,Neuralgia,neuralgia
D009437,Neuralgia,"neuralgia, atypical"
D009442,Neurilemmoma,"schwannomatosis, plexiform"
D009442,Neurilemmoma,neurilemmoma
D009443,Neuritis,"neuritis, motor"
D009443,Neuritis,neuritis
D009443,Neuritis,"neuritis, sensory"
D009443,Neuritis,polyneuritis
D009444,"Neuritis, Autoimmune, Experimental","neuritis, autoimmune, experimental"
D009447,Neuroblastoma,neuroblastoma
D009450,Neurodermatitis,neurodermatitis
D009450,Neurodermatitis,lichen simplex chronicus
D009455,Neurofibroma,neurofibroma
D009456,Neurofibromatosis 1,watson syndrome
D009456,Neurofibromatosis 1,neurofibromatosis 1
D009459,Neuroleptic Malignant Syndrome,neuroleptic-induced neuroleptic malignant syndrome
D009459,Neuroleptic Malignant Syndrome,neuroleptic malignant syndrome
D009461,Neurologic Manifestations,neurologic deficits
D009461,Neurologic Manifestations,neurologic findings
D009461,Neurologic Manifestations,neurologic signs
D009461,Neurologic Manifestations,focal neurologic deficits
D009461,Neurologic Manifestations,neurologic dysfunction
D009461,Neurologic Manifestations,neurologic symptoms
D009461,Neurologic Manifestations,neurologic manifestations
D009463,Neuroma,neuroma
D009464,"Neuroma, Acoustic",angle tumor
D009464,"Neuroma, Acoustic","neuroma, acoustic, unilateral"
D009464,"Neuroma, Acoustic",melanocytic vestibular schwannoma
D009464,"Neuroma, Acoustic",cerebellopontine angle acoustic neuroma
D009464,"Neuroma, Acoustic","neuroma, acoustic"
D009468,Neuromuscular Diseases,foley-denny-brown syndrome
D009468,Neuromuscular Diseases,oppenheim disease
D009468,Neuromuscular Diseases,neuromuscular diseases
D009471,Neuromyelitis Optica,neuromyelitis optica
D009472,Neuronal Ceroid-Lipofuscinoses,"ceroid lipofuscinosis, neuronal, 4b, autosomal dominant"
D009472,Neuronal Ceroid-Lipofuscinoses,infantile neuronal ceroid lipofuscinosis
D009472,Neuronal Ceroid-Lipofuscinoses,neuronal ceroid-lipofuscinoses
D009472,Neuronal Ceroid-Lipofuscinoses,late-infantile neuronal ceroid lipofuscinosis
D009472,Neuronal Ceroid-Lipofuscinoses,"ceroid lipofuscinosis, neuronal, 4a, autosomal recessive"
D009472,Neuronal Ceroid-Lipofuscinoses,adult neuronal ceroid lipofuscinosis
D009472,Neuronal Ceroid-Lipofuscinoses,juvenile neuronal ceroid lipofuscinosis
D009477,Hereditary Sensory and Autonomic Neuropathies,"sensory neuropathy, hereditary"
D009477,Hereditary Sensory and Autonomic Neuropathies,hereditary sensory and autonomic neuropathy type v
D009477,Hereditary Sensory and Autonomic Neuropathies,hereditary sensory neuropathy type i
D009477,Hereditary Sensory and Autonomic Neuropathies,hereditary sensory radicular neuropathy
D009477,Hereditary Sensory and Autonomic Neuropathies,hsan type iv
D009477,Hereditary Sensory and Autonomic Neuropathies,hereditary sensory and autonomic neuropathy type ii
D009477,Hereditary Sensory and Autonomic Neuropathies,hereditary sensory and autonomic neuropathies
D009494,Neurosyphilis,juvenile paresis
D009494,Neurosyphilis,"neurosyphilis, gummatous"
D009494,Neurosyphilis,"neurosyphilis, secondary"
D009494,Neurosyphilis,neurosyphilis
D009494,Neurosyphilis,"neurosyphilis, symptomatic"
D009494,Neurosyphilis,"neurosyphilis, juvenile"
D009494,Neurosyphilis,general paralysis
D009494,Neurosyphilis,"neurosyphilis, asymptomatic"
D009503,Neutropenia,neutropenia
D009506,Nevus,nevus
D009507,Nevus of Ota,nevus of ota
D009508,"Nevus, Pigmented","nevus, pigmented"
D009521,Newcastle Disease,newcastle disease
D009542,Niemann-Pick Diseases,acid sphingomyelinase-deficient niemann-pick disease
D009542,Niemann-Pick Diseases,niemann-pick diseases
D009542,Niemann-Pick Diseases,asm deficiency
D009617,Nocardia Infections,primary cutaneous nocardiosis
D009617,Nocardia Infections,cerebral nocardiosis
D009617,Nocardia Infections,nocardia infections
D009617,Nocardia Infections,pulmonary nocardiosis
D009617,Nocardia Infections,nocardia asteroides infection
D009625,Noma,noma
D009631,Nonodontogenic Cysts,nonodontogenic cysts
D009634,Noonan Syndrome,female pseudo-turner syndrome
D009634,Noonan Syndrome,"turner syndrome, male"
D009634,Noonan Syndrome,noonan syndrome
D009634,Noonan Syndrome,noonan syndrome 1
D009667,"Nose Deformities, Acquired","nose deformities, acquired"
D009668,Nose Diseases,nose diseases
D009669,Nose Neoplasms,nose neoplasms
D009669,Nose Neoplasms,cancer of nose
D009748,Nutrition Disorders,nutrition disorders
D009750,Nutritional and Metabolic Diseases,nutritional and metabolic diseases
D009755,Night Blindness,night blindness
D009759,"Nystagmus, Pathologic",horizontal nystagmus
D009759,"Nystagmus, Pathologic",rebound nystagmus
D009759,"Nystagmus, Pathologic",jerk nystagmus
D009759,"Nystagmus, Pathologic",fatigable positional nystagmus
D009759,"Nystagmus, Pathologic",see-saw nystagmus
D009759,"Nystagmus, Pathologic",vertical nystagmus
D009759,"Nystagmus, Pathologic",multidirectional nystagmus
D009759,"Nystagmus, Pathologic",retraction nystagmus
D009759,"Nystagmus, Pathologic",spontaneous ocular nystagmus
D009759,"Nystagmus, Pathologic",temporary nystagmus
D009759,"Nystagmus, Pathologic","nystagmus, pathologic"
D009759,"Nystagmus, Pathologic",dissociated nystagmus
D009759,"Nystagmus, Pathologic",conjugate nystagmus
D009759,"Nystagmus, Pathologic",rotary nystagmus
D009759,"Nystagmus, Pathologic",pendular nystagmus
D009759,"Nystagmus, Pathologic",convergence nystagmus
D009759,"Nystagmus, Pathologic",non-fatigable positional nystagmus
D009759,"Nystagmus, Pathologic",unidirectional nystagmus
D009759,"Nystagmus, Pathologic",symptomatic nystagmus
D009759,"Nystagmus, Pathologic",permanent nystagmus
D009759,"Nystagmus, Pathologic",periodic alternating nystagmus
D009765,Obesity,obesity
D009767,"Obesity, Morbid","obesity, morbid"
D009783,"Dermatitis, Occupational","dermatitis, occupational"
D009783,"Dermatitis, Occupational",industrial dermatosis
D009784,Occupational Diseases,occupational diseases
D009798,Ocular Hypertension,ocular hypertension
D009798,Ocular Hypertension,"glaucoma, suspect"
D009800,Oculocerebrorenal Syndrome,"phosphatidylinositol 4,5-bisphosphate 5-phosphatase deficiency"
D009800,Oculocerebrorenal Syndrome,oculocerebrorenal syndrome
D009807,Odontogenic Cysts,odontogenic cysts
D009807,Odontogenic Cysts,keratocysts
D009808,Odontogenic Tumors,odontogenic tumors
D009808,Odontogenic Tumors,"neoplasms, dental tissue"
D009810,Odontoma,"odontoma, compound"
D009810,Odontoma,odontoma
D009810,Odontoma,"fibro-odontoma, ameloblastic"
D009814,Oesophagostomiasis,oesophagostomiasis
D009837,Oligodendroglioma,oligodendroblastoma
D009837,Oligodendroglioma,"oligodendroglioma, childhood"
D009837,Oligodendroglioma,"oligodendroglioma, adult"
D009837,Oligodendroglioma,mixed oligodendroglioma-astrocytoma
D009837,Oligodendroglioma,oligodendroglioma
D009837,Oligodendroglioma,anaplastic oligodendroglioma
D009837,Oligodendroglioma,"oligodendroglioma, well-differentiated"
D009837,Oligodendroglioma,mixed oligodendroglioma-ependymoma
D009845,Oligospermia,oligospermia
D009845,Oligospermia,cryptozoospermia
D009846,Oliguria,oliguria
D009849,Olivopontocerebellar Atrophies,nonfamilial olivopontocerebellar atrophy
D009849,Olivopontocerebellar Atrophies,olivopontocerebellar hypoplasia
D009849,Olivopontocerebellar Atrophies,olivopontocerebellar atrophies
D009849,Olivopontocerebellar Atrophies,familial olivopontocerebellar atrophy
D009849,Olivopontocerebellar Atrophies,"olivopontocerebellar atrophy, idiopathic"
D009855,Onchocerciasis,onchocerciasis
D009869,Oophoritis,oophoritis
D009877,Endophthalmitis,endophthalmitis
D009877,Endophthalmitis,infectious endophthalmitis
D009878,Ophthalmia Neonatorum,ophthalmia neonatorum
D009879,"Ophthalmia, Sympathetic","ophthalmia, sympathetic"
D009886,Ophthalmoplegia,external ophthalmoplegia
D009886,Ophthalmoplegia,ophthalmoplegia
D009886,Ophthalmoplegia,ophthalmoparesis
D009886,Ophthalmoplegia,internal ophthalmoplegia
D009889,Opisthorchiasis,opisthorchis viverrini infection
D009889,Opisthorchiasis,opisthorchiasis
D009889,Opisthorchiasis,opisthorchis felineus infection
D009894,Opportunistic Infections,opportunistic infections
D009896,Optic Atrophy,optic atrophy
D009901,Optic Nerve Diseases,optic disk disorders
D009901,Optic Nerve Diseases,foster-kennedy syndrome
D009901,Optic Nerve Diseases,optic nerve diseases
D009902,Optic Neuritis,optic neuritis
D009902,Optic Neuritis,neuropapillitis
D009902,Optic Neuritis,retrobulbar neuritis
D009912,Oral Manifestations,oral manifestations
D009914,Oral Submucous Fibrosis,oral submucous fibrosis
D009916,Orbital Diseases,orbital diseases
D009917,Orbital Fractures,orbital fractures
D009917,Orbital Fractures,blow-out fractures
D009918,Orbital Neoplasms,orbital neoplasms
D009920,Orchitis,orchitis
D009956,Psittacosis,psittacosis
D009957,Oroantral Fistula,oroantral fistula
D009958,Orofaciodigital Syndromes,papillon-leage and psaume syndrome
D009958,Orofaciodigital Syndromes,orofaciodigital syndromes
D009958,Orofaciodigital Syndromes,mohr syndrome
D009959,Oropharyngeal Neoplasms,cancer of oropharnyx
D009959,Oropharyngeal Neoplasms,oropharyngeal neoplasms
D009976,Orthomyxoviridae Infections,orthomyxoviridae infections
D009976,Orthomyxoviridae Infections,swine influenza
D010000,Osteitis,osteitis
D010001,Osteitis Deformans,osteitis deformans
D010002,Osteitis Fibrosa Cystica,osteitis fibrosa cystica
D010003,Osteoarthritis,arthrosis
D010003,Osteoarthritis,osteoarthrosis deformans
D010003,Osteoarthritis,osteoarthritis
D010004,"Osteoarthropathy, Primary Hypertrophic","hypertrophic osteoarthropathy, primary, autosomal dominant"
D010004,"Osteoarthropathy, Primary Hypertrophic","osteoarthropathy, primary hypertrophic"
D010004,"Osteoarthropathy, Primary Hypertrophic",cranioosteoarthropathy
D010004,"Osteoarthropathy, Primary Hypertrophic","digital clubbing, isolated congenital"
D010005,"Osteoarthropathy, Secondary Hypertrophic",clubbed fingers
D010005,"Osteoarthropathy, Secondary Hypertrophic","osteoarthropathy, secondary hypertrophic"
D010007,Osteochondritis,osteochondritis
D010007,Osteochondritis,meniscitis
D010008,Osteochondritis Dissecans,osteochondritis dissecans
D010009,Osteochondrodysplasias,multiple epiphyseal dysplasia
D010009,Osteochondrodysplasias,myotonic chondrodystrophy
D010009,Osteochondrodysplasias,"spondyloepiphyseal dysplasia tarda, x-linked"
D010009,Osteochondrodysplasias,hyperostosis corticalis generalisata
D010009,Osteochondrodysplasias,spondyloepiphyseal dysplasia
D010009,Osteochondrodysplasias,dyschondroplasias
D010009,Osteochondrodysplasias,osteochondrodysplasias
D010009,Osteochondrodysplasias,"schwartz-jampel syndrome, type 1"
D010009,Osteochondrodysplasias,melnick-needles syndrome
D010013,Osteogenesis Imperfecta,lobstein's disease
D010013,Osteogenesis Imperfecta,osteogenesis imperfecta
D010014,Osteolysis,osteolysis
D010015,"Osteolysis, Essential","osteolysis, idiopathic multicentric"
D010015,"Osteolysis, Essential","osteolysis, massive"
D010015,"Osteolysis, Essential","osteolysis, essential"
D010016,Osteoma,osteoma
D010017,"Osteoma, Osteoid","osteoma, osteoid"
D010018,Osteomalacia,osteomalacia
D010019,Osteomyelitis,osteomyelitis
D010020,Osteonecrosis,kienbock disease
D010020,Osteonecrosis,"necrosis, avascular, of bone"
D010020,Osteonecrosis,osteonecrosis
D010020,Osteonecrosis,"necrosis, aseptic, of bone"
D010022,Osteopetrosis,osteopetrosis
D010022,Osteopetrosis,osteopetrosis autosomal dominant type 2
D010022,Osteopetrosis,congenital osteopetrosis
D010023,Osteopoikilosis,osteopoikilosis
D010024,Osteoporosis,osteoporosis
D010024,Osteoporosis,"osteoporosis, senile"
D010024,Osteoporosis,"osteoporosis, post-traumatic"
D010024,Osteoporosis,"osteoporosis, age-related"
D010025,Osteoradionecrosis,osteoradionecrosis
D010026,Osteosclerosis,osteosclerosis
D010029,Ostertagiasis,ostertagiasis
D010031,Otitis,otitis
D010031,Otitis,ear infection
D010032,Otitis Externa,otitis externa
D010033,Otitis Media,otitis media
D010034,Otitis Media with Effusion,"otitis media, serous"
D010034,Otitis Media with Effusion,otitis media with effusion
D010035,"Otitis Media, Suppurative","otitis media, suppurative"
D010038,Otorhinolaryngologic Diseases,otorhinolaryngologic diseases
D010039,Otorhinolaryngologic Neoplasms,otorhinolaryngologic neoplasms
D010039,Otorhinolaryngologic Neoplasms,otorhinolaryngeal cancer
D010040,Otosclerosis,otosclerosis
D010048,Ovarian Cysts,ovarian cysts
D010048,Ovarian Cysts,corpus luteum cyst
D010049,Ovarian Diseases,ovarian diseases
D010051,Ovarian Neoplasms,ovary cancer
D010051,Ovarian Neoplasms,ovarian neoplasms
D010123,Oxyuriasis,aspiculariasis
D010123,Oxyuriasis,oxyuriasis
D010144,"Paget's Disease, Mammary","paget's disease, mammary"
D010145,"Paget Disease, Extramammary","paget disease, extramammary"
D010157,Palatal Neoplasms,palatal neoplasms
D010178,Pancoast Syndrome,pancoast tumor
D010178,Pancoast Syndrome,pancoast syndrome
D010181,Pancreatic Cyst,pancreatic cyst
D010182,Pancreatic Diseases,pancreatic diseases
D010185,Pancreatic Fistula,pancreatic fistula
D010188,Exocrine Pancreatic Insufficiency,exocrine pancreatic insufficiency
D010190,Pancreatic Neoplasms,pancreatic neoplasms
D010190,Pancreatic Neoplasms,pancreatic carcinoma
D010190,Pancreatic Neoplasms,cancer of pancreas
D010190,Pancreatic Neoplasms,pancreatic acinar carcinoma
D010192,Pancreatic Pseudocyst,pancreatic pseudocyst
D010195,Pancreatitis,pancreatitis
D010195,Pancreatitis,peripancreatic fat necrosis
D010195,Pancreatitis,"pancreatitis, acute"
D010195,Pancreatitis,pancreatic parenchymal edema
D010195,Pancreatitis,"pancreatitis, acute edematous"
D010198,Pancytopenia,pancytopenia
D010201,"Panniculitis, Nodular Nonsuppurative","panniculitis, nodular nonsuppurative"
D010202,Panophthalmitis,panophthalmitis
D010211,Papilledema,papilledema
D010211,Papilledema,papilledema associated with increased intracranial pressure
D010211,Papilledema,decreased intraocular pressure-associated papilledema
D010211,Papilledema,retinal edema
D010212,Papilloma,papilloma
D010212,Papilloma,papillomatosis
D010212,Papilloma,"papilloma, squamous cell"
D010214,Papillon-Lefevre Disease,haim-monk syndrome
D010214,Papillon-Lefevre Disease,papillon-lefevre disease
D010217,Phlebotomus Fever,phlebotomus fever
D010229,Paracoccidioidomycosis,paracoccidioidomycosis
D010229,Paracoccidioidomycosis,paracoccidioides brasiliensis infection
D010235,Paraganglioma,paraganglioma
D010236,"Paraganglioma, Extra-Adrenal","paraganglioma, extra-adrenal"
D010237,Paragonimiasis,paragonimiasis
D010241,Parakeratosis,parakeratosis
D010243,Paralysis,paralysis
D010243,Paralysis,todd paralysis
D010244,"Bulbar Palsy, Progressive","bulbar palsy, progressive"
D010244,"Bulbar Palsy, Progressive",childhood progressive bulbar palsy
D010244,"Bulbar Palsy, Progressive",bulbar palsy
D010245,"Paralyses, Familial Periodic","paralyses, familial periodic"
D010245,"Paralyses, Familial Periodic",normokalemic periodic paralysis
D010246,"Paralysis, Obstetric","paralysis, obstetric"
D010249,Parametritis,parametritis
D010253,Respirovirus Infections,respirovirus infections
D010254,Paranasal Sinus Diseases,paranasal sinus diseases
D010255,Paranasal Sinus Neoplasms,paranasal sinus neoplasms
D010255,Paranasal Sinus Neoplasms,paranasal sinus cancer
D010257,Paraneoplastic Syndromes,paraneoplastic syndromes
D010263,Paraphimosis,paraphimosis
D010264,Paraplegia,"paraplegia, ataxic"
D010264,Paraplegia,paraplegia
D010264,Paraplegia,"paraplegia, flaccid"
D010264,Paraplegia,"paraplegia, cerebral"
D010264,Paraplegia,"paraplegia, spinal"
D010264,Paraplegia,"paraplegia, spastic"
D010265,Paraproteinemias,paraproteinemias
D010265,Paraproteinemias,"gammopathy, monoclonal"
D010265,Paraproteinemias,plasma cell dyscrasias
D010267,Parapsoriasis,parapsoriasis en plaques
D010267,Parapsoriasis,parapsoriasis
D010267,Parapsoriasis,"erythroderma, maculopapular"
D010267,Parapsoriasis,parakeratosis variegata
D010272,Parasitic Diseases,parasitic diseases
D010273,"Parasitic Diseases, Animal","parasitic diseases, animal"
D010279,Parathyroid Diseases,parathyroid diseases
D010282,Parathyroid Neoplasms,parathyroid neoplasms
D010282,Parathyroid Neoplasms,parathyroid adenoma
D010282,Parathyroid Neoplasms,parathyroid carcinoma
D010283,Paratuberculosis,paratuberculosis
D010284,Paratyphoid Fever,paratyphoid fever
D010291,Paresis,paresis
D010291,Paresis,monoparesis
D010291,Paresis,upper extremity paresis
D010291,Paresis,hemiparesis
D010291,Paresis,lower extremity paresis
D010292,Paresthesia,"paresthesia, painful"
D010292,Paresthesia,"paresthesia, distal"
D010292,Paresthesia,paresthesia
D010292,Paresthesia,formication
D010292,Paresthesia,dysesthesia
D010300,Parkinson Disease,parkinson disease
D010301,"Parkinson Disease, Postencephalitic","parkinsonism, viral meningoencephalitic"
D010301,"Parkinson Disease, Postencephalitic","parkinson disease, postencephalitic"
D010302,"Parkinson Disease, Secondary","parkinson disease, secondary vascular"
D010302,"Parkinson Disease, Secondary","parkinson disease, secondary"
D010302,"Parkinson Disease, Secondary",atherosclerotic parkinsonism
D010304,Paronychia,paronychia
D010305,Parotid Diseases,parotid diseases
D010307,Parotid Neoplasms,parotid neoplasms
D010307,Parotid Neoplasms,cancer of parotid
D010309,Parotitis,parotitis
D010310,Parovarian Cyst,hydatid of morgagni
D010310,Parovarian Cyst,parovarian cyst
D010310,Parovarian Cyst,paratubal cyst
D010319,Parturient Paresis,parturient paresis
D010322,Parvoviridae Infections,"infections, parvovirus"
D010322,Parvoviridae Infections,parvoviridae infections
D010326,Pasteurella Infections,pasteurella infections
D010373,Lice Infestations,lice infestations
D010381,Pelger-Huet Anomaly,pelger-huet anomaly
D010381,Pelger-Huet Anomaly,pseudo pelger-huet anomaly
D010382,Peliosis Hepatis,peliosis hepatis
D010383,Pellagra,pellagra
D010386,Pelvic Neoplasms,pelvic neoplasms
D010386,Pelvic Neoplasms,cancer of pelvis
D010390,"Pemphigoid, Benign Mucous Membrane","pemphigoid, benign mucous membrane"
D010390,"Pemphigoid, Benign Mucous Membrane",ocular cicatricial pemphigoid
D010391,"Pemphigoid, Bullous","pemphigoid, bullous"
D010392,Pemphigus,pemphigus foliaceus
D010392,Pemphigus,pemphigus vulgaris
D010392,Pemphigus,pemphigus
D010409,Penile Diseases,penile diseases
D010411,Penile Induration,penile induration
D010412,Penile Neoplasms,penile neoplasms
D010412,Penile Neoplasms,cancer of penis
D010437,Peptic Ulcer,marginal ulcer
D010437,Peptic Ulcer,peptic ulcer
D010438,Peptic Ulcer Hemorrhage,peptic ulcer hemorrhage
D010439,Peptic Ulcer Perforation,peptic ulcer perforation
D010468,Perceptual Disorders,perceptual disorders
D010468,Perceptual Disorders,somatosensory discrimination disorder
D010468,Perceptual Disorders,hemispatial neglect
D010468,Perceptual Disorders,sensory neglect
D010468,Perceptual Disorders,hemisensory neglect
D010482,Periapical Abscess,periapical abscess
D010483,Periapical Diseases,periapical diseases
D010484,Periapical Granuloma,dental granulomas
D010484,Periapical Granuloma,"periapical periodontitis, chronic nonsuppurative"
D010484,Periapical Granuloma,"periodontitis, apical, chronic nonsuppurative"
D010484,Periapical Granuloma,periapical granuloma
D010485,Periapical Periodontitis,periapical periodontitis
D010485,Periapical Periodontitis,"periodontitis, acute nonsuppurative"
D010488,Polyarteritis Nodosa,necrotizing arteritis
D010488,Polyarteritis Nodosa,essential polyarteritis
D010488,Polyarteritis Nodosa,polyarteritis nodosa
D010489,Periarthritis,periarthritis
D010490,Pericardial Effusion,hemopericardium
D010490,Pericardial Effusion,chylopericardium
D010490,Pericardial Effusion,pericardial effusion
D010493,Pericarditis,pericarditis
D010493,Pericarditis,pleuropericarditis
D010494,"Pericarditis, Constrictive","pericarditis, constrictive"
D010494,"Pericarditis, Constrictive",pick disease of heart
D010495,"Pericarditis, Tuberculous","pericarditis, tuberculous"
D010497,Pericoronitis,pericoronitis
D010501,Perinephritis,perinephritis
D010505,Familial Mediterranean Fever,"familial mediterranean fever, autosomal dominant"
D010505,Familial Mediterranean Fever,"familial mediterranean fever, autosomal recessive"
D010505,Familial Mediterranean Fever,familial mediterranean fever
D010508,Periodontal Abscess,periodontal abscess
D010509,Periodontal Cyst,periodontal cyst
D010510,Periodontal Diseases,periodontal diseases
D010510,Periodontal Diseases,pyorrhea alveolaris
D010514,Periodontal Pocket,periodontal pocket
D010518,Periodontitis,periodontitis
D010518,Periodontitis,pericementitis
D010520,Aggressive Periodontitis,periodontosis
D010520,Aggressive Periodontitis,aggressive periodontitis
D010520,Aggressive Periodontitis,"periodontitis, aggressive, 1"
D010522,Periostitis,periostitis
D010523,Peripheral Nervous System Diseases,peripheral nervous system diseases
D010524,Peripheral Nervous System Neoplasms,peripheral nervous system neoplasms
D010524,Peripheral Nervous System Neoplasms,"peripheral nerve neoplasms, malignant"
D010524,Peripheral Nervous System Neoplasms,"peripheral nerve neoplasms, benign"
D010524,Peripheral Nervous System Neoplasms,peripheral nerve neoplastic infiltration
D010532,Peritoneal Diseases,peritoneal diseases
D010534,Peritoneal Neoplasms,peritoneal surface malignancy
D010534,Peritoneal Neoplasms,peritoneal neoplasms
D010538,Peritonitis,secondary peritonitis
D010538,Peritonitis,peritonitis
D010538,Peritonitis,primary peritonitis
D010547,Persistent Fetal Circulation Syndrome,persistent fetal circulation syndrome
D010580,Peutz-Jeghers Syndrome,peutz-jeghers syndrome
D010585,Phagocyte Bactericidal Dysfunction,phagocyte bactericidal dysfunction
D010591,Phantom Limb,phantom limb pain
D010591,Phantom Limb,phantom limb
D010608,Pharyngeal Diseases,pharyngeal diseases
D010610,Pharyngeal Neoplasms,pharyngeal neoplasms
D010610,Pharyngeal Neoplasms,cancer of pharynx
D010612,Pharyngitis,sore throat
D010612,Pharyngitis,pharyngitis
D010623,Phencyclidine Abuse,phencyclidine-related disorders
D010623,Phencyclidine Abuse,phencyclidine abuse
D010661,Phenylketonurias,hyperphenylalaninaemia
D010661,Phenylketonurias,phenylketonuria ii
D010661,Phenylketonurias,phenylketonuria i
D010661,Phenylketonurias,phenylketonurias
D010661,Phenylketonurias,"hyperphenylalaninemia, non-phenylketonuric"
D010673,Pheochromocytoma,pheochromocytoma
D010673,Pheochromocytoma,"pheochromocytoma, extra-adrenal"
D010688,Phimosis,phimosis
D010689,Phlebitis,phlebitis
D010689,Phlebitis,periphlebitis
D010760,Phosphorus Metabolism Disorders,phosphorus metabolism disorders
D010787,Photosensitivity Disorders,"dermatitis, actinic"
D010787,Photosensitivity Disorders,photosensitivity disorders
D010787,Photosensitivity Disorders,actinic reticuloid syndrome
D010787,Photosensitivity Disorders,photosensitization
D010787,Photosensitivity Disorders,chronic actinic dermatitis
D010845,Obesity Hypoventilation Syndrome,obesity hypoventilation syndrome
D010850,Picornaviridae Infections,picornaviridae infections
D010854,Piedra,black piedra
D010854,Piedra,white piedra
D010854,Piedra,piedra
D010855,Pierre Robin Syndrome,pierre robin syndrome
D010859,Pigmentation Disorders,ito syndrome
D010859,Pigmentation Disorders,pigmentation disorders
D010859,Pigmentation Disorders,schamberg disease
D010864,Pilonidal Sinus,pilonidal sinus
D010871,Pinealoma,pinealocytoma
D010871,Pinealoma,pineoblastoma
D010871,Pinealoma,pinealoma
D010871,Pinealoma,mixed pineocytoma-pineoblastoma
D010874,Pinta,pinta
D010899,Pituitary Apoplexy,pituitary apoplexy
D010900,Pituitary Diseases,posterior pituitary diseases
D010900,Pituitary Diseases,pituitary diseases
D010900,Pituitary Diseases,anterior pituitary diseases
D010911,Pituitary Neoplasms,pituitary carcinoma
D010911,Pituitary Neoplasms,pituitary adenoma
D010911,Pituitary Neoplasms,pituitary neoplasms
D010915,Pityriasis,pityriasis
D010916,Pityriasis Rubra Pilaris,pityriasis rubra pilaris
D010921,Placenta Accreta,placenta accreta spectrum
D010921,Placenta Accreta,placenta percreta
D010921,Placenta Accreta,placenta increta
D010921,Placenta Accreta,placenta accreta
D010922,Placenta Diseases,placenta diseases
D010923,Placenta Previa,placenta previa
D010927,Placental Insufficiency,placental insufficiency
D010930,Plague,meningeal plague
D010930,Plague,pulmonic plague
D010930,Plague,bubonic plague
D010930,Plague,plague
D010930,Plague,septicemic plague
D010930,Plague,pneumonic plague
D010939,Plant Poisoning,plant poisoning
D010954,Plasmacytoma,plasmacytoma
D010981,Platelet Storage Pool Deficiency,acquired storage pool disease
D010981,Platelet Storage Pool Deficiency,familial platelet storage pool disease
D010981,Platelet Storage Pool Deficiency,platelet storage pool deficiency
D010985,Platybasia,platybasia
D010995,Pleural Diseases,pleural diseases
D010996,Pleural Effusion,pleural effusion
D010997,Pleural Neoplasms,pleural neoplasms
D010998,Pleurisy,pleurisy
D011000,"Pleurodynia, Epidemic","pleurodynia, epidemic"
D011001,Pleuropneumonia,pleuropneumonia
D011002,"Pleuropneumonia, Contagious","pleuropneumonia, contagious"
D011004,Plummer-Vinson Syndrome,plummer-vinson syndrome
D011006,Pneumatosis Cystoides Intestinalis,pneumatosis cystoides intestinalis
D011007,Pneumocephalus,pneumocephalus
D011007,Pneumocephalus,"pneumocephalus, traumatic"
D011007,Pneumocephalus,pressure pneumocephalus
D011007,Pneumocephalus,"pneumocephalus, tension"
D011007,Pneumocephalus,"pneumocephalus, epidural"
D011008,Pneumococcal Infections,pneumococcal infections
D011009,Pneumoconiosis,bagassosis
D011009,Pneumoconiosis,pneumoconiosis
D011014,Pneumonia,lobar pneumonia
D011014,Pneumonia,experimental lung inflammation
D011014,Pneumonia,pneumonitis
D011014,Pneumonia,pneumonia
D011015,"Pneumonia, Aspiration","pneumonia, aspiration"
D011015,"Pneumonia, Aspiration",acid aspiration syndrome
D011016,"Pneumonia, Atypical Interstitial, of Cattle","pneumonia, atypical interstitial, of cattle"
D011016,"Pneumonia, Atypical Interstitial, of Cattle",bovine pulmonary adenomatosis
D011017,"Pneumonia, Lipid",endogenous lipid pneumonia
D011017,"Pneumonia, Lipid","pneumonia, lipid"
D011017,"Pneumonia, Lipid",exogenous lipoid pneumonia
D011018,"Pneumonia, Pneumococcal","pneumonia, pneumococcal"
D011019,"Pneumonia, Mycoplasma",mycoplasma dispar infection
D011019,"Pneumonia, Mycoplasma",mycoplasma pneumoniae infection
D011019,"Pneumonia, Mycoplasma","pneumonia, mycoplasma"
D011019,"Pneumonia, Mycoplasma",mycoplasma ovipneumoniae infection
D011020,"Pneumonia, Pneumocystis","pneumonia, pneumocystis"
D011021,"Pneumonia, Progressive Interstitial, of Sheep","pneumonia, progressive interstitial, of sheep"
D011022,"Pneumonia, Rickettsial","pneumonia, rickettsial"
D011023,"Pneumonia, Staphylococcal","pneumonia, staphylococcal"
D011023,"Pneumonia, Staphylococcal",staphylococcus aureus pneumonia
D011024,"Pneumonia, Viral","pneumonia, viral"
D011026,Pneumopericardium,pneumopericardium
D011027,Pneumoperitoneum,pneumoperitoneum
D011030,Pneumothorax,"pneumothorax, primary spontaneous"
D011030,Pneumothorax,spontaneous pneumothorax
D011030,Pneumothorax,pneumothorax
D011030,Pneumothorax,tension pneumothorax
D011038,Rothmund-Thomson Syndrome,rothmund-thomson syndrome
D011040,"Dermatitis, Toxicodendron","dermatitis, poison ivy"
D011040,"Dermatitis, Toxicodendron","dermatitis, toxicodendron"
D011041,Poisoning,poisoning
D011045,Poland Syndrome,poland syndrome
D011051,Poliomyelitis,poliomyelitis
D011051,Poliomyelitis,infantile paralysis
D011051,Poliomyelitis,"poliomyelitis, nonpoliovirus"
D011051,Poliomyelitis,"poliomyelitis, preparalytic"
D011051,Poliomyelitis,"encephalitis, polio"
D011052,"Poliomyelitis, Bulbar","poliomyelitis, bulbar"
D011081,"Polychondritis, Relapsing","polychondritis, relapsing"
D011085,Polycystic Ovary Syndrome,sclerocystic ovaries
D011085,Polycystic Ovary Syndrome,polycystic ovary syndrome
D011086,Polycythemia,polycythemia
D011086,Polycythemia,erythrocytosis
D011087,Polycythemia Vera,polycythemia vera
D011111,Polymyalgia Rheumatica,polymyalgia rheumatica
D011111,Polymyalgia Rheumatica,"pseudopolyarthritis, rhizomelic"
D011115,Polyneuropathies,"polyneuropathy, motor"
D011115,Polyneuropathies,"polyneuropathy, acquired"
D011115,Polyneuropathies,polyneuropathies
D011115,Polyneuropathies,"polyneuropathy, critical illness"
D011115,Polyneuropathies,"polyneuropathy, familial"
D011125,Adenomatous Polyposis Coli,familial intestinal polyposis
D011125,Adenomatous Polyposis Coli,"polyposis, adenomatous intestinal"
D011125,Adenomatous Polyposis Coli,adenomatous polyposis coli
D011128,Polyradiculopathy,"polyradiculopathy, abdominal"
D011128,Polyradiculopathy,polyradiculitis
D011128,Polyradiculopathy,polyradiculopathy
D011129,Polyradiculoneuropathy,polyradiculoneuropathy
D011129,Polyradiculoneuropathy,polyradiculoneuritis
D011129,Polyradiculoneuropathy,"autoimmune demyelinating disease, peripheral"
D011141,Polyuria,polyuria
D011146,"Eczema, Dyshidrotic","eczema, dyshidrotic"
D011151,Popliteal Cyst,popliteal cyst
D011164,Porphyrias,porphyrias
D011178,Postgastrectomy Syndromes,postgastrectomy syndromes
D011185,Postpericardiotomy Syndrome,postpericardiotomy syndrome
D011185,Postpericardiotomy Syndrome,postcommissurotomy syndrome
D011186,Postphlebitic Syndrome,postphlebitic ulcer
D011186,Postphlebitic Syndrome,postphlebitic syndrome
D011191,Potassium Deficiency,potassium deficiency
D011201,Poultry Diseases,poultry diseases
D011213,Poxviridae Infections,milker's nodes
D011213,Poxviridae Infections,orthopoxvirus infection
D011213,Poxviridae Infections,poxviridae infections
D011218,Prader-Willi Syndrome,prader-willi syndrome
D011218,Prader-Willi Syndrome,royer syndrome
D011225,Pre-Eclampsia,preeclampsia eclampsia 1
D011225,Pre-Eclampsia,pre-eclampsia
D011226,Pre-Excitation Syndromes,pre-excitation syndromes
D011227,"Pre-Excitation, Mahaim-Type",nodofascicular mahaim-type pre-excitation
D011227,"Pre-Excitation, Mahaim-Type","pre-excitation, mahaim-type"
D011227,"Pre-Excitation, Mahaim-Type",nodoventricular mahaim-type pre-excitation
D011230,Precancerous Conditions,"condition, preneoplastic"
D011230,Precancerous Conditions,precancerous conditions
D011236,Prediabetic State,prediabetic state
D011248,Pregnancy Complications,adverse birth outcomes
D011248,Pregnancy Complications,pregnancy complications
D011249,"Pregnancy Complications, Cardiovascular","pregnancy complications, cardiovascular"
D011250,"Pregnancy Complications, Hematologic","pregnancy complications, hematologic"
D011251,"Pregnancy Complications, Infectious",maternal sepsis
D011251,"Pregnancy Complications, Infectious","pregnancy complications, infectious"
D011252,"Pregnancy Complications, Neoplastic","pregnancy complications, neoplastic"
D011254,Pregnancy in Diabetics,pregnancy in diabetics
D011269,"Pregnancy, Abdominal","pregnancy, abdominal"
D011271,"Pregnancy, Ectopic","pregnancy, ectopic"
D011273,"Pregnancy, Prolonged","pregnancy, prolonged"
D011274,"Pregnancy, Tubal","pregnancy, tubal"
D011289,Preleukemia,preleukemia
D011297,Prenatal Exposure Delayed Effects,prenatal exposure delayed effects
D011304,Presbycusis,presbycusis
D011305,Presbyopia,presbyopia
D011317,Priapism,priapism
D011349,Proctitis,proctitis
D011350,Proctocolitis,proctocolitis
D011350,Proctocolitis,proctosigmoiditis
D011350,Proctocolitis,"rectocolitis, ulcerative"
D011350,Proctocolitis,"rectocolitis, hemorrhagic"
D011371,Progeria,progeria
D011378,Prognathism,prognathism
D011469,Prostatic Diseases,prostatic diseases
D011470,Prostatic Hyperplasia,prostatic hypertrophy
D011470,Prostatic Hyperplasia,prostatic hyperplasia
D011470,Prostatic Hyperplasia,benign prostatic hyperplasia
D011470,Prostatic Hyperplasia,"adenoma, prostatic"
D011471,Prostatic Neoplasms,prostatic neoplasms
D011471,Prostatic Neoplasms,prostate cancer
D011472,Prostatitis,chronic prostatitis with chronic pelvic pain syndrome
D011472,Prostatitis,acute bacterial prostatitis
D011472,Prostatitis,prostatitis
D011472,Prostatitis,chronic bacterial prostatitis
D011472,Prostatitis,asymptomatic inflammatory prostatitis
D011488,Protein Deficiency,protein deficiency
D011502,Protein-Energy Malnutrition,marasmus
D011502,Protein-Energy Malnutrition,protein-energy malnutrition
D011504,Protein-Losing Enteropathies,idiopathic hypercatabolic hypoproteinemia
D011504,Protein-Losing Enteropathies,protein-losing enteropathies
D011507,Proteinuria,proteinuria
D011512,Proteus Infections,proteus infections
D011528,Protozoan Infections,protozoan infections
D011528,Protozoan Infections,histomoniasis
D011529,"Protozoan Infections, Animal","protozoan infections, animal"
D011535,Prune Belly Syndrome,prune belly syndrome
D011536,Prurigo,prurigo
D011537,Pruritus,pruritus
D011538,Pruritus Ani,pruritus ani
D011539,Pruritus Vulvae,pruritus vulvae
D011542,Pseudarthrosis,pseudarthrosis
D011546,Pseudohypoaldosteronism,"hyperpotassemia and hypertension, familial"
D011546,Pseudohypoaldosteronism,"pseudohypoaldosteronism, type ii"
D011546,Pseudohypoaldosteronism,"pseudohypoaldosteronism, type i"
D011546,Pseudohypoaldosteronism,"pseudohypoaldosteronism, type i, autosomal dominant"
D011546,Pseudohypoaldosteronism,pseudohypoaldosteronism
D011546,Pseudohypoaldosteronism,"pseudohypoaldosteronism, type i, autosomal recessive"
D011547,Pseudohypoparathyroidism,"pseudohypoparathyroidism, type ia"
D011547,Pseudohypoparathyroidism,"pseudohypoparathyroidism, type ib"
D011547,Pseudohypoparathyroidism,pseudohypoparathyroidism
D011552,Pseudomonas Infections,pseudomonas aeruginosa infection
D011552,Pseudomonas Infections,pseudomonas infections
D011553,Pseudomyxoma Peritonei,pseudomyxoma peritonei
D011556,Pseudopseudohypoparathyroidism,pseudopseudohypoparathyroidism
D011557,Pseudorabies,pseudorabies
D011559,Pseudotumor Cerebri,fulminant intracranial hypertension
D011559,Pseudotumor Cerebri,benign intracranial hypertension
D011559,Pseudotumor Cerebri,secondary intracranial hypertension
D011559,Pseudotumor Cerebri,pseudotumor cerebri
D011561,Pseudoxanthoma Elasticum,"pseudoxanthoma elasticum, incomplete"
D011561,Pseudoxanthoma Elasticum,pseudoxanthoma elasticum
D011561,Pseudoxanthoma Elasticum,gronblad-strandberg syndrome
D011565,Psoriasis,psoriasis
D011565,Psoriasis,pustulosis of palms and soles
D011595,Psychomotor Agitation,akathisia
D011595,Psychomotor Agitation,psychomotor agitation
D011596,Psychomotor Disorders,psychomotor disorders
D011596,Psychomotor Disorders,psychomotor impairment
D011596,Psychomotor Disorders,developmental psychomotor disorders
D011604,"Psychoses, Alcoholic","psychoses, alcoholic"
D011605,"Psychoses, Substance-Induced","psychoses, substance-induced"
D011605,"Psychoses, Substance-Induced","psychoses, drug"
D011625,Pterygium,pterygium
D011628,"Puberty, Delayed","puberty, delayed"
D011629,"Puberty, Precocious","precocious puberty, male-limited"
D011629,"Puberty, Precocious","precocious puberty, central"
D011629,"Puberty, Precocious","puberty, precocious"
D011629,"Puberty, Precocious",sexual precocity
D011644,Puerperal Disorders,puerperal disorders
D011645,Puerperal Infection,puerperal infection
D011645,Puerperal Infection,postpartum sepsis
D011648,"Pulmonary Adenomatosis, Ovine","pulmonary adenomatosis, ovine"
D011649,Pulmonary Alveolar Proteinosis,pulmonary alveolar proteinosis
D011654,Pulmonary Edema,pulmonary edema
D011655,Pulmonary Embolism,pulmonary thromboembolisms
D011655,Pulmonary Embolism,pulmonary embolism
D011656,Pulmonary Emphysema,focal emphysema
D011656,Pulmonary Emphysema,panacinar emphysema
D011656,Pulmonary Emphysema,pulmonary emphysema
D011656,Pulmonary Emphysema,centriacinar emphysema
D011657,Pulmonary Eosinophilia,tropical eosinophilic pneumonia
D011657,Pulmonary Eosinophilia,pulmonary eosinophilia
D011657,Pulmonary Eosinophilia,"pneumonia, eosinophilic"
D011657,Pulmonary Eosinophilia,simple pulmonary eosinophilia
D011658,Pulmonary Fibrosis,pulmonary fibrosis
D011658,Pulmonary Fibrosis,"alveolitis, fibrosing"
D011660,Pulmonary Heart Disease,pulmonary heart disease
D011662,Pulmonary Subvalvular Stenosis,pulmonary subvalvular stenosis
D011665,Pulmonary Valve Insufficiency,pulmonary valve insufficiency
D011666,Pulmonary Valve Stenosis,pulmonary stenosis
D011666,Pulmonary Valve Stenosis,pulmonary valve stenosis
D011668,Pulmonary Veno-Occlusive Disease,pulmonary veno-occlusive disease
D011671,Pulpitis,pulpitis
D011681,Pupil Disorders,pupil reaction absent
D011681,Pupil Disorders,occluded pupils
D011681,Pupil Disorders,deformed pupil
D011681,Pupil Disorders,keyhole pupil
D011681,Pupil Disorders,non-syphilitic argyll-robertson pupil
D011681,Pupil Disorders,pupil disorders
D011681,Pupil Disorders,efferent pupillary defect
D011681,Pupil Disorders,pupillary sector paralysis
D011681,Pupil Disorders,"pupillary functions, abnormal"
D011681,Pupil Disorders,fixed pupils
D011681,Pupil Disorders,pupillary sphincter rupture
D011681,Pupil Disorders,ectopic pupil
D011681,Pupil Disorders,pupil malformations
D011681,Pupil Disorders,pupillary paralysis
D011681,Pupil Disorders,afferent pupillary defect
D011681,Pupil Disorders,wernicke hemianopic pupil
D011686,"Purine-Pyrimidine Metabolism, Inborn Errors","purine-pyrimidine metabolism, inborn errors"
D011693,Purpura,purpura
D011693,Purpura,petechiae
D011694,"Purpura, Hyperglobulinemic",hypergammaglobulinemic purpura of waldenstrom
D011694,"Purpura, Hyperglobulinemic","purpura, hyperglobulinemic"
D011695,IgA Vasculitis,rheumatoid purpura
D011695,IgA Vasculitis,"purpura, nonthrombocytopenic"
D011695,IgA Vasculitis,purpura hemorrhagica
D011695,IgA Vasculitis,iga vasculitis
D011695,IgA Vasculitis,"vasculitis, hemorrhagic"
D011696,"Purpura, Thrombocytopenic","purpura, thrombocytopenic"
D011697,"Purpura, Thrombotic Thrombocytopenic",familial thrombotic thrombocytopenic purpura
D011697,"Purpura, Thrombotic Thrombocytopenic","purpura, thrombotic thrombocytopenic"
D011697,"Purpura, Thrombotic Thrombocytopenic",congenital thrombotic thrombocytopenic purpura
D011702,Pyelitis,pyelitis
D011704,Pyelonephritis,"pyelonephritis, acute necrotizing"
D011704,Pyelonephritis,pyelonephritis
D011705,"Pyelonephritis, Xanthogranulomatous","pyelonephritis, xanthogranulomatous"
D011707,Pyloric Stenosis,pyloric stenosis
D011707,Pyloric Stenosis,pyloric obstruction
D011711,Pyoderma,pyoderma
D011776,Pyuria,pyuria
D011778,Q Fever,acute q fever
D011778,Q Fever,q fever
D011778,Q Fever,coxiella burnetii infection
D011778,Q Fever,chronic q fever
D011782,Quadriplegia,quadriplegia
D011782,Quadriplegia,quadriparesis
D011782,Quadriplegia,flaccid quadriplegia
D011782,Quadriplegia,"paralysis, spinal, quadriplegic"
D011782,Quadriplegia,spastic quadriplegia
D011818,Rabies,rabies
D011818,Rabies,paralytic rabies
D011818,Rabies,furious rabies
D011818,Rabies,encephalitic rabies
D011832,Radiation Injuries,radiation syndrome
D011832,Radiation Injuries,radiation injuries
D011832,Radiation Injuries,radiation sickness
D011833,"Radiation Injuries, Experimental","radiation injuries, experimental"
D011842,Radicular Cyst,radicular cyst
D011843,Radiculopathy,radiculopathy
D011843,Radiculopathy,"radiculopathy, cervical"
D011843,Radiculopathy,nerve root avulsion
D011843,Radiculopathy,radiculitis
D011843,Radiculopathy,nerve root disorder
D011843,Radiculopathy,nerve root compression
D011855,Radiodermatitis,radiodermatitis
D011855,Radiodermatitis,radiation recall dermatitis
D011885,Radius Fractures,galeazzi fracture
D011885,Radius Fractures,radius fractures
D011900,Ranula,ranula
D011906,Rat-Bite Fever,sodoku
D011906,Rat-Bite Fever,rat-bite fever
D011906,Rat-Bite Fever,streptobacillus moniliformis endocarditis
D011928,Raynaud Disease,raynaud phenomenon
D011928,Raynaud Disease,raynaud disease
D012001,Hyperacusis,phonophobia
D012001,Hyperacusis,auditory hyperesthesia
D012001,Hyperacusis,hyperacusis
D012002,Rectal Diseases,anorectal diseases
D012002,Rectal Diseases,rectal diseases
D012003,Rectal Fistula,anal fistula
D012003,Rectal Fistula,rectal fistula
D012004,Rectal Neoplasms,rectal neoplasms
D012004,Rectal Neoplasms,cancer of rectum
D012005,Rectal Prolapse,anus prolapse
D012005,Rectal Prolapse,rectal prolapse
D012006,Rectovaginal Fistula,rectovaginal fistula
D012010,"Red-Cell Aplasia, Pure","red-cell aplasia, pure"
D012019,Reflex Sympathetic Dystrophy,algodystrophic syndrome
D012019,Reflex Sympathetic Dystrophy,reflex sympathetic dystrophy
D012019,Reflex Sympathetic Dystrophy,cervical sympathetic dystrophy
D012019,Reflex Sympathetic Dystrophy,shoulder-hand syndrome
D012021,"Reflex, Abnormal","reflex, knee, abnormal"
D012021,"Reflex, Abnormal","reflex, anal, absent"
D012021,"Reflex, Abnormal",hyperreflexia
D012021,"Reflex, Abnormal","reflex, deep tendon, absent"
D012021,"Reflex, Abnormal","reflex, anal, decreased"
D012021,"Reflex, Abnormal","reflex, triceps, decreased"
D012021,"Reflex, Abnormal","reflex, ankle, absent"
D012021,"Reflex, Abnormal","reflex, biceps, abnormal"
D012021,"Reflex, Abnormal","reflex, triceps, abnormal"
D012021,"Reflex, Abnormal",abnormal deep tendon reflex
D012021,"Reflex, Abnormal",hyporeflexia
D012021,"Reflex, Abnormal","reflex, moro, asymmetric"
D012021,"Reflex, Abnormal","reflex, ankle, abnormal"
D012021,"Reflex, Abnormal","reflex, gag, decreased"
D012021,"Reflex, Abnormal","bulbocavernosus reflex, decreased"
D012021,"Reflex, Abnormal","reflex, corneal, absent"
D012021,"Reflex, Abnormal","reflex, acoustic, abnormal"
D012021,"Reflex, Abnormal","reflex, biceps, absent"
D012021,"Reflex, Abnormal","reflex, absent"
D012021,"Reflex, Abnormal","reflex, gag, absent"
D012021,"Reflex, Abnormal","reflex, knee, decreased"
D012021,"Reflex, Abnormal","reflex, abnormal"
D012021,"Reflex, Abnormal","reflex, corneal, decreased"
D012021,"Reflex, Abnormal",hoffman's reflex
D012021,"Reflex, Abnormal",palmo-mental reflex
D012021,"Reflex, Abnormal","reflex, ankle, decreased"
D012021,"Reflex, Abnormal",bulbocavernousus reflex absent
D012021,"Reflex, Abnormal","reflex, pendular"
D012021,"Reflex, Abnormal","reflex, biceps, decreased"
D012021,"Reflex, Abnormal","reflex, triceps, absent"
D012030,Refractive Errors,refractive errors
D012030,Refractive Errors,ametropia
D012035,Refsum Disease,classic refsum disease
D012035,Refsum Disease,heredopathia atactica polyneuritiformis
D012035,Refsum Disease,"refsum disease, phytanoyl-coa hydroxylase deficiency"
D012035,Refsum Disease,adult refsum disease
D012035,Refsum Disease,phytanic acid oxidase deficiency
D012035,Refsum Disease,hereditary motor and sensory neuropathy iv
D012035,Refsum Disease,refsum disease
D012061,Relapsing Fever,borrelia recurrentis infection
D012061,Relapsing Fever,borrelia hermsii infection
D012061,Relapsing Fever,relapsing fever
D012078,Renal Artery Obstruction,renal artery stenosis
D012078,Renal Artery Obstruction,renal artery obstruction
D012080,Chronic Kidney Disease-Mineral and Bone Disorder,chronic kidney disease-mineral and bone disorder
D012080,Chronic Kidney Disease-Mineral and Bone Disorder,renal osteodystrophy
D012080,Chronic Kidney Disease-Mineral and Bone Disorder,renal rickets
D012088,Reoviridae Infections,reoviridae infections
D012090,Cumulative Trauma Disorders,cumulative trauma disorders
D012120,Respiration Disorders,respiration disorders
D012127,"Respiratory Distress Syndrome, Newborn","respiratory distress syndrome, newborn"
D012128,Respiratory Distress Syndrome,respiratory distress syndrome
D012128,Respiratory Distress Syndrome,"respiratory distress syndrome, pediatric"
D012128,Respiratory Distress Syndrome,"respiratory distress syndrome, acute"
D012128,Respiratory Distress Syndrome,"respiratory distress syndrome, adult"
D012130,Respiratory Hypersensitivity,respiratory hypersensitivity
D012131,Respiratory Insufficiency,acute hypoxemic respiratory failure
D012131,Respiratory Insufficiency,respiratory insufficiency
D012131,Respiratory Insufficiency,respiratory failure
D012131,Respiratory Insufficiency,respiratory depression
D012131,Respiratory Insufficiency,acute hypercapnic respiratory failure
D012131,Respiratory Insufficiency,hypercapnic respiratory failure
D012131,Respiratory Insufficiency,hypoxemic respiratory failure
D012133,Respiratory Paralysis,respiratory paralysis
D012140,Respiratory Tract Diseases,respiratory tract diseases
D012141,Respiratory Tract Infections,respiratory tract infections
D012141,Respiratory Tract Infections,upper respiratory tract infections
D012142,Respiratory Tract Neoplasms,respiratory tract neoplasms
D012148,Restless Legs Syndrome,restless legs syndrome
D012162,Retinal Degeneration,retinal degeneration
D012163,Retinal Detachment,retinal detachment
D012163,Retinal Detachment,retinal pigment epithelial detachment
D012164,Retinal Diseases,retinal diseases
D012166,Retinal Hemorrhage,retinal hemorrhage
D012167,Retinal Perforations,macular holes
D012167,Retinal Perforations,retinal perforations
D012170,Retinal Vein Occlusion,retinal vein occlusion
D012170,Retinal Vein Occlusion,central retinal vein occlusion
D012170,Retinal Vein Occlusion,branch vein occlusion
D012170,Retinal Vein Occlusion,retinal vein thrombosis
D012173,Retinitis,retinitis
D012173,Retinitis,neuroretinitis
D012174,Retinitis Pigmentosa,retinitis pigmentosa
D012175,Retinoblastoma,"glioblastoma, retinal"
D012175,Retinoblastoma,"neuroblastoma, retinal"
D012175,Retinoblastoma,retinoblastoma
D012175,Retinoblastoma,"glioma, retinal"
D012175,Retinoblastoma,sporadic retinoblastoma
D012175,Retinoblastoma,familial retinoblastoma
D012178,Retinopathy of Prematurity,retinopathy of prematurity
D012181,Retrocochlear Diseases,retrocochlear hearing loss
D012181,Retrocochlear Diseases,retrocochlear diseases
D012186,Retroperitoneal Neoplasms,retroperitoneal neoplasms
D012188,Retropneumoperitoneum,retropneumoperitoneum
D012192,Retroviridae Infections,retroviridae infections
D012192,Retroviridae Infections,xmrv infection
D012202,Reye Syndrome,"reye syndrome, adult"
D012202,Reye Syndrome,reye-like syndrome
D012202,Reye Syndrome,reye syndrome
D012206,Rhabdomyolysis,rhabdomyolysis
D012207,Rhabdomyoma,rhabdomyoma
D012208,Rhabdomyosarcoma,rhabdomyosarcoma
D012213,Rheumatic Fever,rheumatic fever
D012214,Rheumatic Heart Disease,rheumatic heart disease
D012214,Rheumatic Heart Disease,bouillaud disease
D012215,Rheumatic Nodule,rheumatic nodule
D012215,Rheumatic Nodule,aschoff bodies
D012216,Rheumatic Diseases,rheumatic diseases
D012218,Rheumatoid Nodule,rheumatoid nodule
D012220,Rhinitis,rhinitis
D012221,"Rhinitis, Allergic, Perennial","rhinitis, allergic, perennial"
D012222,"Rhinitis, Atrophic","rhinitis, atrophic"
D012222,"Rhinitis, Atrophic",ozena
D012223,"Rhinitis, Vasomotor","rhinitis, vasomotor"
D012224,Rhinophyma,rhinophyma
D012226,Rhinoscleroma,rhinoscleroma
D012227,Rhinosporidiosis,rhinosporidiosis
D012253,Rib Fractures,rib fractures
D012257,Riboflavin Deficiency,riboflavin deficiency
D012279,Rickets,rickets
D012282,Rickettsia Infections,rickettsia infections
D012288,Rickettsiaceae Infections,rickettsiaceae infections
D012295,Rift Valley Fever,rift valley fever
D012301,Rinderpest,rinderpest
D012327,RNA Virus Infections,rna virus infections
D012373,Rocky Mountain Spotted Fever,rocky mountain spotted fever
D012376,Rodent Diseases,rodent diseases
D012391,Root Resorption,root resorption
D012393,Rosacea,papulopustular rosacea
D012393,Rosacea,erythematotelangiectatic rosacea
D012393,Rosacea,rosacea
D012393,Rosacea,ocular rosacea
D012393,Rosacea,granulomatous rosacea
D012393,Rosacea,phymatous rosacea
D012400,Rotavirus Infections,rotavirus infections
D012409,Rubella,rubella
D012410,"Rubella Syndrome, Congenital","rubella syndrome, congenital"
D012415,Rubinstein-Taybi Syndrome,rubinstein-taybi syndrome
D012421,Rupture,rupture
D012465,Salivary Duct Calculi,salivary duct calculi
D012466,Salivary Gland Diseases,salivary gland diseases
D012467,Salivary Gland Fistula,salivary gland fistula
D012468,Salivary Gland Neoplasms,cancer of salivary gland
D012468,Salivary Gland Neoplasms,salivary gland neoplasms
D012468,Salivary Gland Neoplasms,non-sebaceous lymphadenomas
D012468,Salivary Gland Neoplasms,sebaceous lymphadenomas
D012468,Salivary Gland Neoplasms,salivary gland lymphadenomas
D012478,Salmonella Food Poisoning,salmonella food poisoning
D012480,Salmonella Infections,salmonella infections
D012481,"Salmonella Infections, Animal","salmonella infections, animal"
D012488,Salpingitis,salpingitis
D012497,Sandhoff Disease,total hexosaminidase deficiency
D012497,Sandhoff Disease,infantile sandhoff disease
D012497,Sandhoff Disease,adult sandhoff disease
D012497,Sandhoff Disease,sandhoff disease
D012497,Sandhoff Disease,juvenile sandhoff disease
D012507,Sarcoidosis,sarcoidosis
D012509,Sarcoma,"sarcoma, epithelioid"
D012509,Sarcoma,"sarcoma, spindle cell"
D012509,Sarcoma,sarcoma
D012510,Sarcoma 180,sarcoma 180
D012511,Sarcoma 37,sarcoma 37
D012512,"Sarcoma, Ewing","sarcoma, ewing"
D012513,"Sarcoma, Experimental","sarcoma, experimental"
D012513,"Sarcoma, Experimental","sarcoma, jensen"
D012513,"Sarcoma, Experimental","sarcoma, engelbreth-holm-swarm"
D012514,"Sarcoma, Kaposi","sarcoma, kaposi"
D012515,Mast-Cell Sarcoma,mast-cell sarcoma
D012516,Osteosarcoma,osteosarcoma
D012517,"Sarcoma, Yoshida","sarcoma, yoshida"
D012523,Sarcocystosis,sarcocystosis
D012532,Scabies,"mange, sarcoptic"
D012532,Scabies,scabies
D012536,Scalp Dermatoses,scalp dermatoses
D012541,Scarlet Fever,scarlet fever
D012544,Scheuermann Disease,scheuermann disease
D012552,Schistosomiasis,schistosomiasis
D012553,Schistosomiasis haematobia,schistosomiasis haematobia
D012553,Schistosomiasis haematobia,"schistosomiasis, urinary"
D012554,Schistosomiasis japonica,schistosomiasis japonica
D012555,Schistosomiasis mansoni,"schistosomiasis, intestinal"
D012555,Schistosomiasis mansoni,schistosomiasis mansoni
D012585,Sciatica,"sciatica, bilateral"
D012585,Sciatica,sciatica
D012587,Scimitar Syndrome,anomalous pulmonary venous return
D012587,Scimitar Syndrome,total anomalous pulmonary venous return 1
D012587,Scimitar Syndrome,scimitar syndrome
D012587,Scimitar Syndrome,total anomalous pulmonary venous return
D012592,Scleredema Adultorum,scleredema adultorum
D012593,Sclerema Neonatorum,sclerema neonatorum
D012594,"Scleroderma, Localized","scleroderma, linear"
D012594,"Scleroderma, Localized",morphea
D012594,"Scleroderma, Localized",dermatosclerosis
D012594,"Scleroderma, Localized","scleroderma, localized"
D012595,"Scleroderma, Systemic","scleroderma, systemic"
D012600,Scoliosis,scoliosis
D012607,Scotoma,"scotoma, centrocecal"
D012607,Scotoma,"scotoma, central"
D012607,Scotoma,"scotoma, bjerrum"
D012607,Scotoma,"scotoma, sector"
D012607,Scotoma,"scotoma, altitudinal"
D012607,Scotoma,"scotoma, paracecal"
D012607,Scotoma,"scotoma, paracentral"
D012607,Scotoma,"scotoma, ring"
D012607,Scotoma,"scotoma, scintillating"
D012607,Scotoma,"scotoma, arcuate"
D012607,Scotoma,scotoma
D012607,Scotoma,"scotoma, peripheral"
D012608,Scrapie,scrapie
D012610,Screw Worm Infection,cochliomyia hominivorax infection
D012610,Screw Worm Infection,chrysomya bezziana infection
D012610,Screw Worm Infection,screw worm infection
D012612,Scrub Typhus,scrub typhus
D012614,Scurvy,scurvy
D012618,Sea-Blue Histiocyte Syndrome,sea-blue histiocyte syndrome
D012625,Sebaceous Gland Diseases,sebaceous gland diseases
D012626,Sebaceous Gland Neoplasms,sebaceous gland neoplasms
D012628,"Dermatitis, Seborrheic","dermatitis, seborrheic"
D012640,Seizures,"seizures, olfactory"
D012640,Seizures,"seizures, visual"
D012640,Seizures,myoclonic seizures
D012640,Seizures,"seizures, gustatory"
D012640,Seizures,"seizures, vertiginous"
D012640,Seizures,absence seizures
D012640,Seizures,epileptic seizures
D012640,Seizures,"seizures, generalized"
D012640,Seizures,clonic seizures
D012640,Seizures,seizures
D012640,Seizures,"seizures, focal"
D012640,Seizures,convulsions
D012640,Seizures,convulsive seizures
D012640,Seizures,"convulsion, non-epileptic"
D012640,Seizures,tonic seizures
D012640,Seizures,single seizure
D012640,Seizures,"seizures, somatosensory"
D012640,Seizures,atonic seizures
D012640,Seizures,jacksonian seizure
D012640,Seizures,nonepileptic seizures
D012640,Seizures,generalized absence seizures
D012640,Seizures,complex partial seizures
D012640,Seizures,tonic-clonic seizures
D012640,Seizures,"seizures, auditory"
D012640,Seizures,"seizures, sensory"
D012640,Seizures,atonic absence seizures
D012652,Self Mutilation,self mutilation
D012678,Sensation Disorders,sensation disorders
D012678,Sensation Disorders,sensory disorders
D012678,Sensation Disorders,special senses disorders
D012707,Sertoli Cell Tumor,sertoli cell tumor
D012713,Serum Sickness,serum sickness
D012719,Setariasis,setariasis
D012734,Disorders of Sex Development,sex differentiation disorders
D012734,Disorders of Sex Development,intersex conditions
D012734,Disorders of Sex Development,pseudohermaphroditism
D012734,Disorders of Sex Development,intersexuality
D012734,Disorders of Sex Development,hermaphroditism
D012734,Disorders of Sex Development,disorders of sex development
D012734,Disorders of Sex Development,ambiguous genitalia
D012735,"Sexual Dysfunction, Physiological","sexual dysfunction, physiological"
D012749,Sexually Transmitted Diseases,sexually transmitted diseases
D012751,Sezary Syndrome,sezary syndrome
D012757,Sheep Diseases,sheep diseases
D012766,"Pasteurellosis, Pneumonic","pasteurellosis, pneumonic"
D012770,"Shock, Cardiogenic","shock, cardiogenic"
D012772,"Shock, Septic","shock, endotoxic"
D012772,"Shock, Septic","shock, septic"
D012772,"Shock, Septic","shock, toxic"
D012774,"Shock, Traumatic","shock, traumatic"
D012778,Short Bowel Syndrome,short bowel syndrome
D012779,Short Rib-Polydactyly Syndrome,majewski syndrome
D012779,Short Rib-Polydactyly Syndrome,short rib-polydactyly syndrome
D012779,Short Rib-Polydactyly Syndrome,saldino-noonan syndrome
D012783,Shoulder Dislocation,glenohumeral subluxation
D012783,Shoulder Dislocation,shoulder dislocation
D012784,Shoulder Fractures,shoulder fractures
D012784,Shoulder Fractures,greater tuberosity fractures
D012784,Shoulder Fractures,humeral head fracture
D012790,Shwartzman Phenomenon,shwartzman phenomenon
D012791,Shy-Drager Syndrome,shy-drager syndrome
D012793,Sialadenitis,irradiation-induced sialadenitis
D012793,Sialadenitis,sialadenitis
D012797,"Sialometaplasia, Necrotizing","sialometaplasia, necrotizing"
D012798,Sialorrhea,drooling
D012798,Sialorrhea,sialorrhea
D012804,Sick Sinus Syndrome,sinus node dysfunction
D012804,Sick Sinus Syndrome,sick sinus syndrome
D012805,Sickle Cell Trait,sickle cell trait
D012806,Siderosis,siderosis
D012810,Sigmoid Diseases,sigmoid diseases
D012811,Sigmoid Neoplasms,sigmoid neoplasms
D012811,Sigmoid Neoplasms,sigmoid cancer
D012829,Silicosis,silicosis
D012830,Silicotuberculosis,silicotuberculosis
D012832,Silo Filler's Disease,silo filler's disease
D012848,Sinoatrial Block,sinoatrial block
D012851,"Sinus Thrombosis, Intracranial","sinus thrombosis, intracranial"
D012851,"Sinus Thrombosis, Intracranial",intracranial sinus thrombophlebitis
D012851,"Sinus Thrombosis, Intracranial",petrous sinus thrombosis
D012851,"Sinus Thrombosis, Intracranial",petrous sinus thrombophlebitis
D012852,Sinusitis,sinusitis
D012857,Situs Inversus,situs inversus
D012859,Sjogren's Syndrome,sicca syndrome
D012859,Sjogren's Syndrome,sjogren's syndrome
D012868,Skin Abnormalities,skin abnormalities
D012871,Skin Diseases,skin diseases
D012871,Skin Diseases,skin and subcutaneous tissue disorders
D012872,"Skin Diseases, Vesiculobullous","pustular dermatosis, subcorneal"
D012872,"Skin Diseases, Vesiculobullous","skin diseases, vesiculobullous"
D012872,"Skin Diseases, Vesiculobullous","skin diseases, bullous"
D012872,"Skin Diseases, Vesiculobullous",vesicular skin diseases
D012873,"Skin Diseases, Genetic","skin diseases, genetic"
D012874,"Skin Diseases, Infectious","skin diseases, infectious"
D012875,"Skin Diseases, Metabolic","skin diseases, metabolic"
D012876,"Skin Diseases, Parasitic","skin diseases, parasitic"
D012878,Skin Neoplasms,skin neoplasms
D012878,Skin Neoplasms,cancer of skin
D012883,Skin Ulcer,skin ulcer
D012887,Skull Fractures,"skull fracture, non-depressed"
D012887,Skull Fractures,linear skull fracture
D012887,Skull Fractures,skull fractures
D012888,Skull Neoplasms,skull neoplasms
D012891,Sleep Apnea Syndromes,sleep apnea syndromes
D012891,Sleep Apnea Syndromes,hypersomnia with periodic respiration
D012891,Sleep Apnea Syndromes,sleep-disordered breathing
D012891,Sleep Apnea Syndromes,"sleep apnea, mixed central and obstructive"
D012892,Sleep Deprivation,rem sleep deprivation
D012892,Sleep Deprivation,insufficient sleep syndrome
D012892,Sleep Deprivation,sleep fragmentation
D012892,Sleep Deprivation,sleep insufficiency
D012892,Sleep Deprivation,sleep deprivation
D012892,Sleep Deprivation,sleep debt
D012892,Sleep Deprivation,insufficient sleep
D012893,Sleep Wake Disorders,long sleeper syndrome
D012893,Sleep Wake Disorders,subwakefullness syndrome
D012893,Sleep Wake Disorders,sleep-related neurogenic tachypnea
D012893,Sleep Wake Disorders,sleep wake disorders
D012893,Sleep Wake Disorders,sleep disorders
D012893,Sleep Wake Disorders,short sleeper syndrome
D012897,Slow Virus Diseases,slow virus diseases
D012899,Smallpox,variola minor
D012899,Smallpox,smallpox
D012909,Snake Bites,snakebite envenoming
D012909,Snake Bites,snake bites
D012983,Soft Tissue Neoplasms,soft tissue neoplasms
D013005,Somatostatinoma,somatostatinoma
D013009,Somnambulism,somnambulism
D013031,Sparganosis,sparganosis
D013035,Spasm,"spasm, generalized"
D013035,Spasm,"spasm, ciliary body"
D013035,Spasm,spasm
D013036,"Spasms, Infantile",symptomatic infantile spasms
D013036,"Spasms, Infantile",nodding spasm
D013036,"Spasms, Infantile",jackknife seizures
D013036,"Spasms, Infantile","spasms, infantile"
D013036,"Spasms, Infantile",hypsarrhythmia
D013036,"Spasms, Infantile",salaam attacks
D013036,"Spasms, Infantile",cryptogenic infantile spasms
D013036,"Spasms, Infantile",spasmus nutans
D013064,Speech Disorders,verbal fluency disorders
D013064,Speech Disorders,cluttering
D013064,Speech Disorders,aprosodia
D013064,Speech Disorders,dysglossia
D013064,Speech Disorders,speech disorders
D013064,Speech Disorders,dyslalia
D013064,Speech Disorders,rhinolalia
D013086,Spermatic Cord Torsion,spermatic cord torsion
D013088,Spermatocele,spermatocele
D013088,Spermatocele,epididymal cyst
D013103,"Spherocytosis, Hereditary","spherocytosis, hereditary"
D013106,Sphingolipidoses,sphingolipidoses
D013117,Spinal Cord Compression,conus medullaris syndrome
D013117,Spinal Cord Compression,spinal cord compression
D013118,Spinal Cord Diseases,spinal cord diseases
D013119,Spinal Cord Injuries,spinal cord laceration
D013119,Spinal Cord Injuries,spinal cord contusion
D013119,Spinal Cord Injuries,spinal cord injuries
D013119,Spinal Cord Injuries,spinal cord transection
D013119,Spinal Cord Injuries,post-traumatic myelopathy
D013120,Spinal Cord Neoplasms,intradural-extramedullary spinal cord neoplasms
D013120,Spinal Cord Neoplasms,intramedullary spinal cord neoplasms
D013120,Spinal Cord Neoplasms,"spinal cord neoplasms, benign"
D013120,Spinal Cord Neoplasms,"spinal cord neoplasms, malignant"
D013120,Spinal Cord Neoplasms,spinal cord neoplasms
D013120,Spinal Cord Neoplasms,"intramedullary spinal cord neoplasms, primary"
D013121,Spinal Curvatures,spinal curvatures
D013122,Spinal Diseases,spinal diseases
D013124,Spinal Injuries,spinal injuries
D013125,Spinal Neoplasms,spinal neoplasms
D013128,Spinal Osteophytosis,spinal osteophytosis
D013130,Spinal Stenosis,spinal stenosis
D013132,Spinocerebellar Degenerations,marinesco-sjogren syndrome
D013132,Spinocerebellar Degenerations,"cerebellar ataxia, late onset"
D013132,Spinocerebellar Degenerations,corticostriatal-spinal degeneration
D013132,Spinocerebellar Degenerations,"cerebellar degenerations, primary"
D013132,Spinocerebellar Degenerations,spinocerebellar degenerations
D013132,Spinocerebellar Degenerations,"ataxias, hereditary"
D013132,Spinocerebellar Degenerations,"cerebellar ataxia, early onset"
D013132,Spinocerebellar Degenerations,marie cerebellar ataxia
D013145,Spirochaetales Infections,spirochaetales infections
D013158,Splenic Diseases,splenic diseases
D013159,Splenic Infarction,splenic infarction
D013160,Splenic Neoplasms,cancer of spleen
D013160,Splenic Neoplasms,splenic neoplasms
D013161,Splenic Rupture,splenic rupture
D013166,Spondylitis,spondylitis
D013167,"Spondylitis, Ankylosing","spondylitis, ankylosing"
D013168,Spondylolisthesis,olisthesis
D013168,Spondylolisthesis,spondylolisthesis
D013169,Spondylolysis,spondylolysis
D013174,Sporotrichosis,sporothrix schenckii infection
D013174,Sporotrichosis,sporothrix brasiliensis infection
D013174,Sporotrichosis,sporotrichosis
D013180,Sprains and Strains,sprains and strains
D013180,Sprains and Strains,sprains
D013180,Sprains and Strains,strains
D013182,"Sprue, Tropical","sprue, tropical"
D013202,Staphylococcal Food Poisoning,staphylococcal food poisoning
D013203,Staphylococcal Infections,staphylococcal infections
D013203,Staphylococcal Infections,staphylococcus aureus infection
D013206,Staphylococcal Scalded Skin Syndrome,staphylococcal scalded skin syndrome
D013207,Staphylococcal Skin Infections,staphylococcal skin infections
D013217,Starvation,starvation
D013224,Status Asthmaticus,status asthmaticus
D013226,Status Epilepticus,complex partial status epilepticus
D013226,Status Epilepticus,non-convulsive status epilepticus
D013226,Status Epilepticus,grand mal status epilepticus
D013226,Status Epilepticus,status epilepticus
D013226,Status Epilepticus,simple partial status epilepticus
D013226,Status Epilepticus,"status epilepticus, subclinical"
D013226,Status Epilepticus,petit mal status
D013231,Steatitis,steatitis
D013262,Stevens-Johnson Syndrome,stevens-johnson syndrome
D013262,Stevens-Johnson Syndrome,mycoplasma-induced stevens-johnson syndrome
D013262,Stevens-Johnson Syndrome,stevens-johnson syndrome toxic epidermal necrolysis spectrum
D013262,Stevens-Johnson Syndrome,drug-induced stevens johnson syndrome
D013262,Stevens-Johnson Syndrome,"epidermal necrolysis, toxic"
D013271,Gastric Dilatation,gastric dilatation
D013272,Stomach Diseases,stomach diseases
D013273,"Diverticulum, Stomach","diverticulum, stomach"
D013274,Stomach Neoplasms,cancer of stomach
D013274,Stomach Neoplasms,stomach neoplasms
D013274,Stomach Neoplasms,"gastric cancer, familial diffuse"
D013275,Stomach Rupture,stomach rupture
D013276,Stomach Ulcer,stomach ulcer
D013277,Stomach Volvulus,stomach volvulus
D013280,Stomatitis,oral mucositis
D013280,Stomatitis,stomatitis
D013281,"Stomatitis, Aphthous","stomatitis, aphthous"
D013281,"Stomatitis, Aphthous",periadenitis mucosa necrotica recurrens
D013282,"Stomatitis, Denture","stomatitis, denture"
D013283,"Stomatitis, Herpetic","gingivostomatitis, herpetic"
D013283,"Stomatitis, Herpetic","stomatitis, herpetic"
D013285,Strabismus,"strabismus, comitant"
D013285,Strabismus,hypertropia
D013285,Strabismus,strabismus
D013285,Strabismus,heterotropias
D013285,Strabismus,dissociated horizontal deviation
D013285,Strabismus,heterophoria
D013285,Strabismus,mechanical strabismus
D013285,Strabismus,"strabismus, noncomitant"
D013285,Strabismus,convergent comitant strabismus
D013285,Strabismus,dissociated vertical deviation
D013290,Streptococcal Infections,group a streptococcal infections
D013290,Streptococcal Infections,streptococcal infections
D013290,Streptococcal Infections,group b streptococcal infections
D013319,"Strongyle Infections, Equine","strongyle infections, equine"
D013322,Strongyloidiasis,anguilluliasis
D013322,Strongyloidiasis,strongyloidiasis
D013330,Struma Ovarii,struma ovarii
D013341,Sturge-Weber Syndrome,sturge-weber syndrome
D013341,Sturge-Weber Syndrome,parkes weber syndrome
D013342,Stuttering,stammering
D013342,Stuttering,"stuttering, developmental"
D013342,Stuttering,"stuttering, familial persistent 1"
D013342,Stuttering,"stuttering, acquired"
D013342,Stuttering,"stuttering, childhood"
D013342,Stuttering,stuttering
D013342,Stuttering,"stuttering, adult"
D013344,Subacute Sclerosing Panencephalitis,subacute sclerosing panencephalitis
D013345,Subarachnoid Hemorrhage,perinatal subarachnoid hemorrhage
D013345,Subarachnoid Hemorrhage,"subarachnoid hemorrhage, spontaneous"
D013345,Subarachnoid Hemorrhage,"subarachnoid hemorrhage, intracranial"
D013345,Subarachnoid Hemorrhage,subarachnoid hemorrhage
D013345,Subarachnoid Hemorrhage,"subarachnoid hemorrhage, aneurysmal"
D013349,Subclavian Steal Syndrome,subclavian-carotid artery steal syndrome
D013349,Subclavian Steal Syndrome,subclavian steal
D013349,Subclavian Steal Syndrome,subclavian steal syndrome
D013353,Subdural Effusion,"hygroma, subdural"
D013353,Subdural Effusion,subdural effusion
D013354,"Empyema, Subdural","abscess, intracranial, subdural"
D013354,"Empyema, Subdural","empyema, subdural"
D013362,Sublingual Gland Neoplasms,sublingual gland neoplasms
D013364,Submandibular Gland Diseases,submandibular gland diseases
D013365,Submandibular Gland Neoplasms,submandibular gland neoplasms
D013369,Subphrenic Abscess,subphrenic abscess
D013375,Substance Withdrawal Syndrome,withdrawal symptoms
D013375,Substance Withdrawal Syndrome,substance withdrawal syndrome
D013375,Substance Withdrawal Syndrome,drug withdrawal symptoms
D013436,Sulfhemoglobinemia,sulfhemoglobinemia
D013471,Sunburn,sunburn
D013474,Sunstroke,sunstroke
D013478,Superior Mesenteric Artery Syndrome,superior mesenteric artery syndrome
D013479,Superior Vena Cava Syndrome,superior vena cava thrombosis
D013479,Superior Vena Cava Syndrome,superior vena cava syndrome
D013492,Suppuration,suppuration
D013492,Suppuration,pus
D013494,"Supranuclear Palsy, Progressive","supranuclear palsy, progressive"
D013494,"Supranuclear Palsy, Progressive","supranuclear palsy, progressive, 1"
D013494,"Supranuclear Palsy, Progressive","ophthalmoplegia, progressive supranuclear"
D013530,Surgical Wound Infection,surgical wound infection
D013540,Swayback,swayback
D013543,Sweat Gland Diseases,sweat gland diseases
D013544,Sweat Gland Neoplasms,sweat gland neoplasms
D013547,"Sweating, Gustatory",auriculotemporal syndrome
D013547,"Sweating, Gustatory","sweating, gustatory"
D013553,Swine Diseases,swine diseases
D013554,Swine Erysipelas,swine erysipelas
D013555,Swine Vesicular Disease,swine vesicular disease
D013575,Syncope,presyncope
D013575,Syncope,"syncope, stokes-adams"
D013575,Syncope,"syncope, effort"
D013575,Syncope,"syncope, micturition"
D013575,Syncope,syncope
D013575,Syncope,"syncope, postural"
D013575,Syncope,syncopal episode
D013575,Syncope,drop attack
D013575,Syncope,"syncope, situational"
D013575,Syncope,"syncope, cardiogenic"
D013575,Syncope,"syncope, tussive"
D013575,Syncope,"syncope, hyperventilation"
D013575,Syncope,syncopal vertigo
D013575,Syncope,"syncope, deglutitional"
D013575,Syncope,"syncope, carotid sinus"
D013575,Syncope,"syncope, convulsive"
D013576,Syndactyly,syndactyly
D013576,Syndactyly,polysyndactyly
D013580,Synostosis,synostosis
D013581,Synovial Cyst,synovial cyst
D013584,"Sarcoma, Synovial","sarcoma, synovial"
D013585,Synovitis,synovial plica syndrome
D013585,Synovitis,synovial hypertrophy
D013585,Synovitis,synovitis
D013586,"Synovitis, Pigmented Villonodular","synovitis, pigmented villonodular"
D013587,Syphilis,syphilis
D013589,"Syphilis, Cardiovascular","syphilis, cardiovascular"
D013589,"Syphilis, Cardiovascular","aortitis, syphilitic"
D013590,"Syphilis, Congenital",hutchinson's teeth
D013590,"Syphilis, Congenital","syphilis, congenital"
D013591,"Syphilis, Cutaneous",syphilids
D013591,"Syphilis, Cutaneous","syphilis, cutaneous"
D013592,"Syphilis, Latent","syphilis, latent"
D013595,Syringomyelia,morvan disease
D013595,Syringomyelia,hydrosyringomyelia
D013595,Syringomyelia,syringomyelia
D013606,Tabes Dorsalis,tabes dorsalis
D013606,Tabes Dorsalis,locomotor ataxia
D013606,Tabes Dorsalis,spinal meningovascular syphilis
D013610,Tachycardia,tachyarrhythmia
D013610,Tachycardia,tachycardia
D013611,"Tachycardia, Atrioventricular Nodal Reentry","tachycardia, atrioventricular nodal reentry"
D013612,"Tachycardia, Ectopic Atrial","tachycardia, ectopic atrial"
D013613,"Tachycardia, Ectopic Junctional","tachycardia, ectopic junctional"
D013614,"Tachycardia, Paroxysmal","tachycardia, paroxysmal"
D013614,"Tachycardia, Paroxysmal",paroxysmal reciprocal tachycardia
D013615,"Tachycardia, Sinoatrial Nodal Reentry","tachycardia, sinoatrial nodal reentry"
D013616,"Tachycardia, Sinus","tachycardia, sinus"
D013617,"Tachycardia, Supraventricular","tachycardia, supraventricular"
D013622,Taeniasis,taenia multiceps infection
D013622,Taeniasis,taeniasis
D013622,Taeniasis,taenia solium infection
D013622,Taeniasis,taenia brauni infection
D013622,Taeniasis,taenia glomeratus infection
D013622,Taeniasis,taenia serialis infection
D013625,Takayasu Arteritis,takayasu arteritis
D013625,Takayasu Arteritis,aortitis syndrome
D013631,Tangier Disease,tangier disease neuropathy
D013631,Tangier Disease,tangier disease
D013641,Tarsal Tunnel Syndrome,tarsal tunnel syndrome
D013651,Taste Disorders,"taste disorder, primary, salt"
D013651,Taste Disorders,"taste disorder, secondary"
D013651,Taste Disorders,"taste disorder, primary, bitter"
D013651,Taste Disorders,"taste disorder, secondary, bitter"
D013651,Taste Disorders,"taste disorder, anterior tongue"
D013651,Taste Disorders,taste dysfunction
D013651,Taste Disorders,"taste, metallic"
D013651,Taste Disorders,"taste disorder, secondary, salt"
D013651,Taste Disorders,"taste disorder, secondary, sweet"
D013651,Taste Disorders,"taste disorder, primary"
D013651,Taste Disorders,"taste disorder, primary, sweet"
D013651,Taste Disorders,"taste disorder, posterior tongue"
D013651,Taste Disorders,taste disorders
D013661,Tay-Sachs Disease,amaurotic familial idiocy
D013661,Tay-Sachs Disease,hexosaminidase alpha-subunit deficiency (variant b)
D013661,Tay-Sachs Disease,tay-sachs disease
D013683,"Telangiectasia, Hereditary Hemorrhagic","telangiectasia, hereditary hemorrhagic"
D013683,"Telangiectasia, Hereditary Hemorrhagic","telangiectasia, hereditary hemorrhagic, type 1"
D013684,Telangiectasis,telangiectasis
D013684,Telangiectasis,spider veins
D013700,Giant Cell Arteritis,juvenile temporal arteritis
D013700,Giant Cell Arteritis,temporal arteritis
D013700,Giant Cell Arteritis,giant cell arteritis
D013700,Giant Cell Arteritis,cranial arteritis
D013700,Giant Cell Arteritis,"aortic arteritis, giant cell"
D013705,Temporomandibular Joint Disorders,temporomandibular joint disorders
D013706,Temporomandibular Joint Dysfunction Syndrome,temporomandibular joint dysfunction syndrome
D013708,Tendon Injuries,tendon injuries
D013716,Tennis Elbow,tennis elbow
D013717,Tenosynovitis,tenosynovitis
D013724,Teratoma,teratoma
D013724,Teratoma,"teratoma, malignant"
D013724,Teratoma,"teratoma, benign"
D013733,Testicular Diseases,testicular diseases
D013734,Androgen-Insensitivity Syndrome,reifenstein syndrome
D013734,Androgen-Insensitivity Syndrome,testicular feminization
D013734,Androgen-Insensitivity Syndrome,androgen receptor deficiency
D013734,Androgen-Insensitivity Syndrome,androgen-insensitivity syndrome
D013736,Testicular Neoplasms,tumor of rete testis
D013736,Testicular Neoplasms,cancer of testis
D013736,Testicular Neoplasms,testicular neoplasms
D013742,Tetanus,tetanus
D013746,Tetany,tetanilla
D013746,Tetany,tetany
D013746,Tetany,"tetany, neonatal"
D013746,Tetany,spasmophilia
D013771,Tetralogy of Fallot,tetralogy of fallot
D013786,Thalamic Diseases,thalamic diseases
D013786,Thalamic Diseases,dejerine-roussy syndrome
D013789,Thalassemia,thalassemia
D013796,Thanatophoric Dysplasia,thanatophoric dysplasia
D013798,Thecoma,thecoma
D013801,Theileriasis,theileriasis
D013801,Theileriasis,corridor disease
D013801,Theileriasis,east coast fever
D013832,Thiamine Deficiency,thiamine deficiency
D013896,Thoracic Diseases,thoracic diseases
D013898,Thoracic Injuries,thoracic injuries
D013899,Thoracic Neoplasms,thoracic neoplasms
D013901,Thoracic Outlet Syndrome,"neurologic syndrome, thoracic outlet"
D013901,Thoracic Outlet Syndrome,arterial thoracic outlet syndrome
D013901,Thoracic Outlet Syndrome,venous thoracic outlet syndrome
D013901,Thoracic Outlet Syndrome,neurogenic thoracic outlet syndrome
D013901,Thoracic Outlet Syndrome,costoclavicular syndrome
D013901,Thoracic Outlet Syndrome,thoracic outlet nerve compression syndrome
D013901,Thoracic Outlet Syndrome,scalenus anticus syndrome
D013901,Thoracic Outlet Syndrome,thoracic outlet syndrome
D013915,Thrombasthenia,thrombasthenia
D013919,Thromboangiitis Obliterans,thromboangiitis obliterans
D013920,"Thrombocythemia, Essential","thrombocythemia, essential"
D013920,"Thrombocythemia, Essential","thrombocytosis, autosomal dominant"
D013921,Thrombocytopenia,thrombocytopenia
D013922,Thrombocytosis,thrombocytosis
D013923,Thromboembolism,thromboembolism
D013924,Thrombophlebitis,phlegmasia alba dolens
D013924,Thrombophlebitis,thrombophlebitis
D013927,Thrombosis,thrombosis
D013927,Thrombosis,atherothrombosis
D013927,Thrombosis,thrombus
D013945,Thymoma,"carcinoma, thymic"
D013945,Thymoma,thymoma
D013952,Thymus Hyperplasia,thymus hyperplasia
D013953,Thymus Neoplasms,cancer of thymus
D013953,Thymus Neoplasms,thymus neoplasms
D013955,Thyroglossal Cyst,thyroglossal cyst
D013958,Thyroid Crisis,thyroid crisis
D013959,Thyroid Diseases,thyroid diseases
D013964,Thyroid Neoplasms,thyroid neoplasms
D013964,Thyroid Neoplasms,thyroid adenoma
D013964,Thyroid Neoplasms,thyroid carcinoma
D013966,Thyroiditis,thyroiditis
D013967,"Thyroiditis, Autoimmune","thyroiditis, autoimmune"
D013968,"Thyroiditis, Subacute","thyroiditis, subacute"
D013969,"Thyroiditis, Suppurative","thyroiditis, suppurative"
D013971,Thyrotoxicosis,thyrotoxicosis
D013978,Tibial Fractures,tillaux fracture
D013978,Tibial Fractures,segond fracture
D013978,Tibial Fractures,tibial fractures
D013978,Tibial Fractures,toddler's fracture
D013981,Tic Disorders,childhood tic disorders
D013981,Tic Disorders,"tic disorders, vocal"
D013981,Tic Disorders,motor tic disorders
D013981,Tic Disorders,transient tic disorder
D013981,Tic Disorders,tic disorders
D013981,Tic Disorders,chronic motor or vocal tic disorder
D013981,Tic Disorders,post-traumatic tic disorder
D013984,Tick Infestations,tick infestations
D013985,Tick Paralysis,tick paralysis
D013986,Tick Toxicoses,tick toxicoses
D013991,Tietze's Syndrome,tietze's syndrome
D014005,Tinea,tinea corporis
D014005,Tinea,trichophyton mentagrophytes infection
D014005,Tinea,epidermophytosis
D014005,Tinea,trichophytosis
D014005,Tinea,tinea
D014006,Tinea Capitis,tinea capitis
D014006,Tinea Capitis,kerion celsi
D014007,Tinea Favosa,tinea favosa
D014008,Tinea Pedis,tinea pedis
D014009,Onychomycosis,onychomycosis
D014010,Tinea Versicolor,pityriasis folliculitis
D014010,Tinea Versicolor,tinea versicolor
D014012,Tinnitus,tinnitus
D014012,Tinnitus,"tinnitus, subjective"
D014012,Tinnitus,"tinnitus, leudet"
D014012,Tinnitus,tinnitus of vascular origin
D014012,Tinnitus,"tinnitus, spontaneous oto-acoustic emission"
D014012,Tinnitus,"tinnitus, objective"
D014012,Tinnitus,"tinnitus, clicking"
D014012,Tinnitus,pulsatile tinnitus
D014012,Tinnitus,"tinnitus, tensor palatini induced"
D014012,Tinnitus,"tinnitus, tensor tympani induced"
D014012,Tinnitus,"tinnitus, noise induced"
D014029,Tobacco Use Disorder,tobacco use disorder
D014029,Tobacco Use Disorder,nicotine addiction
D014029,Tobacco Use Disorder,nicotine use disorder
D014029,Tobacco Use Disorder,nicotine dependence
D014029,Tobacco Use Disorder,tobacco dependence
D014036,Togaviridae Infections,togaviridae infections
D014060,Tongue Diseases,tongue diseases
D014060,Tongue Diseases,microglossia
D014062,Tongue Neoplasms,cancer of tongue
D014062,Tongue Neoplasms,tongue neoplasms
D014063,"Tongue, Fissured","tongue, fissured"
D014064,"Tongue, Hairy","tongue, hairy"
D014067,Tonsillar Neoplasms,cancer of tonsil
D014067,Tonsillar Neoplasms,tonsillar neoplasms
D014069,Tonsillitis,tonsillitis
D014071,Tooth Abnormalities,tooth abnormalities
D014071,Tooth Abnormalities,odontome
D014072,Tooth Abrasion,tooth abrasion
D014075,Tooth Discoloration,tooth discoloration
D014076,Tooth Diseases,tooth diseases
D014077,Tooth Erosion,dental enamel erosion
D014077,Tooth Erosion,tooth erosion
D014079,"Tooth Eruption, Ectopic","tooth eruption, ectopic"
D014082,Tooth Fractures,tooth fractures
D014084,Tooth Avulsion,tooth avulsion
D014084,Tooth Avulsion,"dislocation, tooth"
D014085,Tooth Migration,tooth drifting
D014085,Tooth Migration,tooth migration
D014086,Tooth Mobility,tooth mobility
D014091,Tooth Resorption,tooth resorption
D014095,"Tooth, Impacted","tooth, impacted"
D014096,"Tooth, Supernumerary","molar, fourth"
D014096,"Tooth, Supernumerary","tooth, supernumerary"
D014097,"Tooth, Unerupted","tooth, unerupted"
D014098,Toothache,toothache
D014115,Toxemia,toxemia
D014120,Toxocariasis,toxocariasis
D014123,Toxoplasmosis,toxoplasmosis
D014124,"Toxoplasmosis, Animal","toxoplasmosis, animal"
D014125,"Toxoplasmosis, Congenital","toxoplasmosis, fetal"
D014125,"Toxoplasmosis, Congenital","toxoplasmosis, congenital"
D014126,"Toxoplasmosis, Ocular","toxoplasmosis, ocular"
D014133,Tracheal Diseases,tracheal diseases
D014134,Tracheal Neoplasms,tracheal neoplasms
D014135,Tracheal Stenosis,tracheal stenosis
D014136,Tracheitis,tracheitis
D014137,Tracheobronchomegaly,tracheobronchomegaly
D014137,Tracheobronchomegaly,congenital tracheobronchomegaly
D014138,Tracheoesophageal Fistula,tracheoesophageal fistula
D014141,Trachoma,trachoma
D014188,Transposition of Great Vessels,levotransposition of great vessels
D014188,Transposition of Great Vessels,dextrotransposition of great vessels
D014188,Transposition of Great Vessels,transposition of great vessels
D014201,Trematode Infections,metagonimiasis
D014201,Trematode Infections,trematode infections
D014201,Trematode Infections,fasciolopsiasis
D014202,Tremor,resting tremor
D014202,Tremor,"tremor, neonatal"
D014202,Tremor,continuous tremor
D014202,Tremor,pill rolling tremor
D014202,Tremor,static tremor
D014202,Tremor,intermittent tremor
D014202,Tremor,"tremor, limb"
D014202,Tremor,saturnine tremor
D014202,Tremor,intention tremor
D014202,Tremor,"tremor, semirhythmic"
D014202,Tremor,persistent tremor
D014202,Tremor,massive tremor
D014202,Tremor,"tremor, nerve"
D014202,Tremor,"tremor, muscle"
D014202,Tremor,involuntary quiver
D014202,Tremor,"tremor, perioral"
D014202,Tremor,fine tremor
D014202,Tremor,senile tremor
D014202,Tremor,darkness tremor
D014202,Tremor,tremor
D014202,Tremor,coarse tremor
D014202,Tremor,passive tremor
D014202,Tremor,action tremor
D014205,Trench Fever,trench fever
D014211,Treponemal Infections,bejel
D014211,Treponemal Infections,treponemal infections
D014235,Trichinellosis,human trichinellosis
D014235,Trichinellosis,trichinellosis
D014245,Trichomonas Infections,trichomonas infections
D014247,Trichomonas Vaginitis,trichomonas vaginitis
D014252,Trichostrongyloidiasis,trichostrongyloidiasis
D014253,Trichostrongylosis,trichostrongylosis
D014257,Trichuriasis,trichuriasis
D014262,Tricuspid Valve Insufficiency,tricuspid valve insufficiency
D014263,Tricuspid Valve Prolapse,tricuspid valve prolapse
D014264,Tricuspid Valve Stenosis,tricuspid valve stenosis
D014277,Trigeminal Neuralgia,trigeminal neuralgia
D014277,Trigeminal Neuralgia,secondary trigeminal neuralgia
D014277,Trigeminal Neuralgia,"trigeminal neuralgia, idiopathic"
D014286,Trilogy of Fallot,trilogy of fallot
D014313,Trismus,trismus
D014313,Trismus,masseter muscle spasm
D014313,Trismus,lockjaw
D014323,Trombiculiasis,trombiculiasis
D014328,Trophoblastic Neoplasms,trophoblastic cancer
D014328,Trophoblastic Neoplasms,trophoblastic neoplasms
D014339,"Truncus Arteriosus, Persistent","truncus arteriosus, persistent"
D014352,Trypanosomiasis,trypanosomiasis
D014353,"Trypanosomiasis, African",nagana
D014353,"Trypanosomiasis, African","trypanosomiasis, african"
D014354,"Trypanosomiasis, Bovine","trypanosomiasis, bovine"
D014355,Chagas Disease,chagas disease
D014375,Tuberculoma,tuberculoma
D014376,Tuberculosis,tuberculosis
D014379,"Tuberculosis, Avian","tuberculosis, avian"
D014380,"Tuberculosis, Bovine","tuberculosis, bovine"
D014381,"Tuberculosis, Cardiovascular","tuberculosis, cardiovascular"
D014382,"Tuberculosis, Cutaneous",tuberculid
D014382,"Tuberculosis, Cutaneous","tuberculosis, cutaneous"
D014382,"Tuberculosis, Cutaneous",scrofuloderma
D014383,"Tuberculosis, Endocrine","tuberculosis, endocrine"
D014384,"Tuberculosis, Female Genital","tuberculosis, female genital"
D014385,"Tuberculosis, Gastrointestinal","tuberculosis, gastrointestinal"
D014386,"Tuberculosis, Hepatic","tuberculosis, hepatic"
D014387,"Tuberculosis, Laryngeal","tuberculosis, laryngeal"
D014388,"Tuberculosis, Lymph Node",scrofula
D014388,"Tuberculosis, Lymph Node","tuberculosis, lymph node"
D014389,"Tuberculosis, Male Genital","tuberculosis, male genital"
D014390,"Tuberculosis, Meningeal",tuberculous hypertrophic pachymeningitis
D014390,"Tuberculosis, Meningeal","tuberculosis, meningeal"
D014391,"Tuberculosis, Miliary","tuberculosis, miliary"
D014392,"Tuberculosis, Ocular","tuberculosis, ocular"
D014393,"Tuberculosis, Oral","tuberculosis, oral"
D014394,"Tuberculosis, Osteoarticular",joint tuberculosis
D014394,"Tuberculosis, Osteoarticular","tuberculosis, osteoarticular"
D014394,"Tuberculosis, Osteoarticular",bone tuberculosis
D014395,"Peritonitis, Tuberculous","peritonitis, tuberculous"
D014396,"Tuberculosis, Pleural","tuberculosis, pleural"
D014397,"Tuberculosis, Pulmonary","tuberculosis, pulmonary"
D014398,"Tuberculosis, Renal","tuberculosis, renal"
D014399,"Tuberculosis, Spinal",pott's paraplegia
D014399,"Tuberculosis, Spinal","tuberculosis, spinal"
D014400,"Tuberculosis, Splenic","tuberculosis, splenic"
D014401,"Tuberculosis, Urogenital","tuberculosis, urogenital"
D014402,Tuberous Sclerosis,adenoma sebaceum
D014402,Tuberous Sclerosis,tuberous sclerosis
D014406,Tularemia,tularemia
D014412,Tumor Virus Infections,"fibroma, shope"
D014412,Tumor Virus Infections,tumor virus infections
D014412,Tumor Virus Infections,"papilloma, shope"
D014424,Turner Syndrome,bonnevie-ullrich syndrome
D014424,Turner Syndrome,turner syndrome
D014424,Turner Syndrome,"gonadal dysgenesis, 45,x"
D014428,"Twins, Conjoined","twins, conjoined"
D014435,Typhoid Fever,typhoid fever
D014437,"Typhus, Endemic Flea-Borne","typhus, endemic flea-borne"
D014438,"Typhus, Epidemic Louse-Borne",brill-zinsser disease
D014438,"Typhus, Epidemic Louse-Borne","typhus, epidemic louse-borne"
D014438,"Typhus, Epidemic Louse-Borne",typhus
D014458,Ulna Fractures,ulna fractures
D014474,Unconsciousness,unconsciousness
D014496,Urachal Cyst,urachal cyst
D014496,Urachal Cyst,umbilical cyst
D014511,Uremia,uremia
D014514,Ureteral Calculi,ureteral calculi
D014515,Ureteral Diseases,ureteral diseases
D014516,Ureteral Neoplasms,ureteral neoplasms
D014516,Ureteral Neoplasms,cancer of ureter
D014517,Ureteral Obstruction,ureteral obstruction
D014518,Ureterocele,ureterocele
D014522,Urethral Diseases,urethral diseases
D014523,Urethral Neoplasms,cancer of urethra
D014523,Urethral Neoplasms,urethral neoplasms
D014524,Urethral Obstruction,urethral obstruction
D014525,Urethral Stricture,anterior urethral stricture
D014525,Urethral Stricture,urethral stricture
D014525,Urethral Stricture,posterior urethral stricture
D014526,Urethritis,urethritis
D014545,Urinary Calculi,urinary calculi
D014548,Urinary Fistula,urinary fistula
D014549,Urinary Incontinence,urinary incontinence
D014550,"Urinary Incontinence, Stress","urinary incontinence, stress"
D014552,Urinary Tract Infections,urinary tract infections
D014555,Urination Disorders,urination disorders
D014564,Urogenital Abnormalities,urogenital abnormalities
D014565,Urogenital Neoplasms,urogenital neoplasms
D014565,Urogenital Neoplasms,genitourinary cancer
D014570,Urologic Diseases,urologic diseases
D014571,Urologic Neoplasms,cancer of urinary tract
D014571,Urologic Neoplasms,urologic neoplasms
D014581,Urticaria,urticaria
D014582,Urticaria Pigmentosa,urticaria pigmentosa
D014591,Uterine Diseases,endometrial diseases
D014591,Uterine Diseases,uterine diseases
D014592,Uterine Hemorrhage,vaginal bleeding
D014592,Uterine Hemorrhage,uterine hemorrhage
D014593,Uterine Inertia,uterine inertia
D014594,Uterine Neoplasms,uterine neoplasms
D014594,Uterine Neoplasms,cancer of uterus
D014595,Uterine Perforation,uterine perforation
D014596,Uterine Prolapse,vaginal prolapse
D014596,Uterine Prolapse,uterine prolapse
D014597,Uterine Rupture,uterine rupture
D014603,Uveal Diseases,uveal diseases
D014604,Uveal Neoplasms,uveal neoplasms
D014605,Uveitis,uveitis
D014606,"Uveitis, Anterior","uveitis, anterior"
D014607,Uveomeningoencephalitic Syndrome,uveomeningoencephalitic syndrome
D014608,Uveoparotid Fever,uveoparotid fever
D014615,Vaccinia,vaccinia
D014623,Vaginal Diseases,vaginal diseases
D014624,Vaginal Fistula,vaginal fistula
D014625,Vaginal Neoplasms,vaginal neoplasms
D014625,Vaginal Neoplasms,vaginal cancer
D014627,Vaginitis,vaginitis
D014646,Varicocele,varicocele
D014647,Varicose Ulcer,varicose ulcer
D014648,Varicose Veins,varicose veins
D014652,Vascular Diseases,vascular diseases
D014653,Vascular Headaches,vascular headaches
D014657,Vasculitis,vasculitis
D014681,Velopharyngeal Insufficiency,velopharyngeal insufficiency
D014685,"Venereal Tumors, Veterinary","venereal tumors, veterinary"
D014689,Venous Insufficiency,venous insufficiency
D014693,Ventricular Fibrillation,ventricular fibrillation
D014694,Ventricular Outflow Obstruction,ventricular outflow obstruction
D014715,Vertebrobasilar Insufficiency,vertebrobasilar dolichoectasia
D014715,Vertebrobasilar Insufficiency,vertebrobasilar insufficiency
D014715,Vertebrobasilar Insufficiency,vertebral artery insufficiency
D014715,Vertebrobasilar Insufficiency,vertebral artery stenosis
D014715,Vertebrobasilar Insufficiency,basilar artery stenosis
D014715,Vertebrobasilar Insufficiency,basilar artery insufficiency
D014717,Vertigo,"vertigo, peripheral"
D014717,Vertigo,positional vertigo
D014717,Vertigo,"vertigo, paroxysmal"
D014717,Vertigo,"vertigo, intermittant"
D014717,Vertigo,central nervous system origin vertigo
D014717,Vertigo,"vertigo, essential"
D014717,Vertigo,"vertigo, constant"
D014717,Vertigo,vertigo
D014717,Vertigo,"vertigo, brain stem"
D014718,Vesico-Ureteral Reflux,secondary vesicoureteral reflux
D014718,Vesico-Ureteral Reflux,vesico-ureteral reflux
D014718,Vesico-Ureteral Reflux,primary vesicoureteral reflux
D014718,Vesico-Ureteral Reflux,vesicoureteral reflux 1
D014719,Vesicovaginal Fistula,vesicovaginal fistula
D014720,Vesicular Exanthema of Swine,vesicular exanthema of swine
D014735,Vibrio Infections,vibrio infections
D014766,Viremia,viremia
D014777,Virus Diseases,virus diseases
D014782,Visceral Prolapse,visceral prolapse
D014786,Vision Disorders,micropsia
D014786,Vision Disorders,hemeralopia
D014786,Vision Disorders,metamorphopsia
D014786,Vision Disorders,vision disability
D014786,Vision Disorders,macropsia
D014786,Vision Disorders,vision disorders
D014786,Vision Disorders,visual impairment
D014802,Vitamin A Deficiency,vitamin a deficiency
D014804,Vitamin B Deficiency,vitamin b deficiency
D014806,Vitamin B 12 Deficiency,vitamin b 12 deficiency
D014808,Vitamin D Deficiency,vitamin d deficiency
D014811,Vitamin E Deficiency,vitamin e deficiency
D014813,Vitamin K Deficiency,vitamin k deficiency
D014820,Vitiligo,vitiligo
D014823,Vitreous Hemorrhage,vitreous hemorrhage
D014826,Vocal Cord Paralysis,unilateral vocal cord paresis
D014826,Vocal Cord Paralysis,acquired vocal cord palsy
D014826,Vocal Cord Paralysis,"paralysis, unilateral, vocal cord"
D014826,Vocal Cord Paralysis,"laryngeal nerve palsy, recurrent"
D014826,Vocal Cord Paralysis,bilateral vocal cord paresis
D014826,Vocal Cord Paralysis,laryngeal paralysis
D014826,Vocal Cord Paralysis,partial paralysis (paresis) vocal cords
D014826,Vocal Cord Paralysis,congenital vocal cord palsy
D014826,Vocal Cord Paralysis,vocal cord paralysis
D014832,Voice Disorders,"voice disorder, neurologic"
D014832,Voice Disorders,voice disorders
D014832,Voice Disorders,voice fatigue
D014832,Voice Disorders,voice disturbance
D014842,von Willebrand Diseases,von willebrand diseases
D014842,von Willebrand Diseases,"von willebrand disease, recessive form"
D014845,Vulvar Diseases,vulvar diseases
D014846,Vulvar Neoplasms,cancer of vulva
D014846,Vulvar Neoplasms,vulvar neoplasms
D014847,Vulvitis,vulvitis
D014848,Vulvovaginitis,vulvovaginitis
D014849,Waardenburg Syndrome,waardenburg syndrome type 1
D014849,Waardenburg Syndrome,waardenburg syndrome
D014849,Waardenburg Syndrome,klein syndrome
D014854,Lateral Medullary Syndrome,lateral medullary syndrome
D014860,Warts,warts
D014869,Water Intoxication,water intoxication
D014883,Water-Electrolyte Imbalance,water-electrolyte imbalance
D014884,Waterhouse-Friderichsen Syndrome,waterhouse-friderichsen syndrome
D014884,Waterhouse-Friderichsen Syndrome,meningococcal waterhouse-friderichsen syndrome
D014890,Granulomatosis with Polyangiitis,granulomatosis with polyangiitis
D014895,Weil Disease,weil disease
D014897,Spinal Muscular Atrophies of Childhood,spinal muscular atrophies of childhood
D014897,Spinal Muscular Atrophies of Childhood,"muscular atrophy, spinal, type ii"
D014897,Spinal Muscular Atrophies of Childhood,juvenile spinal muscular atrophy
D014897,Spinal Muscular Atrophies of Childhood,spinal muscular atrophy type i
D014897,Spinal Muscular Atrophies of Childhood,"muscular atrophy, spinal, infantile chronic form"
D014898,Werner Syndrome,werner syndrome
D014899,Wernicke Encephalopathy,wernicke encephalopathy
D014901,West Nile Fever,west nile fever
D014901,West Nile Fever,west nile fever myelitis
D014901,West Nile Fever,kunjin virus infection
D014901,West Nile Fever,west nile fever meningoencephalitis
D014901,West Nile Fever,"encephalitis, west nile fever"
D014901,West Nile Fever,west nile fever meningitis
D014911,Whiplash Injuries,whiplash injuries
D014912,White Muscle Disease,white muscle disease
D014917,Whooping Cough,whooping cough
D014923,Wiskott-Aldrich Syndrome,wiskott-aldrich syndrome
D014924,Wissler's Syndrome,wissler's syndrome
D014927,Wolff-Parkinson-White Syndrome,wolff-parkinson-white syndrome
D014929,Wolfram Syndrome,wolfram syndrome 1
D014929,Wolfram Syndrome,wolfram syndrome
D014946,Wound Infection,wound infection
D014947,Wounds and Injuries,physical trauma
D014947,Wounds and Injuries,wounds and injuries
D014947,Wounds and Injuries,injuries
D014947,Wounds and Injuries,wounds
D014947,Wounds and Injuries,research-related injuries
D014948,"Wounds, Gunshot","wounds, gunshot"
D014949,"Wounds, Nonpenetrating","wounds, nonpenetrating"
D014950,"Wounds, Penetrating","wounds, penetrating"
D014951,"Wounds, Stab","wounds, stab"
D014954,Wrist Injuries,wrist injuries
D014972,"Xanthogranuloma, Juvenile","xanthogranuloma, juvenile"
D014973,Xanthomatosis,xanthomatosis
D014973,Xanthomatosis,xanthoma
D014983,Xeroderma Pigmentosum,xeroderma pigmentosum
D014985,Xerophthalmia,xerophthalmia
D014987,Xerostomia,xerostomia
D015001,Yaws,yaws
D015004,Yellow Fever,yellow fever
D015009,Yersinia Infections,yersinia infections
D015009,Yersinia Infections,yersinia enterocolitica infection
D015012,Yersinia pseudotuberculosis Infections,far east scarlet-like fever
D015012,Yersinia pseudotuberculosis Infections,yersinia pseudotuberculosis infections
D015043,Zollinger-Ellison Syndrome,zollinger-ellison syndrome
D015047,Zoonoses,zoonoses
D015047,Zoonoses,zoonotic spillover
D015051,Zygomatic Fractures,zygomatic fractures
D015140,"Dementia, Vascular",subcortical vascular dementia
D015140,"Dementia, Vascular",arteriosclerotic dementia
D015140,"Dementia, Vascular",binswanger disease
D015140,"Dementia, Vascular","dementia, vascular"
D015140,"Dementia, Vascular","vascular dementia, acute onset"
D015154,Esophageal Motility Disorders,esophageal motility disorders
D015154,Esophageal Motility Disorders,nutcracker esophagus
D015155,"Esophageal Spasm, Diffuse","esophageal spasm, diffuse"
D015160,Hydrops Fetalis,hydrops fetalis
D015160,Hydrops Fetalis,"hydrops fetalis, non-immune"
D015160,Hydrops Fetalis,immune hydrops fetalis
D015161,"Dementia, Multi-Infarct","dementia, multi-infarct"
D015161,"Dementia, Multi-Infarct",lacunar dementia
D015163,Superinfection,superinfection
D015168,Lightning Injuries,lightning stroke
D015168,Lightning Injuries,lightning injuries
D015173,Supratentorial Neoplasms,supratentorial neoplasms
D015173,Supratentorial Neoplasms,primary supratentorial neoplasms
D015173,Supratentorial Neoplasms,benign supratentorial neoplasms
D015173,Supratentorial Neoplasms,"cancer, supratentorial"
D015174,Epidural Neoplasms,"epidural neoplasm, malignant"
D015174,Epidural Neoplasms,epidural neoplasms
D015175,Prolactinoma,macroprolactinoma
D015175,Prolactinoma,prolactinoma
D015175,Prolactinoma,microprolactinoma
D015179,Colorectal Neoplasms,colorectal neoplasms
D015179,Colorectal Neoplasms,colorectal cancer
D015192,Infratentorial Neoplasms,benign infratentorial neoplasms
D015192,Infratentorial Neoplasms,infratentorial cancer
D015192,Infratentorial Neoplasms,infratentorial neoplasms
D015207,"Osteoarthritis, Hip","osteoarthritis, hip"
D015208,Smoke Inhalation Injury,smoke inhalation injury
D015209,"Cholangitis, Sclerosing","cholangitis, sclerosing"
D015209,"Cholangitis, Sclerosing",primary sclerosing cholangitis
D015210,"Arthritis, Gouty","arthritis, gouty"
D015211,Zellweger Syndrome,zellweger syndrome
D015211,Zellweger Syndrome,zellweger-like syndrome
D015211,Zellweger Syndrome,zellweger spectrum
D015212,Inflammatory Bowel Diseases,inflammatory bowel diseases
D015217,Cholesterol Ester Storage Disease,cholesterol ester storage disease
D015218,"Hyperostosis, Sternocostoclavicular","hyperostosis, sternocostoclavicular"
D015223,Wolman Disease,"acid cholesteryl ester hydrolase deficiency, type 2"
D015223,Wolman Disease,wolman disease
D015228,Hypertriglyceridemia,hypertriglyceridemia
D015229,"Sexually Transmitted Diseases, Viral","sexually transmitted diseases, viral"
D015231,"Sexually Transmitted Diseases, Bacterial","sexually transmitted diseases, bacterial"
D015266,"Carcinoma, Merkel Cell","carcinoma, merkel cell"
D015267,Churg-Strauss Syndrome,churg-strauss syndrome
D015270,Mycobacterium avium-intracellulare Infection,mycobacterium avium-intracellulare infection
D015275,Tumor Lysis Syndrome,tumor lysis syndrome
D015299,Discitis,discitis
D015318,"Fructose Metabolism, Inborn Errors","fructose metabolism, inborn errors"
D015319,"Fructose-1,6-Diphosphatase Deficiency","fructose-1,6-diphosphatase deficiency"
D015319,"Fructose-1,6-Diphosphatase Deficiency","deficiency, hexosediphosphatase"
D015323,"Pyruvate Metabolism, Inborn Errors","pyruvate metabolism, inborn errors"
D015324,Pyruvate Carboxylase Deficiency Disease,pyruvate carboxylase deficiency disease
D015325,Pyruvate Dehydrogenase Complex Deficiency Disease,juvenile pyruvate dehydrogenase complex deficiency disease
D015325,Pyruvate Dehydrogenase Complex Deficiency Disease,"ataxia with lactic acidosis, type i"
D015325,Pyruvate Dehydrogenase Complex Deficiency Disease,"pyruvate dehydrogenase complex deficiency disease, neonatal"
D015325,Pyruvate Dehydrogenase Complex Deficiency Disease,pyruvate dehydrogenase complex deficiency disease
D015352,Dry Eye Syndromes,dry eye syndromes
D015352,Dry Eye Syndromes,dry eye
D015352,Dry Eye Syndromes,evaporative dry eye disease
D015354,"Vision, Low","vision, low"
D015355,"Glaucoma, Neovascular","glaucoma, neovascular"
D015356,Retinal Artery Occlusion,central retinal artery occlusion
D015356,Retinal Artery Occlusion,branch retinal artery occlusion
D015356,Retinal Artery Occlusion,retinal artery occlusion
D015362,Child Nutrition Disorders,child malnutrition
D015362,Child Nutrition Disorders,child overnutrition
D015362,Child Nutrition Disorders,child nutrition disorders
D015408,Gastrinoma,gastrinoma
D015417,Hereditary Sensory and Motor Neuropathy,hmn (hereditary motor neuropathy) proximal type i
D015417,Hereditary Sensory and Motor Neuropathy,hereditary sensory and motor neuropathy
D015417,Hereditary Sensory and Motor Neuropathy,"hereditary, type vii, motor and sensory neuropathy"
D015417,Hereditary Sensory and Motor Neuropathy,hmsn type iii
D015418,"Optic Atrophies, Hereditary","optic atrophies, hereditary"
D015419,"Spastic Paraplegia, Hereditary","spastic paraplegia, hereditary"
D015419,"Spastic Paraplegia, Hereditary",hereditary motor-sensory neuropathy with pyramidal signs
D015419,"Spastic Paraplegia, Hereditary",hereditary x-linked recessive spastic paraplegia
D015419,"Spastic Paraplegia, Hereditary",hereditary autosomal dominant spastic paraplegia
D015419,"Spastic Paraplegia, Hereditary","x-linked, spastic paraplegia, hereditary"
D015419,"Spastic Paraplegia, Hereditary",autosomal recessive hereditary spastic paraplegia
D015422,Scleral Diseases,scleral diseases
D015423,Scleritis,scleritis
D015423,Scleritis,necrotizing scleritis
D015423,Scleritis,episcleritis
D015427,Reperfusion Injury,reperfusion injury
D015428,Myocardial Reperfusion Injury,myocardial reperfusion injury
D015432,"Glomerulonephritis, Membranoproliferative","glomerulonephritis, membranoproliferative"
D015432,"Glomerulonephritis, Membranoproliferative","membranoproliferative glomerulonephritis, type ii"
D015432,"Glomerulonephritis, Membranoproliferative","membranoproliferative glomerulonephritis, type iii"
D015432,"Glomerulonephritis, Membranoproliferative",complement 3 glomerulopathies
D015432,"Glomerulonephritis, Membranoproliferative","membranoproliferative glomerulonephritis, type i"
D015433,"Glomerulonephritis, Membranous",idiopathic membranous glomerulonephritis
D015433,"Glomerulonephritis, Membranous",heymann nephritis
D015433,"Glomerulonephritis, Membranous","glomerulonephritis, membranous"
D015434,Panniculitis,"panniculitis, subacute nodular migratory"
D015434,Panniculitis,cold panniculitis
D015434,Panniculitis,panniculitis
D015435,"Panniculitis, Lupus Erythematosus","panniculitis, lupus erythematosus"
D015436,"Panniculitis, Peritoneal",retractile mesenteritis
D015436,"Panniculitis, Peritoneal",mesenteric panniculitis
D015436,"Panniculitis, Peritoneal","panniculitis, peritoneal"
D015436,"Panniculitis, Peritoneal",omental panniculitis
D015439,"Leprosy, Borderline","leprosy, borderline"
D015440,"Leprosy, Lepromatous","leprosy, cutaneous"
D015440,"Leprosy, Lepromatous","leprosy, lepromatous"
D015441,"Leprosy, Tuberculoid","leprosy, macular"
D015441,"Leprosy, Tuberculoid","leprosy, neural"
D015441,"Leprosy, Tuberculoid","leprosy, tuberculoid"
D015448,"Leukemia, B-Cell","leukemia, b-cell"
D015451,"Leukemia, Lymphocytic, Chronic, B-Cell","leukemia, lymphocytic, chronic, b-cell"
D015452,Precursor B-Cell Lymphoblastic Leukemia-Lymphoma,precursor b-cell lymphoblastic leukemia-lymphoma
D015456,"Leukemia, Biphenotypic, Acute","leukemia, biphenotypic, acute"
D015458,"Leukemia, T-Cell","leukemia, t-cell"
D015459,"Leukemia-Lymphoma, Adult T-Cell","leukemia-lymphoma, adult t-cell"
D015461,"Leukemia, Prolymphocytic, T-Cell","leukemia, t cell, chronic"
D015461,"Leukemia, Prolymphocytic, T-Cell","leukemia, prolymphocytic, t-cell"
D015463,"Leukemia, Prolymphocytic","leukemia, prolymphocytic"
D015464,"Leukemia, Myelogenous, Chronic, BCR-ABL Positive","leukemia, myelogenous, chronic, bcr-abl positive"
D015465,"Leukemia, Myeloid, Accelerated Phase","leukemia, myeloid, accelerated phase"
D015466,"Leukemia, Myeloid, Chronic-Phase","leukemia, myeloid, chronic-phase"
D015467,"Leukemia, Neutrophilic, Chronic","leukemia, neutrophilic, chronic"
D015470,"Leukemia, Myeloid, Acute","myeloid leukemia, acute, m1"
D015470,"Leukemia, Myeloid, Acute","leukemia, myeloid, acute"
D015470,"Leukemia, Myeloid, Acute","leukemia, myeloid, acute, m2"
D015471,"Leukemia, Basophilic, Acute","leukemia, basophilic, acute"
D015472,"Leukemia, Eosinophilic, Acute","leukemia, eosinophilic, acute"
D015473,"Leukemia, Promyelocytic, Acute","leukemia, promyelocytic, acute"
D015477,"Leukemia, Myelomonocytic, Chronic","leukemia, myelomonocytic, chronic"
D015479,"Leukemia, Myelomonocytic, Acute","leukemia, myelomonocytic, acute"
D015490,HTLV-I Infections,htlv-i infections
D015491,HTLV-II Infections,htlv-ii infections
D015493,"Paraparesis, Tropical Spastic","paraparesis, tropical spastic"
D015494,Salivary Gland Calculi,salivary gland calculi
D015499,"Renal Tubular Transport, Inborn Errors","renal tubular transport, inborn errors"
D015508,Nasal Obstruction,nasal obstruction
D015508,Nasal Obstruction,bilateral nasal obstruction
D015508,Nasal Obstruction,unilateral nasal obstruction
D015511,Goat Diseases,goat diseases
D015518,Rett Syndrome,rett syndrome
D015521,Ethmoid Sinusitis,ethmoid sinusitis
D015522,Frontal Sinusitis,frontal sinusitis
D015523,Maxillary Sinusitis,maxillary sinusitis
D015524,Sphenoid Sinusitis,sphenoid sinusitis
D015526,AIDS Dementia Complex,hiv-1-associated cognitive motor complex
D015526,AIDS Dementia Complex,aids dementia complex
D015526,AIDS Dementia Complex,hiv encephalopathy
D015529,Choledochal Cyst,congenital biliary dilatation
D015529,Choledochal Cyst,"choledochal cyst, type i"
D015529,Choledochal Cyst,"choledochal cyst, type iii"
D015529,Choledochal Cyst,"choledochal cyst, type ii"
D015529,Choledochal Cyst,"choledochal cyst, type iv"
D015529,Choledochal Cyst,"choledochal cyst, type v"
D015529,Choledochal Cyst,choledochal cyst
D015535,"Arthritis, Psoriatic","arthritis, psoriatic"
D015576,Hyperostosis,hyperostosis
D015593,Retinal Drusen,retinal drusen
D015594,Optic Disk Drusen,optic disk drusen
D015597,"Pregnancy Complications, Parasitic","pregnancy complications, parasitic"
D015605,Cowpox,cowpox
D015614,Histiocytosis,histiocytosis
D015615,"Cystic Adenomatoid Malformation of Lung, Congenital","congenital cystic adenomatoid malformation, type ii"
D015615,"Cystic Adenomatoid Malformation of Lung, Congenital","cystic adenomatoid malformation of lung, congenital"
D015615,"Cystic Adenomatoid Malformation of Lung, Congenital","congenital cystic adenomatoid malformation, type i"
D015615,"Cystic Adenomatoid Malformation of Lung, Congenital","congenital cystic adenomatoid malformation, type iii"
D015616,"Histiocytosis, Non-Langerhans-Cell","histiocytosis, non-langerhans-cell"
D015616,"Histiocytosis, Non-Langerhans-Cell",reticulohistiocytoma
D015616,"Histiocytosis, Non-Langerhans-Cell",xanthoma disseminatum
D015618,"Histiocytosis, Sinus","histiocytosis, sinus"
D015619,Respiratory System Abnormalities,respiratory system abnormalities
D015620,"Histiocytic Disorders, Malignant","histiocytic disorders, malignant"
D015624,Lambert-Eaton Myasthenic Syndrome,lambert-eaton myasthenic syndrome
D015651,Mycotoxicosis,mycotoxicosis
D015658,HIV Infections,hiv infections
D015658,HIV Infections,hiv coinfection
D015663,"Osteoporosis, Postmenopausal","osteoporosis, postmenopausal"
D015673,"Fatigue Syndrome, Chronic","fatigue syndrome, chronic"
D015674,"Mammary Neoplasms, Animal","mammary carcinoma, animal"
D015674,"Mammary Neoplasms, Animal","mammary neoplasms, animal"
D015701,Near Drowning,near drowning
D015715,Corneal Edema,corneal edema
D015745,"Granuloma, Foreign-Body","granuloma, foreign-body"
D015769,"Granuloma, Respiratory Tract","granuloma, respiratory tract"
D015775,"Fractures, Stress",insufficiency fractures
D015775,"Fractures, Stress",bone stress reaction
D015775,"Fractures, Stress",microfractures
D015775,"Fractures, Stress","fractures, stress"
D015776,"Keratoderma, Palmoplantar, Diffuse","keratoderma, palmoplantar, diffuse"
D015776,"Keratoderma, Palmoplantar, Diffuse",keratosis palmaris et plantaris familiaris
D015783,Aniridia,aniridia
D015785,"Eye Diseases, Hereditary","eye diseases, hereditary"
D015787,Erythema Chronicum Migrans,erythema chronicum migrans
D015792,Retinal Dysplasia,retinal dysplasia
D015794,Choroideremia,choroideremia
D015799,Gyrate Atrophy,gyrate atrophy
D015799,Gyrate Atrophy,ornithine aminotransferase deficiency
D015807,"Eye Injuries, Penetrating","eye injuries, penetrating"
D015811,Iris Neoplasms,iris neoplasms
D015812,"Glaucoma, Angle-Closure","glaucoma, angle-closure"
D015814,Ocular Hypotension,ocular hypotension
D015817,Eye Infections,eye infections
D015818,"Eye Infections, Bacterial","eye infections, bacterial"
D015819,"Substance Abuse, Intravenous","drug abuse, parenteral"
D015819,"Substance Abuse, Intravenous","substance abuse, intravenous"
D015819,"Substance Abuse, Intravenous",intravenous drug abuse
D015821,"Eye Infections, Fungal","eye infections, fungal"
D015822,"Eye Infections, Parasitic","eye infections, parasitic"
D015823,Acanthamoeba Keratitis,acanthamoeba keratitis
D015826,Langer-Giedion Syndrome,langer-giedion syndrome
D015827,"Onchocerciasis, Ocular","onchocerciasis, ocular"
D015828,"Eye Infections, Viral","eye infections, viral"
D015829,"Uveitis, Suppurative","uveitis, suppurative"
D015831,Osteochondroma,osteochondroma
D015834,Cochlear Diseases,cochlear diseases
D015835,Ocular Motility Disorders,opsoclonus
D015835,Ocular Motility Disorders,smooth pursuit deficiency
D015835,Ocular Motility Disorders,paroxysmal ocular dyskinesia
D015835,Ocular Motility Disorders,spasm of conjugate gaze
D015835,Ocular Motility Disorders,convergence insufficiency
D015835,Ocular Motility Disorders,parinaud syndrome
D015835,Ocular Motility Disorders,internuclear ophthalmoplegia
D015835,Ocular Motility Disorders,skew deviation
D015835,Ocular Motility Disorders,ocular torticollis
D015835,Ocular Motility Disorders,convergence excess
D015835,Ocular Motility Disorders,cyclophoria
D015835,Ocular Motility Disorders,ocular motility disorders
D015835,Ocular Motility Disorders,pseudoophthalmoplegia
D015835,Ocular Motility Disorders,brown tendon sheath syndrome
D015837,Vestibular Diseases,vestibular diseases
D015838,"Chondromatosis, Synovial","chondromatosis, synovial"
D015838,"Chondromatosis, Synovial","osteochondromatosis, synovial"
D015840,Oculomotor Nerve Diseases,partial third-nerve palsy
D015840,Oculomotor Nerve Diseases,oculomotor nerve diseases
D015840,Oculomotor Nerve Diseases,total third-nerve palsy
D015841,Enophthalmos,enophthalmos
D015845,Tonic Pupil,"tonic pupil, local"
D015845,Tonic Pupil,tonic pupil
D015845,Tonic Pupil,"tonic pupil, neuropathic"
D015858,Anisometropia,anisometropia
D015861,Retinal Neovascularization,retinal neovascularization
D015861,Retinal Neovascularization,sea fan neovascularization
D015861,Retinal Neovascularization,optic disc neovascularization
D015862,Choroid Diseases,choroid diseases
D015863,Iridocyclitis,iridocyclitis
D015864,Panuveitis,panuveitis
D015866,"Uveitis, Posterior","uveitis, posterior"
D015867,"Uveitis, Intermediate","uveitis, intermediate"
D015868,Pars Planitis,pars planitis
D015875,Anisocoria,anisocoria
D015875,Anisocoria,"anisocoria, physiologic"
D015877,Miosis,miosis
D015878,Mydriasis,mydriasis
D015882,"Retinal Necrosis Syndrome, Acute","retinal necrosis syndrome, acute"
D016055,Urinary Retention,urinary retention
D016066,"Pleural Effusion, Malignant","pleural effusion, malignant"
D016080,Arachnoid Cysts,arachnoid cysts
D016080,Arachnoid Cysts,intracranial arachnoid cysts
D016097,Simian Acquired Immunodeficiency Syndrome,simian acquired immunodeficiency syndrome
D016098,Gerstmann-Straussler-Scheinker Disease,gerstmann-straussler-scheinker disease
D016103,Spinal Fractures,hangman fracture
D016103,Spinal Fractures,spinal fractures
D016104,Oligohydramnios,oligohydramnios
D016107,Epidermolysis Bullosa Acquisita,epidermolysis bullosa acquisita
D016108,Epidermolysis Bullosa Dystrophica,hallopeau-siemens disease
D016108,Epidermolysis Bullosa Dystrophica,cockayne-touraine disease
D016108,Epidermolysis Bullosa Dystrophica,epidermolysis bullosa dystrophica
D016109,"Epidermolysis Bullosa, Junctional","epidermolysis bullosa, junctional"
D016109,"Epidermolysis Bullosa, Junctional",epidermolysis bullosa letalis
D016109,"Epidermolysis Bullosa, Junctional",epidermolysis bullosa progressiva
D016110,Epidermolysis Bullosa Simplex,epidermolysis bullosa simplex kobner
D016110,Epidermolysis Bullosa Simplex,epidermolysis bullosa simplex
D016110,Epidermolysis Bullosa Simplex,weber-cockayne syndrome
D016110,Epidermolysis Bullosa Simplex,epidermolysis bullosa herpetiformis dowling-meara
D016111,Sjogren-Larsson Syndrome,sjogren-larsson syndrome
D016112,Ichthyosis Vulgaris,ichthyosis vulgaris
D016113,"Ichthyosiform Erythroderma, Congenital","congenital ichthyosiform erythroderma, dry type"
D016113,"Ichthyosiform Erythroderma, Congenital","congenital ichthyosiform erythroderma, wet type"
D016113,"Ichthyosiform Erythroderma, Congenital","ichthyosiform erythroderma, congenital"
D016114,"Ichthyosis, X-Linked",placental steroid sulfatase deficiency
D016114,"Ichthyosis, X-Linked","ichthyosis, x-linked"
D016114,"Ichthyosis, X-Linked",steroid sulfatase deficiency disease
D016115,"Albinism, Oculocutaneous","albinism, yellow-mutant"
D016115,"Albinism, Oculocutaneous","albinism, tyrosinase-negative"
D016115,"Albinism, Oculocutaneous","albinism, tyrosinase-positive"
D016115,"Albinism, Oculocutaneous","albinism, oculocutaneous"
D016116,Piebaldism,"albinism, partial"
D016116,Piebaldism,"albinism, cutaneous"
D016116,Piebaldism,piebaldism
D016117,"Albinism, Ocular","albinism, ocular"
D016127,Heart Valve Prolapse,heart valve prolapse
D016135,Spinal Dysraphism,spinal dysraphism
D016135,Spinal Dysraphism,rachischisis
D016135,Spinal Dysraphism,status dysraphicus
D016136,Spina Bifida Occulta,dermal sinus
D016136,Spina Bifida Occulta,spina bifida occulta
D016137,Spina Bifida Cystica,"spina bifida, open"
D016137,Spina Bifida Cystica,spina bifida cystica
D016142,Holoprosencephaly,arhinencephaly
D016142,Holoprosencephaly,lobar holoprosencephaly
D016142,Holoprosencephaly,alobar holoprosencephaly
D016142,Holoprosencephaly,holoprosencephaly
D016142,Holoprosencephaly,semilobar holoprosencephaly
D016154,Digestive System Fistula,digestive system fistula
D016155,Oral Fistula,oral fistula
D016156,Respiratory Tract Fistula,respiratory tract fistula
D016157,Vascular Fistula,vascular fistula
D016170,Accelerated Idioventricular Rhythm,accelerated idioventricular rhythm
D016171,Torsades de Pointes,torsades de pointes
D016180,Lentivirus Infections,lentivirus infections
D016181,Feline Acquired Immunodeficiency Syndrome,feline acquired immunodeficiency syndrome
D016182,Visna,visna
D016183,Murine Acquired Immunodeficiency Syndrome,murine acquired immunodeficiency syndrome
D016262,Postpoliomyelitis Syndrome,postpoliomyelitis syndrome
D016263,AIDS-Associated Nephropathy,aids-associated nephropathy
D016269,Milk Hypersensitivity,cow's milk allergy
D016269,Milk Hypersensitivity,milk hypersensitivity
D016269,Milk Hypersensitivity,cow's milk protein allergy
D016301,Alveolar Bone Loss,alveolar bone loss
D016369,Smear Layer,smear layer
D016388,Tooth Loss,tooth loss
D016393,"Lymphoma, B-Cell","lymphoma, b-cell"
D016399,"Lymphoma, T-Cell","lymphoma, t-cell"
D016400,"Lymphoma, Large-Cell, Immunoblastic","lymphoma, large-cell, immunoblastic"
D016403,"Lymphoma, Large B-Cell, Diffuse","lymphoma, large b-cell, diffuse"
D016410,"Lymphoma, T-Cell, Cutaneous","lymphoma, t-cell, cutaneous"
D016410,"Lymphoma, T-Cell, Cutaneous",granulomatous slack skin
D016411,"Lymphoma, T-Cell, Peripheral","lymphoma, t-cell, peripheral"
D016459,Prosthesis-Related Infections,prosthesis-related infections
D016460,Granuloma Annulare,granuloma annulare
D016463,Sweet Syndrome,sweet syndrome
D016464,Lysosomal Storage Diseases,lysosomal storage diseases
D016469,Fungemia,fungemia
D016470,Bacteremia,bacteremia
D016471,Ovarian Hyperstimulation Syndrome,"ovarian hyperstimulation syndrome, familial gestational spontaneous"
D016471,Ovarian Hyperstimulation Syndrome,ovarian hyperstimulation syndrome
D016472,Motor Neuron Disease,"motor neuron disease, secondary"
D016472,Motor Neuron Disease,"motor neuron disease, upper"
D016472,Motor Neuron Disease,familial motor neuron disease
D016472,Motor Neuron Disease,anterior horn cell disease
D016472,Motor Neuron Disease,"motor neuron disease, lower"
D016472,Motor Neuron Disease,motor neuron disease
D016472,Motor Neuron Disease,lateral sclerosis
D016481,Helicobacter Infections,helicobacter infections
D016483,"Lymphoma, AIDS-Related","lymphoma, aids-related"
D016489,"Head Injuries, Closed","head injury, blunt"
D016489,"Head Injuries, Closed","head injuries, closed"
D016491,Peripheral Vascular Diseases,peripheral vascular diseases
D016506,"Pemphigus, Benign Familial","pemphigus, benign familial"
D016510,Corneal Neovascularization,corneal neovascularization
D016511,Severe Combined Immunodeficiency,severe combined immunodeficiency
D016511,Severe Combined Immunodeficiency,bare lymphocyte syndrome
D016511,Severe Combined Immunodeficiency,omenn syndrome
D016512,Ankle Injuries,syndesmotic injuries
D016512,Ankle Injuries,ankle sprains
D016512,Ankle Injuries,ankle injuries
D016518,Neurofibromatosis 2,familial acoustic neuromas
D016518,Neurofibromatosis 2,"schwannoma, acoustic, bilateral"
D016518,Neurofibromatosis 2,neurofibromatosis 2
D016518,Neurofibromatosis 2,"neuroma, acoustic, bilateral"
D016523,Foot Ulcer,plantar ulcer
D016523,Foot Ulcer,foot ulcer
D016532,Mucopolysaccharidosis II,mucopolysaccharidosis ii
D016532,Mucopolysaccharidosis II,sulfoiduronate sulfatase deficiency
D016534,"Cardiac Output, High","cardiac output, high"
D016535,Bronchial Hyperreactivity,bronchial hyperreactivity
D016537,"Gangliosidosis, GM1","gangliosidosis, gm1"
D016537,"Gangliosidosis, GM1",beta-galactosidase deficiency
D016537,"Gangliosidosis, GM1","gangliosidosis, generalized gm1, type 2"
D016537,"Gangliosidosis, GM1","gangliosidosis, generalized gm1, type 3"
D016537,"Gangliosidosis, GM1","gangliosidosis, generalized gm1, type 1"
D016538,Mucopolysaccharidosis VII,mucopolysaccharidosis vii
D016543,Central Nervous System Neoplasms,central nervous system neoplasms
D016543,Central Nervous System Neoplasms,"central nervous system neoplasms, primary"
D016545,Choroid Plexus Neoplasms,choroid plexus neoplasms
D016545,Choroid Plexus Neoplasms,"choroid plexus neoplasms, primary"
D016553,"Purpura, Thrombocytopenic, Idiopathic","purpura, thrombocytopenic, idiopathic"
D016569,Blepharophimosis,blepharophimosis
D016575,Hidradenitis,neutrophilic eccrine hidradenitis
D016575,Hidradenitis,hidradenitis
D016582,"Leukemia, Feline","leukemia, feline"
D016583,Enzootic Bovine Leukosis,bovine leukemia
D016583,Enzootic Bovine Leukosis,"lymphoma, bovine"
D016583,Enzootic Bovine Leukosis,"lymphosarcoma, bovine"
D016583,Enzootic Bovine Leukosis,enzootic bovine leukosis
D016585,"Vaginosis, Bacterial","vaginosis, bacterial"
D016586,Granular Cell Tumor,granular cell tumor
D016602,Needlestick Injuries,sharps injuries
D016602,Needlestick Injuries,needlestick injuries
D016603,Eosinophilia-Myalgia Syndrome,eosinophilia-myalgia syndrome
D016603,Eosinophilia-Myalgia Syndrome,"eosinophilia-myalgia syndrome, l-tryptophan-related"
D016606,Thyroid Nodule,thyroid nodule
D016609,"Neoplasms, Second Primary","neoplasms, therapy-associated"
D016609,"Neoplasms, Second Primary","cancer, second primary"
D016609,"Neoplasms, Second Primary",therapy-associated cancer
D016609,"Neoplasms, Second Primary","neoplasms, second primary"
D016640,"Diabetes, Gestational","diabetes, gestational"
D016643,"Encephalopathy, Bovine Spongiform","encephalopathy, bovine spongiform"
D016649,Primary Ovarian Insufficiency,fragile x-associated primary ovarian insufficiency
D016649,Primary Ovarian Insufficiency,"hypergonadotropic ovarian failure, x-linked"
D016649,Primary Ovarian Insufficiency,primary ovarian insufficiency
D016649,Primary Ovarian Insufficiency,gonadotropin-resistant ovary syndrome
D016657,Cerebral Amyloid Angiopathy,sporadic cerebral amyloid angiopathy
D016657,Cerebral Amyloid Angiopathy,cerebral amyloid angiopathy
D016659,Psoas Abscess,psoas abscess
D016672,Zenker Diverticulum,zenker diverticulum
D016672,Zenker Diverticulum,posterior pharyngeal pouch
D016697,Herpes Zoster Oticus,herpes zoster oticus
D016706,"Still's Disease, Adult-Onset","still's disease, adult-onset"
D016715,Proteus Syndrome,proteus syndrome
D016715,Proteus Syndrome,proteus-like syndrome
D016720,Pneumocystis Infections,pneumocystis infections
D016720,Pneumocystis Infections,pneumocystis jirovecii infection
D016724,"Empyema, Pleural","empyema, pleural"
D016726,"Plasma Cell Granuloma, Pulmonary","plasma cell granuloma, pulmonary"
D016727,Orbital Pseudotumor,orbital pseudotumor
D016727,Orbital Pseudotumor,"plasma cell granuloma, orbital"
D016731,Erythema Infectiosum,erythema infectiosum
D016736,Antiphospholipid Syndrome,antiphospholipid syndrome
D016738,Alagille Syndrome,alagille syndrome
D016738,Alagille Syndrome,alagille syndrome 2
D016738,Alagille Syndrome,alagille syndrome 1
D016738,Alagille Syndrome,paucity of interlobular bile ducts
D016750,Stiff-Person Syndrome,stiff-person syndrome
D016750,Stiff-Person Syndrome,hereditary hyperekplexia
D016750,Stiff-Person Syndrome,familial hyperekplexia
D016751,Hepatitis E,hepatitis e
D016757,"Death, Sudden, Cardiac",sudden cardiac arrest
D016757,"Death, Sudden, Cardiac","death, sudden, cardiac"
D016766,Feline Infectious Peritonitis,feline infectious peritonitis
D016767,Caroli Disease,caroli disease
D016769,Embolism and Thrombosis,embolism and thrombosis
D016770,Ciliophora Infections,ciliophora infections
D016773,"Leishmaniasis, Cutaneous","leishmaniasis, cutaneous"
D016773,"Leishmaniasis, Cutaneous",oriental sore
D016773,"Leishmaniasis, Cutaneous","leishmaniasis, new world"
D016774,"Leishmaniasis, Diffuse Cutaneous","leishmaniasis, diffuse cutaneous"
D016776,Blastocystis Infections,blastocystis hominis infections
D016776,Blastocystis Infections,blastocystis infections
D016778,"Malaria, Falciparum","malaria, falciparum"
D016779,"Malaria, Cerebral",malaria meningitis
D016779,"Malaria, Cerebral","malaria, cerebral"
D016780,"Malaria, Vivax","malaria, vivax"
D016781,"Toxoplasmosis, Cerebral",intracranial toxoplasmosis
D016781,"Toxoplasmosis, Cerebral",neurotoxoplasmosis
D016781,"Toxoplasmosis, Cerebral","toxoplasmosis, central nervous system"
D016781,"Toxoplasmosis, Cerebral","toxoplasmosis, cerebral"
D016849,"Keratitis, Herpetic","keratitis, herpetic"
D016862,"Tuberculoma, Intracranial","tuberculoma, intracranial"
D016862,"Tuberculoma, Intracranial","abscess, tubercular, intracranial"
D016863,Bacillaceae Infections,bacillaceae infections
D016864,Li-Fraumeni Syndrome,li-fraumeni syndrome
D016866,Bacteroidaceae Infections,bacteroidaceae infections
D016868,Serratia Infections,serratia infections
D016869,Ureaplasma Infections,ureaplasma infections
D016870,Neisseriaceae Infections,neisseriaceae infections
D016871,Pasteurellaceae Infections,pasteurellaceae infections
D016873,Ehrlichiosis,human ehrlichiosis
D016873,Ehrlichiosis,ehrlichiosis
D016873,Ehrlichiosis,ehrlichia ewingii infection
D016873,Ehrlichiosis,ehrlichia chaffeensis infection
D016878,POEMS Syndrome,poems syndrome
D016881,Microsporidiosis,microsporidiosis
D016883,Diabetic Ketoacidosis,diabetic ketoacidosis
D016884,"Polyendocrinopathies, Autoimmune",polyglandular type i autoimmune syndrome
D016884,"Polyendocrinopathies, Autoimmune",polyglandular type ii autoimmune syndrome
D016884,"Polyendocrinopathies, Autoimmune","polyendocrinopathies, autoimmune"
D016884,"Polyendocrinopathies, Autoimmune",polyglandular type iii autoimmune syndrome
D016888,Angiodysplasia,angiodysplasia
D016889,Endometrial Neoplasms,endometrial neoplasms
D016889,Endometrial Neoplasms,endometrial carcinoma
D016890,Encephalitozoonosis,encephalitozoonosis
D016891,"Polycystic Kidney, Autosomal Dominant","polycystic kidney, autosomal dominant"
D016891,"Polycystic Kidney, Autosomal Dominant","polycystic kidney, type 1 autosomal dominant disease"
D016891,"Polycystic Kidney, Autosomal Dominant","polycystic kidney, type 2 autosomal dominant disease"
D016893,Carotid Stenosis,external carotid artery stenosis
D016893,Carotid Stenosis,common carotid artery stenosis
D016893,Carotid Stenosis,carotid stenosis
D016893,Carotid Stenosis,internal carotid artery stenosis
D016893,Carotid Stenosis,carotid artery plaque
D016893,Carotid Stenosis,carotid ulcer
D016905,Gram-Negative Bacterial Infections,gram-negative bacterial infections
D016908,Gram-Positive Bacterial Infections,gram-positive bacterial infections
D016916,"Joint Deformities, Acquired","joint deformities, acquired"
D016917,"Angiomatosis, Bacillary","angiomatosis, bacillary"
D016917,"Angiomatosis, Bacillary",bacillary peliosis
D016918,"Arthritis, Reactive","arthritis, reactive"
D016918,"Arthritis, Reactive",reiter syndrome
D016919,"Meningitis, Cryptococcal",cerebral cryptococcosis
D016919,"Meningitis, Cryptococcal","meningitis, cryptococcal"
D016919,"Meningitis, Cryptococcal",granulomous cerebral cryptococcosis
D016920,"Meningitis, Bacterial","meningitis, bacterial"
D016921,"Meningitis, Fungal","meningitis, fungal"
D016921,"Meningitis, Fungal","pachymeningitis, fungal"
D017001,Tooth Demineralization,tooth demineralization
D017029,"Epilepsy, Complex Partial",cryptogenic partial complex epilepsy
D017029,"Epilepsy, Complex Partial","epilepsy, symptomatic, partial complex"
D017029,"Epilepsy, Complex Partial","epilepsy, complex partial"
D017034,"Epilepsy, Frontal Lobe","epilepsy, opercular"
D017034,"Epilepsy, Frontal Lobe","epilepsy, frontal lobe"
D017034,"Epilepsy, Frontal Lobe","epilepsy, anterior fronto-polar"
D017034,"Epilepsy, Frontal Lobe","epilepsy, supplementary motor"
D017034,"Epilepsy, Frontal Lobe","frontal epilepsy, benign, childhood"
D017034,"Epilepsy, Frontal Lobe","epilepsy, orbito-frontal"
D017034,"Epilepsy, Frontal Lobe","epilepsy, cingulate"
D017036,Epilepsia Partialis Continua,chronic progressive epilepsia partialis continua
D017036,Epilepsia Partialis Continua,epilepsia partialis continua
D017042,"Phenylketonuria, Maternal","phenylketonuria, maternal"
D017043,Chalazion,chalazion
D017044,"Polycystic Kidney, Autosomal Recessive","polycystic kidney, autosomal recessive"
D017074,Common Variable Immunodeficiency,"hypogammaglobulinemia, acquired"
D017074,Common Variable Immunodeficiency,common variable immunodeficiency
D017074,Common Variable Immunodeficiency,"immunoglobulin deficiency, late-onset"
D017085,alpha-Thalassemia,alpha-thalassemia
D017086,beta-Thalassemia,beta-thalassemia
D017086,beta-Thalassemia,thalassemia intermedia
D017086,beta-Thalassemia,thalassemia major
D017086,beta-Thalassemia,hemoglobin f disease
D017086,beta-Thalassemia,thalassemia minor
D017088,AIDS-Related Opportunistic Infections,aids-related opportunistic infections
D017091,"Colitis, Ischemic","colitis, ischemic"
D017092,"Porphyria, Erythropoietic",deficiency of uroporphyrinogen iii synthase
D017092,"Porphyria, Erythropoietic","porphyria, erythropoietic"
D017093,Liver Failure,liver failure
D017094,"Porphyrias, Hepatic","porphyrias, hepatic"
D017096,Prion Diseases,"human transmissible spongiform encephalopathies, inherited"
D017096,Prion Diseases,prion diseases
D017098,IgA Deficiency,iga deficiency
D017099,IgG Deficiency,igg deficiency
D017109,"Akathisia, Drug-Induced","akathisia, tardive"
D017109,"Akathisia, Drug-Induced",pseudoakathisia
D017109,"Akathisia, Drug-Induced","akathisia, drug-induced"
D017114,"Liver Failure, Acute","liver failure, fulminant"
D017114,"Liver Failure, Acute","liver failure, acute"
D017118,"Porphyria, Acute Intermittent","porphyria, acute intermittent"
D017118,"Porphyria, Acute Intermittent",hydroxymethylbilane synthase deficiency
D017119,Porphyria Cutanea Tarda,porphyria cutanea tarda
D017121,"Porphyria, Hepatoerythropoietic","porphyria, hepatoerythropoietic"
D017129,Anisakiasis,anisakiasis
D017169,"Neoplasms, Post-Traumatic","malignancies, post-traumatic"
D017169,"Neoplasms, Post-Traumatic","neoplasms, post-traumatic"
D017180,"Tachycardia, Ventricular",idiopathic ventricular tachycardia
D017180,"Tachycardia, Ventricular","tachycardia, ventricular"
D017180,"Tachycardia, Ventricular",nonsustained ventricular tachycardia
D017180,"Tachycardia, Ventricular",ventricular tachyarrhythmias
D017180,"Tachycardia, Ventricular",paroxysmal supraventricular tachycardia
D017188,Adenophorea Infections,adenophorea infections
D017189,Enoplida Infections,dioctophyma renale infections
D017189,Enoplida Infections,capillaria hepatica infection
D017189,Enoplida Infections,capillaria philippinensis infection
D017189,Enoplida Infections,capillariasis
D017189,Enoplida Infections,enoplida infections
D017190,Secernentea Infections,secernentea infections
D017191,Ascaridida Infections,ascaridida infections
D017191,Ascaridida Infections,raccoon roundworm encephalitis
D017191,Ascaridida Infections,baylisascaris procyonis infection
D017192,"Skin Diseases, Bacterial","skin diseases, bacterial"
D017193,"Skin Diseases, Viral","skin diseases, viral"
D017194,Oxyurida Infections,oxyurida infections
D017196,Rhabditida Infections,rhabditida infections
D017202,Myocardial Ischemia,myocardial ischemia
D017204,Angelman Syndrome,angelman syndrome
D017205,Spirurida Infections,habronemiasis
D017205,Spirurida Infections,spirurida infections
D017206,Strongylida Infections,syngamiasis
D017206,Strongylida Infections,stephanurus dentatus infections
D017206,Strongylida Infections,angiostrongylus infections
D017206,Strongylida Infections,strongylida infections
D017213,Root Caries,root caries
D017213,Root Caries,"caries, cervical"
D017219,Gastric Outlet Obstruction,gastric outlet obstruction
D017227,Toxascariasis,toxascariasis
D017229,Enterobiasis,enterobiasis
D017237,Mitochondrial Encephalomyopathies,mitochondrial encephalomyopathies
D017240,Mitochondrial Myopathies,pleoconial myopathies
D017240,Mitochondrial Myopathies,luft disease
D017240,Mitochondrial Myopathies,mitochondrial myopathies
D017240,Mitochondrial Myopathies,megaconial myopathies
D017241,MELAS Syndrome,melas syndrome
D017243,MERRF Syndrome,merrf syndrome
D017246,"Ophthalmoplegia, Chronic Progressive External","ophthalmoplegia, chronic progressive external"
D017250,Caliciviridae Infections,caliciviridae infections
D017250,Caliciviridae Infections,"infections, calicivirus"
D017250,Caliciviridae Infections,norovirus infections
D017253,Neurofibromatoses,neurofibromatosis 3
D017253,Neurofibromatoses,neurofibromatoses
D017254,Leukemic Infiltration,leukemic infiltration
D017271,Craniomandibular Disorders,craniomandibular disorders
D017282,Tick-Borne Diseases,tick-borne infections
D017282,Tick-Borne Diseases,tick-borne diseases
D017285,Polymyositis,polymyositis ossificans
D017285,Polymyositis,polymyositis
D017285,Polymyositis,"polymyositis, idiopathic"
D017359,HELLP Syndrome,hellp syndrome
D017379,"Hypertrophy, Left Ventricular","hypertrophy, left ventricular"
D017380,"Hypertrophy, Right Ventricular","hypertrophy, right ventricular"
D017436,Kallmann Syndrome,kallmann syndrome 2
D017436,Kallmann Syndrome,kallmann syndrome
D017436,Kallmann Syndrome,kallmann syndrome 3
D017436,Kallmann Syndrome,kallmann syndrome 1
D017437,Skin and Connective Tissue Diseases,skin and connective tissue diseases
D017441,Necrobiotic Disorders,necrobiotic disorders
D017443,"Skin Diseases, Eczematous","skin diseases, eczematous"
D017444,"Skin Diseases, Papulosquamous","skin diseases, papulosquamous"
D017445,"Skin Diseases, Vascular",cutaneous vasculitis
D017445,"Skin Diseases, Vascular","skin diseases, vascular"
D017449,"Dermatitis, Allergic Contact","dermatitis, allergic contact"
D017453,"Dermatitis, Irritant","dermatitis, irritant"
D017454,"Dermatitis, Photoallergic","dermatitis, photoallergic"
D017454,"Dermatitis, Photoallergic",photoallergy
D017484,"Dermatitis, Phototoxic","dermatitis, phototoxic"
D017484,"Dermatitis, Phototoxic",phototoxicity
D017486,Acneiform Eruptions,acneiform eruptions
D017488,"Hyperkeratosis, Epidermolytic","hyperkeratosis, epidermolytic"
D017490,"Ichthyosis, Lamellar",harlequin fetus
D017490,"Ichthyosis, Lamellar",ichthyosis congenita
D017490,"Ichthyosis, Lamellar","ichthyosis, lamellar"
D017490,"Ichthyosis, Lamellar",ichthyosis congenita ii
D017490,"Ichthyosis, Lamellar",collodion fetus
D017490,"Ichthyosis, Lamellar",ichthyosis congenita i
D017492,"Keratosis, Seborrheic","keratosis, seborrheic"
D017495,Hyperpigmentation,post-inflammatory hyperpigmentation
D017495,Hyperpigmentation,hyperpigmentation
D017496,Hypopigmentation,hypopigmentation
D017497,Hidradenitis Suppurativa,hidradenitis suppurativa
D017499,Porokeratosis,"porokeratosis, mibelli"
D017499,Porokeratosis,"porokeratosis, disseminated superficial actinic 2"
D017499,Porokeratosis,"porokeratosis, disseminated superficial actinic"
D017499,Porokeratosis,"porokeratosis, linear"
D017499,Porokeratosis,"porokeratosis, punctate"
D017499,Porokeratosis,porokeratosis
D017499,Porokeratosis,"porokeratosis, palmoplantar"
D017511,Pyoderma Gangrenosum,pyoderma gangrenosum
D017512,Lichenoid Eruptions,lichenoid eruptions
D017513,Lichen Nitidus,lichen nitidus
D017514,Pityriasis Lichenoides,pityriasis lichenoides et varioliformis acuta
D017514,Pityriasis Lichenoides,pityriasis lichenoides
D017514,Pityriasis Lichenoides,pityriasis lichenoides chronica
D017514,Pityriasis Lichenoides,habermann's disease
D017515,Pityriasis Rosea,pityriasis rosea
D017520,Mucinoses,mucinoses
D017541,"Aneurysm, False","aneurysm, false"
D017542,"Aneurysm, Ruptured","aneurysm, ruptured"
D017543,Iliac Aneurysm,iliac aneurysm
D017544,"Aortic Aneurysm, Abdominal","aortic aneurysm, abdominal"
D017545,"Aortic Aneurysm, Thoracic","aortic aneurysm, thoracic"
D017562,Postcholecystectomy Syndrome,postcholecystectomy syndrome
D017562,Postcholecystectomy Syndrome,postcholedochoduodenostomy syndrome
D017562,Postcholecystectomy Syndrome,postcholedochojejunostomy syndrome
D017562,Postcholecystectomy Syndrome,sump syndrome
D017562,Postcholecystectomy Syndrome,postcholedochostomy syndrome
D017563,"Lung Diseases, Interstitial","lung diseases, interstitial"
D017563,"Lung Diseases, Interstitial","pneumonia, interstitial"
D017564,Radiation Pneumonitis,radiation pneumonitis
D017565,"Sarcoidosis, Pulmonary","sarcoidosis, pulmonary"
D017566,Microvascular Angina,microvascular angina
D017573,Focal Epithelial Hyperplasia,focal epithelial hyperplasia
D017574,Parasystole,parasystole
D017577,Cutaneous Fistula,cutaneous fistula
D017588,Hyperandrogenism,hyperandrogenism
D017590,"Myelinolysis, Central Pontine","myelinolysis, central pontine"
D017590,"Myelinolysis, Central Pontine",extrapontine myelinolysis
D017593,Kleine-Levin Syndrome,familial kleine-levin syndrome
D017593,Kleine-Levin Syndrome,kleine-levin syndrome
D017599,Neuroectodermal Tumors,neuroectodermal tumors
D017600,"Neuroectodermal Tumor, Melanotic","neuroectodermal tumor, melanotic"
D017622,Periodontal Attachment Loss,periodontal attachment loss
D017624,WAGR Syndrome,wagr syndrome
D017674,Hypophosphatemia,hypophosphatemia
D017675,CREST Syndrome,crst syndrome
D017675,CREST Syndrome,crest syndrome
D017676,"Lichen Planus, Oral","lichen planus, oral"
D017681,Hypereosinophilic Syndrome,loeffler's endocarditis
D017681,Hypereosinophilic Syndrome,idiopathic hypereosinophilic syndrome
D017681,Hypereosinophilic Syndrome,"leukemia, eosinophilic"
D017681,Hypereosinophilic Syndrome,hypereosinophilic syndrome
D017682,Myocardial Stunning,myocardial stunning
D017682,Myocardial Stunning,stunned myocardium
D017682,Myocardial Stunning,"hibernation, myocardial"
D017688,Cholera Morbus,cholera morbus
D017689,Polydactyly,polydactyly
D017695,Soft Tissue Injuries,soft tissue injuries
D017696,"Myopathies, Nemaline",adult onset nemaline myopathy
D017696,"Myopathies, Nemaline","myopathies, nemaline"
D017696,"Myopathies, Nemaline","nemaline myopathy, autosomal recessive"
D017696,"Myopathies, Nemaline","nemaline myopathy, autosomal dominant"
D017696,"Myopathies, Nemaline","nemaline myopathy, late onset"
D017696,"Myopathies, Nemaline","nemaline myopathy, childhood onset"
D017700,"Embolism, Cholesterol","embolism, cholesterol"
D017703,Retropharyngeal Abscess,retropharyngeal abscess
D017714,Community-Acquired Infections,community-acquired infections
D017719,Diabetic Foot,"foot ulcer, diabetic"
D017719,Diabetic Foot,diabetic foot
D017726,Cytomegalovirus Retinitis,cytomegalovirus retinitis
D017728,"Lymphoma, Large-Cell, Anaplastic","lymphoma, large-cell, anaplastic"
D017731,Lymphomatoid Papulosis,lymphomatoid papulosis
D017733,"Leukoplakia, Hairy","leukoplakia, hairy"
D017759,"Fractures, Malunited","fractures, malunited"
D017759,"Fractures, Malunited","fractures, crossunited"
D017760,Bone Malalignment,bone malalignment
D017769,Ulnar Nerve Compression Syndromes,ulnar nerve external compression syndrome
D017769,Ulnar Nerve Compression Syndromes,guyon syndrome
D017769,Ulnar Nerve Compression Syndromes,ulnar nerve compression syndromes
D017769,Ulnar Nerve Compression Syndromes,ulnar nerve entrapment syndrome
D017772,Amyloid Neuropathies,amyloid neuropathies
D017772,Amyloid Neuropathies,"amyloid neuropathy, secondary"
D017823,Furcation Defects,furcation defects
D017824,"Bone Cysts, Aneurysmal","bone cysts, aneurysmal"
D017825,Canavan Disease,"canavan disease, juvenile"
D017825,Canavan Disease,aminoacylase 2 deficiency
D017825,Canavan Disease,canavan disease
D017825,Canavan Disease,"canavan disease, infantile"
D017825,Canavan Disease,"canavan disease, sporadic form"
D017825,Canavan Disease,"canavan disease, familial form"
D017825,Canavan Disease,"canavan disease, neonatal"
D017827,Machado-Joseph Disease,machado-joseph disease type i
D017827,Machado-Joseph Disease,machado-joseph disease
D017827,Machado-Joseph Disease,machado-joseph disease type ii
D017827,Machado-Joseph Disease,machado-joseph disease type iii
D017827,Machado-Joseph Disease,machado-joseph disease type iv
D017880,"Limb Deformities, Congenital","limb deformities, congenital"
D017887,Ossification of Posterior Longitudinal Ligament,ossification of posterior longitudinal ligament
D017889,Exfoliation Syndrome,exfoliation syndrome
D017890,Splenosis,splenosis
D018058,Tympanic Membrane Perforation,tympanic membrane perforation
D018088,"Tuberculosis, Multidrug-Resistant","tuberculosis, multidrug-resistant"
D018088,"Tuberculosis, Multidrug-Resistant","tuberculosis, drug-resistant"
D018126,Odontodysplasia,odontodysplasia
D018126,Odontodysplasia,odontogenesis imperfecta
D018149,Glucose Intolerance,glucose intolerance
D018159,Endolymphatic Hydrops,endolymphatic hydrops
D018173,Circoviridae Infections,circovirus infections
D018173,Circoviridae Infections,circoviridae infections
D018174,Arterivirus Infections,arterivirus infections
D018175,Birnaviridae Infections,birnaviridae infections
D018176,Torovirus Infections,torovirus infections
D018177,Flavivirus Infections,flavivirus infections
D018178,Flaviviridae Infections,flaviviridae infections
D018182,Pestivirus Infections,pestivirus infections
D018184,Paramyxoviridae Infections,paramyxoviridae infections
D018184,Paramyxoviridae Infections,parainfluenza virus infections
D018184,Paramyxoviridae Infections,parainfluenza
D018185,Morbillivirus Infections,morbillivirus infections
D018186,Pneumovirus Infections,pneumovirus infections
D018188,Cardiovirus Infections,cardiovirus infections
D018190,"Neoplasm, Lymphatic Tissue","neoplasm, lymphatic tissue"
D018191,"Lymphangioma, Cystic","lymphangioma, cystic"
D018192,Lymphangioleiomyomatosis,lymphangioleiomyomatosis
D018193,"Neoplasms, Complex and Mixed","neoplasms, complex and mixed"
D018194,Adenomyoma,adenomyoma
D018195,Adenosarcoma,adenosarcoma
D018196,"Carcinoma, Adenosquamous","carcinoma, adenosquamous"
D018197,Hepatoblastoma,hepatoblastoma
D018198,"Mixed Tumor, Malignant","mixed tumor, malignant"
D018199,"Mixed Tumor, Mesodermal","mixed tumor, mesodermal"
D018200,"Mixed Tumor, Mullerian","mixed tumor, mullerian"
D018201,"Nephroma, Mesoblastic",congenital mesoblastic nephroma
D018201,"Nephroma, Mesoblastic","nephroma, mesoblastic"
D018202,Pulmonary Blastoma,pulmonary blastoma
D018203,"Sarcoma, Endometrial Stromal","sarcoma, endometrial stromal"
D018204,"Neoplasms, Connective and Soft Tissue","neoplasms, connective and soft tissue"
D018205,"Neoplasms, Adipose Tissue","neoplasms, adipose tissue"
D018206,Angiolipoma,angiolipoma
D018207,Angiomyolipoma,angiomyolipoma
D018208,"Liposarcoma, Myxoid","liposarcoma, myxoid"
D018209,Myelolipoma,myelolipoma
D018210,Chondromatosis,chondromatosis
D018211,"Chondrosarcoma, Mesenchymal","chondrosarcoma, mesenchymal"
D018212,Giant Cell Tumor of Bone,giant cell tumor of bone
D018213,"Neoplasms, Bone Tissue","neoplasms, bone tissue"
D018214,"Fibroma, Ossifying","fibroma, ossifying"
D018215,Osteoblastoma,osteoblastoma
D018216,Osteochondromatosis,osteochondromatosis
D018217,"Osteosarcoma, Juxtacortical","osteosarcoma, juxtacortical"
D018218,"Neoplasms, Fibrous Tissue","neoplasms, fibrous tissue"
D018219,"Histiocytoma, Benign Fibrous",dermatofibroma
D018219,"Histiocytoma, Benign Fibrous","histiocytoma, benign fibrous"
D018220,"Fibroma, Desmoplastic","fibroma, desmoplastic"
D018221,"Fibromatosis, Abdominal","fibromatosis, abdominal"
D018222,Desmoid Tumors,desmoid tumors
D018222,Desmoid Tumors,musculoaponeurotic fibromatosis
D018223,Dermatofibrosarcoma,dermatofibrosarcoma
D018223,Dermatofibrosarcoma,"dermatofibrosarcoma protuberans, pigmented"
D018223,Dermatofibrosarcoma,metastatic dermatofibrosarcoma protuberans
D018223,Dermatofibrosarcoma,"dermatofibrosarcoma protuberans, myxoid"
D018223,Dermatofibrosarcoma,giant cell fibroblastoma
D018224,Myofibromatosis,myofibromatosis
D018225,"Neoplasms, Fibroepithelial","neoplasms, fibroepithelial"
D018226,Fibroadenoma,fibroadenoma
D018227,"Sarcoma, Clear Cell","sarcoma, clear cell"
D018228,"Sarcoma, Small Cell","sarcoma, small cell"
D018229,Angiomyoma,angiomyoma
D018230,"Leiomyoma, Epithelioid","leiomyoma, epithelioid"
D018231,Leiomyomatosis,leiomyomatosis
D018232,"Rhabdomyosarcoma, Alveolar","rhabdomyosarcoma, alveolar"
D018233,"Rhabdomyosarcoma, Embryonal","rhabdomyosarcoma, embryonal"
D018234,"Sarcoma, Alveolar Soft Part","sarcoma, alveolar soft part"
D018235,Smooth Muscle Tumor,smooth muscle tumor
D018236,"Carcinoma, Embryonal","carcinoma, embryonal"
D018237,Germinoma,germinoma
D018238,Gonadoblastoma,gonadoblastoma
D018239,Seminoma,seminoma
D018240,Endodermal Sinus Tumor,endodermal sinus tumor
D018241,"Neuroectodermal Tumors, Primitive, Peripheral","neuroectodermal tumors, primitive, peripheral"
D018242,"Neuroectodermal Tumors, Primitive",spongioblastoma
D018242,"Neuroectodermal Tumors, Primitive",ependymoblastoma
D018242,"Neuroectodermal Tumors, Primitive",medulloepithelioma
D018242,"Neuroectodermal Tumors, Primitive","neuroectodermal tumors, primitive"
D018242,"Neuroectodermal Tumors, Primitive",cerebral primitive neuroectodermal tumor
D018243,Teratocarcinoma,teratocarcinoma
D018245,"Trophoblastic Tumor, Placental Site","trophoblastic tumor, placental site"
D018246,Adrenocortical Adenoma,conn adenoma
D018246,Adrenocortical Adenoma,adrenocortical adenoma
D018248,"Adenoma, Liver Cell","adenoma, liver cell"
D018249,"Adenoma, Oxyphilic",hurthle cell tumor
D018249,"Adenoma, Oxyphilic","adenoma, oxyphilic"
D018250,Acrospiroma,nodular hidradrenoma
D018250,Acrospiroma,acrospiroma
D018250,Acrospiroma,clear-cell hidradrenoma
D018250,Acrospiroma,"acrospiroma, eccrine"
D018250,Acrospiroma,cystic hidradenoma
D018251,Hidrocystoma,hidrocystoma
D018252,Syringoma,syringoma
D018253,"Adenoma, Villous","adenoma, villous"
D018254,Adenomatoid Tumor,adenomatoid tumor
D018255,"Adenomatosis, Pulmonary","adenomatosis, pulmonary"
D018256,Adenomatous Polyps,adenomatous polyps
D018261,"Mesothelioma, Cystic","mesothelioma, cystic"
D018262,"Adenocarcinoma, Clear Cell","adenocarcinoma, clear cell"
D018263,"Adenocarcinoma, Follicular","adenocarcinoma, follicular"
D018265,"Carcinoma, Papillary, Follicular","carcinoma, papillary, follicular"
D018266,"Adenocarcinoma, Sebaceous","adenocarcinoma, sebaceous"
D018267,"Carcinoma, Acinar Cell",serous acinar adenoma
D018267,"Carcinoma, Acinar Cell","carcinoma, acinar cell"
D018268,Adrenocortical Carcinoma,adrenocortical carcinoma
D018269,"Carcinoma, Endometrioid","carcinoma, endometrioid"
D018269,"Carcinoma, Endometrioid","adenocarcinoma, endometrioid"
D018270,"Carcinoma, Ductal, Breast","carcinoma, mammary ductal"
D018270,"Carcinoma, Ductal, Breast","carcinoma, ductal, breast"
D018273,"Carcinoma, Islet Cell","carcinoma, islet cell"
D018275,"Carcinoma, Lobular","carcinoma, lobular"
D018276,"Carcinoma, Medullary","carcinoma, medullary"
D018277,"Carcinoma, Mucoepidermoid","carcinoma, mucoepidermoid"
D018278,"Carcinoma, Neuroendocrine","carcinoma, neuroendocrine"
D018279,"Carcinoma, Signet Ring Cell","carcinoma, signet ring cell"
D018280,"Carcinoma, Skin Appendage","carcinoma, skin appendage"
D018281,Cholangiocarcinoma,extrahepatic cholangiocarcinoma
D018281,Cholangiocarcinoma,cholangiocarcinoma
D018281,Cholangiocarcinoma,intrahepatic cholangiocarcinoma
D018282,"Cystadenocarcinoma, Mucinous","cystadenocarcinoma, mucinous"
D018283,"Cystadenocarcinoma, Papillary","cystadenocarcinoma, papillary"
D018284,"Cystadenocarcinoma, Serous","cystadenocarcinoma, serous"
D018285,Klatskin Tumor,perihilar cholangiocarcinoma
D018285,Klatskin Tumor,klatskin tumor
D018286,"Carcinoma, Giant Cell","carcinoma, giant cell"
D018287,"Carcinoma, Large Cell","carcinoma, large cell"
D018288,"Carcinoma, Small Cell","carcinoma, small cell"
D018289,"Carcinoma, Verrucous","carcinoma, verrucous"
D018291,"Cystadenoma, Mucinous","cystadenoma, mucinous"
D018292,"Cystadenoma, Papillary","cystadenoma, papillary"
D018293,"Cystadenoma, Serous","cystadenoma, serous"
D018294,"Neoplasms, Adnexal and Skin Appendage","neoplasms, adnexal and skin appendage"
D018295,"Neoplasms, Basal Cell",basal cell cancer
D018295,"Neoplasms, Basal Cell","neoplasms, basal cell"
D018296,Pilomatrixoma,pilomatrixoma
D018297,"Neoplasms, Cystic, Mucinous, and Serous","neoplasms, mucinous"
D018297,"Neoplasms, Cystic, Mucinous, and Serous",serous neoplasms
D018297,"Neoplasms, Cystic, Mucinous, and Serous","neoplasms, cystic"
D018297,"Neoplasms, Cystic, Mucinous, and Serous","neoplasms, cystic, mucinous, and serous"
D018298,Mucoepidermoid Tumor,mucoepidermoid tumor
D018299,"Neoplasms, Ductal, Lobular, and Medullary","neoplasms, ductal, lobular, and medullary"
D018300,"Papilloma, Intraductal","papilloma, intraductal"
D018301,"Neoplasms, Mesothelial","neoplasms, mesothelial"
D018302,"Neoplasms, Neuroepithelial",astroblastoma
D018302,"Neoplasms, Neuroepithelial","neoplasms, neuroepithelial"
D018302,"Neoplasms, Neuroepithelial",gliomatosis cerebri
D018302,"Neoplasms, Neuroepithelial",ependymoastrocytoma
D018302,"Neoplasms, Neuroepithelial","spongioblastoma, polar"
D018303,Ganglioglioma,"ganglioglioma, benign"
D018303,Ganglioglioma,"ganglioglioma, intracranial"
D018303,Ganglioglioma,"ganglioglioma, malignant"
D018303,Ganglioglioma,ganglioglioma
D018304,"Esthesioneuroblastoma, Olfactory","esthesioneuroblastoma, olfactory"
D018305,Ganglioneuroblastoma,ganglioneuroblastoma
D018306,Neurocytoma,neurocytoma
D018306,Neurocytoma,"neurocytoma, central"
D018307,"Neoplasms, Squamous Cell","neoplasms, squamous cell"
D018307,"Neoplasms, Squamous Cell",squamous cell cancer
D018308,"Papilloma, Inverted","papilloma, inverted"
D018309,"Neoplasms, Gonadal Tissue","neoplasms, gonadal tissue"
D018310,Sertoli-Leydig Cell Tumor,sertoli-leydig cell tumor
D018311,Luteoma,luteoma
D018311,Luteoma,pregnancy luteoma
D018312,Sex Cord-Gonadal Stromal Tumors,gynandroblastoma
D018312,Sex Cord-Gonadal Stromal Tumors,sex cord-gonadal stromal tumors
D018315,"Glioma, Subependymal","glioma, subependymal"
D018315,"Glioma, Subependymal","subependymal astrocytoma, adult"
D018315,"Glioma, Subependymal",subependymal gliosis
D018316,Gliosarcoma,gliosarcoma
D018317,Nerve Sheath Neoplasms,perineurioma
D018317,Nerve Sheath Neoplasms,nerve sheath neoplasms
D018317,Nerve Sheath Neoplasms,peripheral nerve sheath tumors
D018318,"Neurofibroma, Plexiform","neurofibroma, plexiform"
D018319,Neurofibrosarcoma,neurofibrosarcoma
D018319,Neurofibrosarcoma,malignant peripheral nerve sheath tumors
D018321,Neurothekeoma,neurothekeoma
D018322,Angiofibroma,angiofibroma
D018323,"Hemangioendothelioma, Epithelioid","hemangioendothelioma, epithelioid"
D018324,"Hemangioma, Capillary","hemangioma, capillary"
D018325,Hemangioblastoma,multiple hemangioblastomas
D018325,Hemangioblastoma,hemangioblastoma
D018326,Nevi and Melanomas,nevi and melanomas
D018327,Hutchinson's Melanotic Freckle,hutchinson's melanotic freckle
D018328,"Melanoma, Amelanotic","melanoma, amelanotic"
D018329,"Nevus, Blue",cellular blue nevus
D018329,"Nevus, Blue","nevus, blue"
D018330,"Nevus, Intradermal","nevus, intradermal"
D018331,"Nevus, Spindle Cell","nevus, spindle cell"
D018332,"Nevus, Epithelioid and Spindle Cell","nevus, epithelioid and spindle cell"
D018333,"Odontogenic Cyst, Calcifying","odontogenic cyst, calcifying"
D018335,Rhabdoid Tumor,rhabdoid tumor
D018344,"T-Lymphocytopenia, Idiopathic CD4-Positive","t-lymphocytopenia, idiopathic cd4-positive"
D018347,Hepadnaviridae Infections,hepadnaviridae infections
D018352,Coronavirus Infections,coronavirus infections
D018352,Coronavirus Infections,middle east respiratory syndrome
D018353,Rhabdoviridae Infections,rhabdoviridae infections
D018354,Alphavirus Infections,alphavirus infections
D018354,Alphavirus Infections,barmah forest virus infection
D018354,Alphavirus Infections,semliki forest virus infection
D018354,Alphavirus Infections,o'nyong-nyong virus infection
D018354,Alphavirus Infections,sagiyama virus infection
D018354,Alphavirus Infections,sindbis fever
D018354,Alphavirus Infections,getah virus infection
D018354,Alphavirus Infections,mayaro virus infection
D018355,Rubivirus Infections,rubivirus infections
D018357,Respiratory Syncytial Virus Infections,respiratory syncytial virus infections
D018358,Neuroendocrine Tumors,neuroendocrine tumors
D018365,"Neoplasm, Residual",residual tumor
D018365,"Neoplasm, Residual",residual cancer
D018365,"Neoplasm, Residual","neoplasm, residual"
D018366,"Vasculitis, Leukocytoclastic, Cutaneous","vasculitis, leukocytoclastic, cutaneous"
D018370,Leukocyte-Adhesion Deficiency Syndrome,leukocyte-adhesion deficiency syndrome
D018376,Cardiovascular Abnormalities,cardiovascular abnormalities
D018382,Thyroid Hormone Resistance Syndrome,thyroid hormone resistance syndrome
D018382,Thyroid Hormone Resistance Syndrome,generalized resistance to thyroid hormone
D018409,Foot Injuries,foot injuries
D018409,Foot Injuries,turf toe
D018410,"Pneumonia, Bacterial","pneumonia, bacterial"
D018419,Primate Diseases,primate diseases
D018420,Ape Diseases,ape diseases
D018424,"Cholesteatoma, Middle Ear","cholesteatoma, middle ear"
D018437,Brown-Sequard Syndrome,brown-sequard's paralysis
D018437,Brown-Sequard Syndrome,brown-sequard syndrome
D018437,Brown-Sequard Syndrome,spastic spinal monoplegia syndrome
D018438,Blue Toe Syndrome,blue toe syndrome
D018442,"Lymphoma, B-Cell, Marginal Zone","lymphoma, b-cell, marginal zone"
D018455,Protein S Deficiency,protein s deficiency
D018457,"Placenta, Retained","placenta, retained"
D018458,Persistent Vegetative State,post-comatose unawareness state
D018458,Persistent Vegetative State,transient vegetative state
D018458,Persistent Vegetative State,post-traumatic vegetative state
D018458,Persistent Vegetative State,permanent vegetative state
D018458,Persistent Vegetative State,vegetative state
D018458,Persistent Vegetative State,prolonged post-traumatic unawareness
D018458,Persistent Vegetative State,minimally conscious state
D018458,Persistent Vegetative State,persistent vegetative state
D018459,Lichen Sclerosus et Atrophicus,lichen sclerosus et atrophicus
D018460,"Fractures, Comminuted","fractures, comminuted"
D018461,Soft Tissue Infections,soft tissue infections
D018467,"Positive-Pressure Respiration, Intrinsic","positive-pressure respiration, intrinsic"
D018476,Hypokinesia,hypodynamia
D018476,Hypokinesia,hypokinesia
D018476,Hypokinesia,"hypokinesia, antiorthostatic"
D018476,Hypokinesia,bradykinesia
D018487,"Ventricular Dysfunction, Left","ventricular dysfunction, left"
D018487,"Ventricular Dysfunction, Left",left ventricular systolic dysfunction
D018487,"Ventricular Dysfunction, Left",left ventricular diastolic dysfunction
D018488,"Bone Demineralization, Pathologic","bone demineralization, pathologic"
D018497,"Ventricular Dysfunction, Right","ventricular dysfunction, right"
D018500,"Diabetes Insipidus, Nephrogenic","nephrogenic diabetes insipidus, type i"
D018500,"Diabetes Insipidus, Nephrogenic",adh-resistant diabetes insipidus
D018500,"Diabetes Insipidus, Nephrogenic",acquired nephrogenic diabetes insipidus
D018500,"Diabetes Insipidus, Nephrogenic","nephrogenic diabetes insipidus, type ii"
D018500,"Diabetes Insipidus, Nephrogenic","diabetes insipidus, nephrogenic"
D018500,"Diabetes Insipidus, Nephrogenic",congenital nephrogenic diabetes insipidus
D018512,Parasitemia,parasitemia
D018549,Cryptogenic Organizing Pneumonia,cryptogenic organizing pneumonia
D018567,"Breast Neoplasms, Male",male breast cancer
D018567,"Breast Neoplasms, Male","breast neoplasms, male"
D018589,Gastroparesis,gastroparesis
D018601,King's Evil,king's evil
D018602,Milk Sickness,milk sickness
D018630,"Vitreoretinopathy, Proliferative","vitreoretinopathy, proliferative"
D018633,Pulmonary Atresia,pulmonary atresia
D018636,Hypoplastic Left Heart Syndrome,hypoplastic left heart syndrome
D018640,Stomatognathic System Abnormalities,stomatognathic system abnormalities
D018658,Ventricular Septal Rupture,ventricular septal rupture
D018658,Ventricular Septal Rupture,ventricular septal perforation
D018677,Tooth Injuries,tooth injuries
D018701,Mononegavirales Infections,mononegavirales infections
D018702,Filoviridae Infections,filoviridae infections
D018754,Ventricular Dysfunction,ventricular dysfunction
D018761,Multiple Endocrine Neoplasia Type 1,multiple endocrine neoplasia type 1
D018771,Arthralgia,polyarthralgia
D018771,Arthralgia,arthralgia
D018777,Multiple Chemical Sensitivity,multiple chemical sensitivity
D018778,Hantavirus Infections,hantavirus infections
D018781,Tension-Type Headache,tension-vascular headache
D018781,Tension-Type Headache,tension-type headache
D018783,"Impotence, Vasculogenic","impotence, venogenic"
D018783,"Impotence, Vasculogenic","impotence, arteriogenic"
D018783,"Impotence, Vasculogenic","impotence, vasculogenic"
D018784,Abdominal Abscess,abdominal abscess
D018785,Tricuspid Atresia,tricuspid atresia
D018792,"Encephalitis, Viral","encephalitis, viral"
D018798,"Anemia, Iron-Deficiency","anemia, iron-deficiency"
D018804,Hantavirus Pulmonary Syndrome,hantavirus pulmonary syndrome
D018805,Sepsis,severe sepsis
D018805,Sepsis,sepsis
D018805,Sepsis,pyemia
D018805,Sepsis,septicemia
D018813,Multiple Endocrine Neoplasia Type 2a,multiple endocrine neoplasia type 2a
D018814,Multiple Endocrine Neoplasia Type 2b,multiple endocrine neoplasia type 2b
D018827,"Carcinoma, Lewis Lung","carcinoma, lewis lung"
D018856,"Cystitis, Interstitial",painful bladder syndrome
D018856,"Cystitis, Interstitial","cystitis, chronic interstitial"
D018856,"Cystitis, Interstitial","cystitis, interstitial"
D018860,Sneddon Syndrome,sneddon syndrome
D018876,Environmental Illness,environmental illness
D018877,Sick Building Syndrome,sick building syndrome
D018879,Ventricular Premature Complexes,ventricular premature complexes
D018880,Atrial Premature Complexes,atrial premature complexes
D018882,Heat Stress Disorders,heat stress disorders
D018882,Heat Stress Disorders,heat fatigue
D018882,Heat Stress Disorders,heat syncope
D018882,Heat Stress Disorders,heat cramps
D018882,Heat Stress Disorders,exertional heat illness
D018883,Heat Stroke,heat stroke
D018886,"Aphasia, Conduction","aphasia, conduction"
D018887,Landau-Kleffner Syndrome,landau-kleffner syndrome
D018888,"Aphasia, Primary Progressive","aphasia, primary progressive"
D018901,Peroxisomal Disorders,hyperpipecolic acidemia
D018901,Peroxisomal Disorders,"peroxisomal dysfunction, single"
D018901,Peroxisomal Disorders,"peroxisomal dysfunction, general"
D018901,Peroxisomal Disorders,peroxisomal disorders
D018901,Peroxisomal Disorders,"peroxisomal dysfunction, multiple"
D018901,Peroxisomal Disorders,"adrenoleukodystrophy, neonatal"
D018902,"Chondrodysplasia Punctata, Rhizomelic","chondrodysplasia punctata, rhizomelic"
D018908,Muscle Weakness,muscle weakness
D018917,"Optic Neuropathy, Ischemic",anterior ischemic optic neuropathy
D018917,"Optic Neuropathy, Ischemic",posterior ischemic optic neuropathy
D018917,"Optic Neuropathy, Ischemic","optic neuropathy, ischemic"
D018917,"Optic Neuropathy, Ischemic",nonarteritic anterior ischemic optic neuropathy
D018921,Leukostasis,leukostasis
D018923,Persian Gulf Syndrome,persian gulf syndrome
D018934,Fournier Gangrene,fournier gangrene
D018979,"Myositis, Inclusion Body","inclusion body myopathy, sporadic"
D018979,"Myositis, Inclusion Body","myositis, inclusion body"
D018980,Williams Syndrome,williams syndrome
D018981,Congenital Disorders of Glycosylation,congenital disorders of glycosylation
D019042,Muscle Neoplasms,muscle neoplasms
D019042,Muscle Neoplasms,cancer of muscle
D019043,Vascular Neoplasms,vascular neoplasms
D019046,Bone Marrow Neoplasms,bone marrow neoplasms
D019048,Prostatic Intraepithelial Neoplasia,prostatic intraepithelial neoplasia
D019052,"Depression, Postpartum","depression, postpartum"
D019052,"Depression, Postpartum",postnatal dysphoria
D019053,HIV Enteropathy,hiv enteropathy
D019080,Cafe-au-Lait Spots,cafe-au-lait spots
D019082,Smith-Lemli-Opitz Syndrome,7-dehydrocholesterol reductase deficiency
D019082,Smith-Lemli-Opitz Syndrome,"smith-lemli-opitz syndrome, type ii"
D019082,Smith-Lemli-Opitz Syndrome,smith-lemli-opitz syndrome
D019082,Smith-Lemli-Opitz Syndrome,"smith-lemli-opitz syndrome, type i"
D019115,"Fasciitis, Necrotizing","fasciitis, necrotizing"
D019121,Burkholderia Infections,burkholderia infections
D019121,Burkholderia Infections,burkholderia cepacia infection
D019121,Burkholderia Infections,burkholderia cepacia sepsis
D019142,"Hemorrhagic Fever, Ebola","hemorrhagic fever, ebola"
D019150,Neuroaxonal Dystrophies,juvenile neuroaxonal dystrophy
D019150,Neuroaxonal Dystrophies,late infantile neuroaxonal dystrophy
D019150,Neuroaxonal Dystrophies,neuroaxonal dystrophies
D019150,Neuroaxonal Dystrophies,infantile neuroaxonal dystrophy
D019150,Neuroaxonal Dystrophies,adult neuroaxonal dystrophy
D019189,Iron Metabolism Disorders,iron metabolism disorders
D019190,Iron Overload,iron overload
D019214,Gingival Overgrowth,gingival overgrowth
D019217,Tooth Attrition,tooth attrition
D019226,Oral Ulcer,oral ulcer
D019247,HIV Wasting Syndrome,hiv wasting syndrome
D019280,Branchio-Oto-Renal Syndrome,branchiootorenal syndrome 1
D019280,Branchio-Oto-Renal Syndrome,branchiootorenal syndrome 2
D019280,Branchio-Oto-Renal Syndrome,branchio-oto-renal syndrome
D019280,Branchio-Oto-Renal Syndrome,branchio-oculo-facial syndrome
D019282,Wasting Syndrome,wasting syndrome
D019283,"Pancreatitis, Acute Necrotizing",hemorrhagic necrotic pancreatitis
D019283,"Pancreatitis, Acute Necrotizing","pancreatitis, acute necrotizing"
D019292,Skull Base Neoplasms,skull base neoplasms
D019294,"Xanthomatosis, Cerebrotendinous","xanthomatosis, cerebrotendinous"
D019305,"Epilepsy, Rolandic","epilepsy, rolandic"
D019305,"Epilepsy, Rolandic",benign rolandic epilepsy
D019310,Pseudolymphoma,pseudolymphoma
D019315,Retrobulbar Hemorrhage,retrobulbar hemorrhage
D019318,Porcine Reproductive and Respiratory Syndrome,porcine reproductive and respiratory syndrome
D019320,"Embolism, Paradoxical","embolism, paradoxical"
D019337,Hematologic Neoplasms,hematopoietic neoplasms
D019337,Hematologic Neoplasms,hematologic neoplasms
D019339,Port-Wine Stain,port-wine stain
D019349,Roseolovirus Infections,roseolovirus infections
D019350,Astroviridae Infections,astroviridae infections
D019351,Rubulavirus Infections,rubulavirus infections
D019446,Endotoxemia,endotoxemia
D019449,Pouchitis,pouchitis
D019462,"Syncope, Vasovagal","syncope, malignant neurocardiogenic"
D019462,"Syncope, Vasovagal","syncope, cerebral"
D019462,"Syncope, Vasovagal","syncope, vasovagal"
D019462,"Syncope, Vasovagal","syncope, supine"
D019465,Craniofacial Abnormalities,craniofacial abnormalities
D019512,"Pancreatitis, Alcoholic","pancreatitis, alcoholic"
D019522,Vaginal Discharge,vaginal discharge
D019534,Shoulder Impingement Syndrome,outlet impingement syndrome
D019534,Shoulder Impingement Syndrome,shoulder impingement syndrome
D019534,Shoulder Impingement Syndrome,internal impingement syndrome
D019534,Shoulder Impingement Syndrome,coracohumeral impingement syndrome
D019553,"Tooth, Nonvital","tooth, nonvital"
D019553,"Tooth, Nonvital","teeth, endodontically-treated"
D019557,"Dermatitis, Perioral","dermatitis, periocular"
D019557,"Dermatitis, Perioral","dermatitis, perioral"
D019559,Capillary Leak Syndrome,capillary leak syndrome
D019559,Capillary Leak Syndrome,clinical capillary leak syndrome
D019567,Back Injuries,back injuries
D019568,"Lung, Hyperlucent","lung, hyperlucent"
D019568,"Lung, Hyperlucent",unilateral hyperlucent lung
D019568,"Lung, Hyperlucent",swyer-james syndrome
D019569,Hemifacial Spasm,hemifacial myokymia
D019569,Hemifacial Spasm,hemifacial spasm
D019571,Arrhythmogenic Right Ventricular Dysplasia,arrhythmogenic right ventricular dysplasia
D019572,Retinal Neoplasms,retinal cancer
D019572,Retinal Neoplasms,retinal neoplasms
D019574,Optic Nerve Neoplasms,optic nerve neoplasms
D019574,Optic Nerve Neoplasms,malignant optic nerve neoplasm
D019574,Optic Nerve Neoplasms,malignant optic nerve sheath neoplasms
D019574,Optic Nerve Neoplasms,optic nerve sheath neoplasm
D019574,Optic Nerve Neoplasms,benign optic nerve sheath neoplasms
D019574,Optic Nerve Neoplasms,benign optic nerve neoplasm
D019575,"Blindness, Cortical","blindness, cortical"
D019575,"Blindness, Cortical",anton syndrome
D019575,"Blindness, Cortical","blindness, cortical, transient"
D019575,"Blindness, Cortical","blindness, cortical, post-ictal"
D019578,Multiple System Atrophy,multiple system atrophy
D019585,Intracranial Hypotension,"intracranial hypotension, essential"
D019585,Intracranial Hypotension,"intracranial hypotension, secondary"
D019585,Intracranial Hypotension,intracranial hypotension
D019585,Intracranial Hypotension,cerebrospinal fluid hypovolemia
D019586,Intracranial Hypertension,intracranial hypertension
D019595,Severe Dengue,severe dengue
D019595,Severe Dengue,dengue shock syndrome
D019636,Neurodegenerative Diseases,"degenerative diseases, spinal cord"
D019636,Neurodegenerative Diseases,"degenerative diseases, central nervous system"
D019636,Neurodegenerative Diseases,neurodegenerative diseases
D019687,Uterine Inversion,uterine inversion
D019693,"Hepatitis, Autoimmune","hepatitis, autoimmune"
D019694,"Hepatitis B, Chronic","hepatitis b, chronic"
D019698,"Hepatitis C, Chronic","hepatitis c, chronic"
D019701,"Hepatitis D, Chronic","hepatitis d, chronic"
D019767,Maxillofacial Abnormalities,maxillofacial abnormalities
D019773,Epiretinal Membrane,epiretinal membrane
D019773,Epiretinal Membrane,preretinal macular fibrosis
D019838,Neck Injuries,neck injuries
D019846,Miller Fisher Syndrome,miller fisher syndrome
D019851,Thrombophilia,thrombophilia
D019867,Anti-Glomerular Basement Membrane Disease,anti-glomerular basement membrane disease
D019871,Dyskeratosis Congenita,dyskeratosis congenita
D019871,Dyskeratosis Congenita,zinsser-cole-engman syndrome
D019873,Schnitzler Syndrome,schnitzler syndrome
D019896,alpha 1-Antitrypsin Deficiency,alpha 1-antitrypsin deficiency
D019954,Neurobehavioral Manifestations,neurobehavioral manifestations
D019966,Substance-Related Disorders,prescription drug abuse
D019966,Substance-Related Disorders,substance-related disorders
D019966,Substance-Related Disorders,drug abuse
D019966,Substance-Related Disorders,substance use disorders
D019966,Substance-Related Disorders,substance dependence
D019966,Substance-Related Disorders,drug dependence
D019966,Substance-Related Disorders,substance use
D019966,Substance-Related Disorders,"organic mental disorders, substance-induced"
D019966,Substance-Related Disorders,drug habituation
D019966,Substance-Related Disorders,substance abuse
D019966,Substance-Related Disorders,drug use disorders
D019969,Amphetamine-Related Disorders,amphetamine addiction
D019969,Amphetamine-Related Disorders,amphetamine-related disorders
D019969,Amphetamine-Related Disorders,amphetamine abuse
D019970,Cocaine-Related Disorders,cocaine-related disorders
D019970,Cocaine-Related Disorders,cocaine dependence
D019970,Cocaine-Related Disorders,cocaine abuse
D019973,Alcohol-Related Disorders,alcohol problem
D019973,Alcohol-Related Disorders,alcohol-related disorders
D020016,Activated Protein C Resistance,activated protein c resistance
D020019,Neurocysticercosis,neurocysticercosis
D020019,Neurocysticercosis,central nervous system cysticercosis
D020019,Neurocysticercosis,cerebral coenurosis
D020031,Epstein-Barr Virus Infections,epstein-barr virus infections
D020042,Histiocytic Necrotizing Lymphadenitis,histiocytic necrotizing lymphadenitis
D020047,Rectocele,rectocele
D020065,Hepatopulmonary Syndrome,hepatopulmonary syndrome
D020069,Shoulder Pain,shoulder pain
D020078,Neurogenic Inflammation,neurogenic inflammation
D020083,Acquired Hyperostosis Syndrome,acquired hyperostosis syndrome
D020096,Zygomycosis,zygomycosis
D020096,Zygomycosis,entomophthoramycosis
D020096,Zygomycosis,phycomycosis
D020138,Hyperhomocysteinemia,hyperhomocysteinemia
D020139,Gastroschisis,gastroschisis
D020140,"Lysosomal Storage Diseases, Nervous System","lysosomal storage diseases, nervous system"
D020141,Hemostatic Disorders,hemostatic disorders
D020143,"Gangliosidoses, GM2","gangliosidoses, gm2"
D020144,Basal Ganglia Cerebrovascular Disease,basal ganglia cerebrovascular disease
D020144,Basal Ganglia Cerebrovascular Disease,lenticulostriate vasculopathy
D020145,Basal Ganglia Hemorrhage,basal ganglia hemorrhage
D020145,Basal Ganglia Hemorrhage,"hematoma, basal ganglia"
D020146,Putaminal Hemorrhage,putaminal hematoma
D020146,Putaminal Hemorrhage,putaminal hemorrhage
D020147,Coagulation Protein Disorders,coagulation protein disorders
D020149,Manganese Poisoning,manganese poisoning
D020150,Chorea Gravidarum,chorea gravidarum
D020151,Protein C Deficiency,protein c deficiency
D020152,Antithrombin III Deficiency,hereditary antithrombin deficiency
D020152,Antithrombin III Deficiency,antithrombin iii deficiency
D020157,"Amino Acid Transport Disorders, Inborn","amino acid transport disorders, inborn"
D020158,"Hyperglycinemia, Nonketotic","hyperglycinemia, nonketotic"
D020158,"Hyperglycinemia, Nonketotic","hyperglycinemia, nonketotic, type ii"
D020158,"Hyperglycinemia, Nonketotic","hyperglycinemia, nonketotic, type i"
D020158,"Hyperglycinemia, Nonketotic","hyperglycinemia, nonketotic, type iii"
D020159,Citrullinemia,citrullinemia 1
D020159,Citrullinemia,citrullinemia
D020159,Citrullinemia,"argininosuccinic acid synthetase deficiency disease, partial"
D020159,Citrullinemia,"argininosuccinic acid synthetase deficiency, complete"
D020162,Hyperargininemia,hyperargininemia
D020163,Ornithine Carbamoyltransferase Deficiency Disease,ornithine carbamoyltransferase deficiency disease
D020165,Carbamoyl-Phosphate Synthase I Deficiency Disease,carbamoyl phosphate synthase 1 deficiency
D020165,Carbamoyl-Phosphate Synthase I Deficiency Disease,hyperammonemia due to carbamoyl phosphate synthetase 1 deficiency
D020165,Carbamoyl-Phosphate Synthase I Deficiency Disease,carbamoyl-phosphate synthase i deficiency disease
D020167,Hyperlysinemias,hyperlysinemias
D020167,Hyperlysinemias,lysine alpha-ketoglutarate reductase deficiency disease
D020167,Hyperlysinemias,"hyperlysinemia, periodic"
D020167,Hyperlysinemias,saccharopine dehydrogenase deficiency disease
D020167,Hyperlysinemias,alpha-aminoadipic semialdehyde deficiency disease
D020176,Tyrosinemias,"tyrosinemia, type ii"
D020176,Tyrosinemias,"tyrosinemia, type i"
D020176,Tyrosinemias,"tyrosinemia, type iii"
D020176,Tyrosinemias,tyrosinemias
D020177,Idiopathic Hypersomnia,idiopathic hypersomnia
D020177,Idiopathic Hypersomnia,sleep inertia
D020178,"Sleep Disorders, Circadian Rhythm",shift-work sleep disorder
D020178,"Sleep Disorders, Circadian Rhythm",advanced sleep phase syndrome
D020178,"Sleep Disorders, Circadian Rhythm",delayed sleep phase syndrome
D020178,"Sleep Disorders, Circadian Rhythm","sleep disorders, circadian rhythm"
D020178,"Sleep Disorders, Circadian Rhythm",non-24 hour sleep-wake disorder
D020178,"Sleep Disorders, Circadian Rhythm",nonorganic sleep wake cycle disorders
D020179,Jet Lag Syndrome,jet lag syndrome
D020181,"Sleep Apnea, Obstructive","sleep apnea, obstructive"
D020181,"Sleep Apnea, Obstructive",upper airway resistance sleep apnea syndrome
D020182,"Sleep Apnea, Central","central sleep apnea, primary"
D020182,"Sleep Apnea, Central","sleep apnea, newborn, primary"
D020182,"Sleep Apnea, Central","sleep apnea, central"
D020182,"Sleep Apnea, Central","central sleep apnea, secondary"
D020183,Nocturnal Paroxysmal Dystonia,nocturnal paroxysmal dystonia
D020184,Night Terrors,"night terrors, secondary"
D020184,Night Terrors,"night terrors, primary"
D020184,Night Terrors,"night terrors, adult"
D020184,Night Terrors,"night terrors, childhood"
D020184,Night Terrors,night terrors
D020186,Sleep Bruxism,sleep-related bruxism
D020186,Sleep Bruxism,"sleep bruxism, adult"
D020186,Sleep Bruxism,"sleep bruxism, childhood"
D020186,Sleep Bruxism,sleep bruxism
D020187,REM Sleep Behavior Disorder,rem sleep behavior disorder
D020188,Sleep Paralysis,sleep paralysis
D020189,Nocturnal Myoclonus Syndrome,nocturnal myoclonus syndrome
D020190,"Myoclonic Epilepsy, Juvenile","myoclonic epilepsy, juvenile"
D020191,"Myoclonic Epilepsies, Progressive",dentatorubral-pallidoluysian atrophy
D020191,"Myoclonic Epilepsies, Progressive",may-white syndrome
D020191,"Myoclonic Epilepsies, Progressive",familial progressive myoclonic epilepsy
D020191,"Myoclonic Epilepsies, Progressive",action myoclonus-renal failure syndrome
D020191,"Myoclonic Epilepsies, Progressive",biotin-responsive encephalopathy
D020191,"Myoclonic Epilepsies, Progressive",atypical inclusion-body disease
D020191,"Myoclonic Epilepsies, Progressive","myoclonic epilepsies, progressive"
D020192,Lafora Disease,"lafora body disease, late onset"
D020192,Lafora Disease,lafora disease
D020194,Unverricht-Lundborg Syndrome,unverricht-lundborg syndrome
D020195,"Epilepsy, Reflex","epilepsy, reflex"
D020195,"Epilepsy, Reflex",tactile reflex epilepsy
D020195,"Epilepsy, Reflex","reflex epilepsy, eating-induced"
D020195,"Epilepsy, Reflex","reflex epilepsy, cursive (running)"
D020195,"Epilepsy, Reflex","reflex epilepsy, musicogenic"
D020195,"Epilepsy, Reflex",decision making reflex epilepsy
D020195,"Epilepsy, Reflex","reflex epilepsy, visual pattern"
D020195,"Epilepsy, Reflex",writing-induced reflex epilepsy
D020195,"Epilepsy, Reflex","reflex epilepsy, audiogenic"
D020195,"Epilepsy, Reflex","reflex epilepsy, photosensitive"
D020195,"Epilepsy, Reflex",immersion related epilepsy
D020195,"Epilepsy, Reflex","reflex epilepsy, reading"
D020196,"Trauma, Nervous System",craniocervical injuries
D020196,"Trauma, Nervous System","trauma, nervous system"
D020196,"Trauma, Nervous System",axonotmesis
D020196,"Trauma, Nervous System",neurotmesis
D020197,"Head Injuries, Penetrating","head injuries, penetrating"
D020197,"Head Injuries, Penetrating","brain injuries, penetrating"
D020197,"Head Injuries, Penetrating","missile injuries, penetrating, head"
D020198,"Intracranial Hemorrhage, Traumatic","intracranial hematoma, traumatic"
D020198,"Intracranial Hemorrhage, Traumatic","intracranial hemorrhage, traumatic"
D020199,"Hematoma, Subdural, Acute","hematoma, subdural, acute"
D020200,"Hematoma, Subdural, Chronic","hematoma, subdural, chronic"
D020201,"Brain Hemorrhage, Traumatic","cerebellar hemorrhage, traumatic"
D020201,"Brain Hemorrhage, Traumatic","brain hemorrhage, traumatic"
D020202,"Cerebral Hemorrhage, Traumatic","cerebral hematoma, traumatic"
D020202,"Cerebral Hemorrhage, Traumatic","cerebral hemorrhage, traumatic"
D020203,"Brain Stem Hemorrhage, Traumatic","brain stem hemorrhage, traumatic"
D020203,"Brain Stem Hemorrhage, Traumatic","brain stem hematoma, traumatic"
D020203,"Brain Stem Hemorrhage, Traumatic","medullary hemorrhage, traumatic"
D020203,"Brain Stem Hemorrhage, Traumatic","pontine hemorrhage, traumatic"
D020203,"Brain Stem Hemorrhage, Traumatic","midbrain hemorrhage, traumatic"
D020204,"Skull Fracture, Depressed","skull fracture, compound depressed"
D020204,"Skull Fracture, Depressed","skull fracture, depressed"
D020205,"Skull Fracture, Basilar","skull fracture, transphenoid basilar"
D020205,"Skull Fracture, Basilar",battle sign
D020205,"Skull Fracture, Basilar","skull fracture, basilar, childhood"
D020205,"Skull Fracture, Basilar","skull fracture, frontobasilar"
D020205,"Skull Fracture, Basilar","skull fracture, basilar"
D020206,"Subarachnoid Hemorrhage, Traumatic","subarachnoid hemorrhage, traumatic"
D020207,"Coma, Post-Head Injury","coma, post-head injury"
D020207,"Coma, Post-Head Injury","coma, post-traumatic, prolonged"
D020208,"Brain Injury, Chronic","brain injury, chronic"
D020209,Cranial Nerve Injuries,cranial nerve injuries
D020210,Central Cord Syndrome,central cord syndrome
D020211,Autonomic Dysreflexia,autonomic dysreflexia
D020212,Carotid Artery Injuries,carotid artery injuries
D020212,Carotid Artery Injuries,carotid pseudoaneurysm
D020214,Cerebrovascular Trauma,cerebrovascular trauma
D020215,"Carotid Artery, Internal, Dissection","carotid artery, internal, dissection"
D020216,Carotid-Cavernous Sinus Fistula,traumatic carotid-cavernous sinus fistula
D020216,Carotid-Cavernous Sinus Fistula,carotid-cavernous sinus fistula
D020217,Vertebral Artery Dissection,vertebral artery dissection
D020217,Vertebral Artery Dissection,spontaneous vertebral artery dissection
D020217,Vertebral Artery Dissection,traumatic vertebral artery dissection
D020220,Facial Nerve Injuries,marginal mandibular nerve injury
D020220,Facial Nerve Injuries,facial nerve injuries
D020220,Facial Nerve Injuries,facial nerve avulsion
D020221,Optic Nerve Injuries,optic nerve contusion
D020221,Optic Nerve Injuries,optic nerve transection
D020221,Optic Nerve Injuries,optic nerve avulsion
D020221,Optic Nerve Injuries,optic nerve injuries
D020222,Abducens Nerve Injury,abducens nerve injury
D020225,Sagittal Sinus Thrombosis,sagittal sinus thrombosis
D020225,Sagittal Sinus Thrombosis,sagittal sinus thrombophlebitis
D020225,Sagittal Sinus Thrombosis,"septic phlebitis, sagittal sinus"
D020226,Cavernous Sinus Thrombosis,cavernous sinus thrombosis
D020226,Cavernous Sinus Thrombosis,septic cavernous sinusitis
D020226,Cavernous Sinus Thrombosis,"septic phlebitis, cavernous sinus"
D020226,Cavernous Sinus Thrombosis,cavernous sinus thrombophlebitis
D020227,Lateral Sinus Thrombosis,lateral sinus thrombosis
D020227,Lateral Sinus Thrombosis,lateral sinus thrombophlebitis
D020227,Lateral Sinus Thrombosis,"septic phlebitis, lateral sinus"
D020230,Serotonin Syndrome,serotonin syndrome
D020232,Kluver-Bucy Syndrome,temporal lobectomy behavior syndrome
D020232,Kluver-Bucy Syndrome,kluver-bucy syndrome
D020233,"Gait Disorders, Neurologic","gait, shuffling"
D020233,"Gait Disorders, Neurologic",rapid fatigue of gait
D020233,"Gait Disorders, Neurologic","gait, broadened"
D020233,"Gait Disorders, Neurologic","gait, hysterical"
D020233,"Gait Disorders, Neurologic",charcot gait
D020233,"Gait Disorders, Neurologic","gait, scissors"
D020233,"Gait Disorders, Neurologic","gait, athetotic"
D020233,"Gait Disorders, Neurologic","gait, drop foot"
D020233,"Gait Disorders, Neurologic","gait, rigid"
D020233,"Gait Disorders, Neurologic","gait, reeling"
D020233,"Gait Disorders, Neurologic","gait, frontal"
D020233,"Gait Disorders, Neurologic","gait disorders, neurologic"
D020233,"Gait Disorders, Neurologic","gait, widebased"
D020233,"Gait Disorders, Neurologic","gait, festinating"
D020233,"Gait Disorders, Neurologic","gait, unsteady"
D020233,"Gait Disorders, Neurologic",duck gait
D020233,"Gait Disorders, Neurologic","gait, stumbling"
D020233,"Gait Disorders, Neurologic",marche a petit pas
D020233,"Gait Disorders, Neurologic","gait, hemiplegic"
D020233,"Gait Disorders, Neurologic","gait disorder, sensorimotor"
D020233,"Gait Disorders, Neurologic","gait, spastic"
D020234,Gait Ataxia,gait ataxia
D020234,Gait Ataxia,cerebellar gait ataxia
D020234,Gait Ataxia,"gait ataxia, sensory"
D020235,Gait Apraxia,gait apraxia
D020235,Gait Apraxia,frontal gait apraxia
D020235,Gait Apraxia,bruns' apraxia of gait
D020236,"Amnesia, Transient Global","amnesia, transient global"
D020237,"Alexia, Pure","alexia, pure"
D020238,Prosopagnosia,"prosopagnosia, acquired"
D020238,Prosopagnosia,"prosopagnosia, developmental"
D020238,Prosopagnosia,prosopagnosia
D020240,"Apraxia, Ideomotor","apraxia, ideomotor"
D020241,"Encephalomyelitis, Western Equine","encephalomyelitis, western equine"
D020242,"Encephalomyelitis, Eastern Equine","encephalomyelitis, eastern equine"
D020243,"Infarction, Anterior Cerebral Artery","infarction, anterior cerebral artery"
D020243,"Infarction, Anterior Cerebral Artery",anterior cerebral artery syndrome
D020243,"Infarction, Anterior Cerebral Artery",heubner artery infarction
D020244,"Infarction, Middle Cerebral Artery","embolic infarction, middle cerebral artery"
D020244,"Infarction, Middle Cerebral Artery",middle cerebral artery syndrome
D020244,"Infarction, Middle Cerebral Artery",right middle cerebral artery infarction
D020244,"Infarction, Middle Cerebral Artery",middle cerebral artery occlusion
D020244,"Infarction, Middle Cerebral Artery",left middle cerebral artery infarction
D020244,"Infarction, Middle Cerebral Artery","infarction, middle cerebral artery"
D020244,"Infarction, Middle Cerebral Artery",middle cerebral artery embolus
D020244,"Infarction, Middle Cerebral Artery",middle cerebral artery thrombosis
D020244,"Infarction, Middle Cerebral Artery","thrombotic infarction, middle cerebral artery"
D020246,Venous Thrombosis,venous thrombosis
D020246,Venous Thrombosis,deep vein thrombosis
D020252,Gastric Antral Vascular Ectasia,gastric antral vascular ectasia
D020254,Tooth Ankylosis,tooth ankylosis
D020255,Vitreous Detachment,vitreous detachment
D020255,Vitreous Detachment,posterior vitreous detachment
D020256,Choroidal Neovascularization,choroidal neovascularization
D020258,Neurotoxicity Syndromes,"encephalopathy, toxic"
D020258,Neurotoxicity Syndromes,toxic encephalitis
D020258,Neurotoxicity Syndromes,neurotoxicity syndromes
D020260,"Heavy Metal Poisoning, Nervous System","heavy metal poisoning, nervous system"
D020261,Arsenic Poisoning,arsenic poisoning
D020261,Arsenic Poisoning,"nervous system, organic arsenic poisoning"
D020261,Arsenic Poisoning,arsenic induced polyneuropathy
D020261,Arsenic Poisoning,"arsenic poisoning, inorganic"
D020261,Arsenic Poisoning,arsenic encephalopathy
D020262,"Mercury Poisoning, Nervous System",mercurial neuroanesthenia
D020262,"Mercury Poisoning, Nervous System","mercury poisoning, nervous system"
D020262,"Mercury Poisoning, Nervous System",mercury psychosis
D020262,"Mercury Poisoning, Nervous System",mercury encephalopathy
D020262,"Mercury Poisoning, Nervous System",minamata disease
D020262,"Mercury Poisoning, Nervous System","mercury poisoning, organic"
D020262,"Mercury Poisoning, Nervous System",mad hatter disease
D020262,"Mercury Poisoning, Nervous System",inorganic mercury poisoning
D020263,"Lead Poisoning, Nervous System","lead poisoning, nervous system"
D020264,"Lead Poisoning, Nervous System, Childhood","lead poisoning, nervous system, childhood"
D020264,"Lead Poisoning, Nervous System, Childhood","lead encephalopathy, childhood"
D020265,"Lead Poisoning, Nervous System, Adult","lead poisoning, nervous system, adult"
D020265,"Lead Poisoning, Nervous System, Adult",lead polyneuropathy
D020267,MPTP Poisoning,mptp poisoning
D020267,MPTP Poisoning,mptp-induced degeneration of the striatum
D020268,"Alcohol-Induced Disorders, Nervous System","alcohol-induced disorders, nervous system"
D020269,Alcoholic Neuropathy,alcoholic neuropathy
D020269,Alcoholic Neuropathy,alcoholic axonal neuropathy
D020270,Alcohol Withdrawal Seizures,alcohol withdrawal-induced major motor seizure
D020270,Alcohol Withdrawal Seizures,alcohol withdrawal seizures
D020270,Alcohol Withdrawal Seizures,"status epilepticus, alcohol withdrawal-induced"
D020271,"Heredodegenerative Disorders, Nervous System","heredodegenerative disorders, nervous system"
D020274,Autoimmune Diseases of the Nervous System,autoimmune encephalitis
D020274,Autoimmune Diseases of the Nervous System,autoimmune diseases of the nervous system
D020274,Autoimmune Diseases of the Nervous System,"immune disorders, nervous system"
D020275,Guillain-Barre Syndrome,acute inflammatory demyelinating polyneuropathy
D020275,Guillain-Barre Syndrome,"guillain-barre syndrome, familial"
D020275,Guillain-Barre Syndrome,guillain-barre syndrome
D020275,Guillain-Barre Syndrome,acute autoimmune neuropathy
D020277,"Polyradiculoneuropathy, Chronic Inflammatory Demyelinating","polyradiculoneuropathy, chronic inflammatory demyelinating"
D020278,"Demyelinating Autoimmune Diseases, CNS","autoimmune demyelinating diseases, cerebral"
D020278,"Demyelinating Autoimmune Diseases, CNS","autoimmune diseases, demyelinating, brain"
D020278,"Demyelinating Autoimmune Diseases, CNS",spinal cord demyelinating autoimmune diseases
D020278,"Demyelinating Autoimmune Diseases, CNS","demyelinating autoimmune diseases, cns"
D020279,Hereditary Central Nervous System Demyelinating Diseases,hereditary central nervous system demyelinating diseases
D020288,"Papilloma, Choroid Plexus","papilloma, choroid plexus"
D020293,"Vasculitis, Central Nervous System",secondary cns vasculitis
D020293,"Vasculitis, Central Nervous System",postzoster arteritis
D020293,"Vasculitis, Central Nervous System",cerebral angiitis
D020293,"Vasculitis, Central Nervous System",granulomatous angiitis
D020293,"Vasculitis, Central Nervous System","vasculitis, central nervous system"
D020293,"Vasculitis, Central Nervous System",primary cns vasculitis
D020294,"Myasthenic Syndromes, Congenital","myasthenic syndromes, congenital"
D020294,"Myasthenic Syndromes, Congenital","congenital myasthenic syndromes, presynaptic"
D020294,"Myasthenic Syndromes, Congenital","congenital myasthenic syndromes, postsynaptic"
D020294,"Myasthenic Syndromes, Congenital","myasthenic syndromes, congenital, slow channel"
D020295,Brain Stem Neoplasms,pontine tumors
D020295,Brain Stem Neoplasms,mesencephalic neoplasms
D020295,Brain Stem Neoplasms,"brain stem neoplasms, primary"
D020295,Brain Stem Neoplasms,brain stem neoplasms
D020295,Brain Stem Neoplasms,medullary neoplasms
D020299,"Intracranial Hemorrhage, Hypertensive","intracranial hemorrhage, hypertensive"
D020299,"Intracranial Hemorrhage, Hypertensive","cerebral hemorrhage, hypertensive"
D020300,Intracranial Hemorrhages,posterior fossa hemorrhage
D020300,Intracranial Hemorrhages,brain hemorrhage
D020300,Intracranial Hemorrhages,intracranial hemorrhages
D020301,"Vasospasm, Intracranial",cerebral vasospasm
D020301,"Vasospasm, Intracranial","vasospasm, intracranial"
D020306,"Tuberculosis, Central Nervous System","tuberculosis, central nervous system"
D020314,Central Nervous System Fungal Infections,central nervous system fungal infections
D020315,Latex Hypersensitivity,latex hypersensitivity
D020323,Tics,"tic, vocal"
D020323,Tics,"tic, motor"
D020323,Tics,"tic, transient"
D020323,Tics,"tic, gestural"
D020323,Tics,tics
D020324,"Amnesia, Anterograde","amnesia, anterograde"
D020324,"Amnesia, Anterograde",post-ictal memory loss
D020325,Migraine with Aura,migraine with prolonged aura
D020325,Migraine with Aura,basilar-type migraine
D020325,Migraine with Aura,familial hemiplegic migraine
D020325,Migraine with Aura,migraine with aura
D020325,Migraine with Aura,migraine with acute onset aura
D020325,Migraine with Aura,migraine aura without headache
D020325,Migraine with Aura,migraine with typical aura
D020326,Migraine without Aura,migraine without aura
D020329,Essential Tremor,essential tremor
D020329,Essential Tremor,familial tremor
D020330,Bell Palsy,bell palsy
D020330,Bell Palsy,herpetic facial paralysis
D020331,Mobius Syndrome,mobius syndrome
D020333,Tolosa-Hunt Syndrome,tolosa-hunt syndrome
D020335,Paraparesis,"paraparesis, hypotonic"
D020335,Paraparesis,"paraparesis, cerebral"
D020335,Paraparesis,paraparesis
D020335,Paraparesis,"paraparesis, spinal"
D020335,Paraparesis,"paraparesis, chronic progressive"
D020336,"Paraparesis, Spastic","paraparesis, spastic"
D020338,Vestibular Neuronitis,vestibular neuronitis
D020338,Vestibular Neuronitis,vestibular neuropathy
D020338,Vestibular Neuronitis,acute peripheral vestibulopathy
D020338,Vestibular Neuronitis,recurrent vestibular neuritis
D020338,Vestibular Neuronitis,subacute vestibular neuritis
D020339,Optic Nerve Glioma,childhood optic nerve glioma
D020339,Optic Nerve Glioma,"astrocytoma, malignant, optic nerve"
D020339,Optic Nerve Glioma,adult optic nerve glioma
D020339,Optic Nerve Glioma,optic nerve glioma
D020343,Hypertensive Encephalopathy,hypertensive encephalopathy
D020345,"Enterocolitis, Necrotizing","enterocolitis, necrotizing"
D020361,"Paraneoplastic Syndromes, Nervous System",paraneoplastic encephalomyelitis
D020361,"Paraneoplastic Syndromes, Nervous System","paraneoplastic syndromes, nervous system"
D020361,"Paraneoplastic Syndromes, Nervous System",paraneoplastic autonomic dysfunction
D020362,Paraneoplastic Cerebellar Degeneration,"paraneoplastic cerebellar degeneration, anti-yo-associated"
D020362,Paraneoplastic Cerebellar Degeneration,paraneoplastic cerebellar degeneration
D020363,Limbic Encephalitis,limbic encephalitis
D020364,Paraneoplastic Polyneuropathy,paraneoplastic polyneuropathy
D020370,"Osteoarthritis, Knee","osteoarthritis, knee"
D020371,Pelizaeus-Merzbacher Disease,adult pelizaeus-merzbacher disease
D020371,Pelizaeus-Merzbacher Disease,classic pelizaeus-merzbacher disease
D020371,Pelizaeus-Merzbacher Disease,cockayne-pelizaeus-merzbacher disease
D020371,Pelizaeus-Merzbacher Disease,"pelizaeus-merzbacher disease, transitional"
D020371,Pelizaeus-Merzbacher Disease,pelizaeus-merzbacher disease
D020371,Pelizaeus-Merzbacher Disease,"pelizaeus-merzbacher disease, atypical"
D020385,Myokymia,"myokymia, generalized"
D020385,Myokymia,myokymia
D020386,Isaacs Syndrome,acquired neuromyotonia
D020386,Isaacs Syndrome,pseudomyotonia
D020386,Isaacs Syndrome,isaacs syndrome
D020388,"Muscular Dystrophy, Duchenne",becker muscular dystrophy
D020388,"Muscular Dystrophy, Duchenne",duchenne and becker muscular dystrophy
D020388,"Muscular Dystrophy, Duchenne","muscular dystrophy, duchenne"
D020389,"Muscular Dystrophy, Emery-Dreifuss","muscular dystrophy, emery-dreifuss"
D020389,"Muscular Dystrophy, Emery-Dreifuss",scapuloperoneal muscular dystrophy
D020389,"Muscular Dystrophy, Emery-Dreifuss",autosomal recessive emery-dreifuss muscular dystrophy
D020391,"Muscular Dystrophy, Facioscapulohumeral","muscular dystrophy, facioscapulohumeral"
D020417,"Nystagmus, Congenital","nystagmus, congenital"
D020421,Vagus Nerve Diseases,"sensory disorder, vagus nerve"
D020421,Vagus Nerve Diseases,"motor disorder, vagus nerve"
D020421,Vagus Nerve Diseases,vagus nerve diseases
D020422,Mononeuropathies,mononeuritis multiplex
D020422,Mononeuropathies,mononeuropathy multiplex
D020422,Mononeuropathies,mononeuropathies
D020422,Mononeuropathies,mononeuritis
D020423,Median Neuropathy,median nerve neuralgia
D020423,Median Neuropathy,"medial neuropathy, distal"
D020423,Median Neuropathy,"median neuropathy, proximal"
D020423,Median Neuropathy,median nerve entrapment
D020423,Median Neuropathy,median neuropathy
D020424,Ulnar Neuropathies,ulnar neuritis
D020424,Ulnar Neuropathies,ulnar nerve palsy
D020424,Ulnar Neuropathies,ulnar neuropathies
D020425,Radial Neuropathy,radial tunnel syndrome
D020425,Radial Neuropathy,radial neuropathy
D020425,Radial Neuropathy,crutch palsy
D020425,Radial Neuropathy,"lesion, superficial radial nerve"
D020425,Radial Neuropathy,posterior interosseous nerve syndrome
D020425,Radial Neuropathy,radial nerve entrapment
D020425,Radial Neuropathy,wrist-drop
D020425,Radial Neuropathy,wartenberg syndrome
D020425,Radial Neuropathy,radial nerve compression
D020426,Sciatic Neuropathy,lesion of sciatic nerve
D020426,Sciatic Neuropathy,sciatic neuritis
D020426,Sciatic Neuropathy,sciatic nerve palsy
D020426,Sciatic Neuropathy,"neuralgia-neuritis, sciatic nerve"
D020426,Sciatic Neuropathy,sciatic neuropathy
D020427,Peroneal Neuropathies,fibular neuropathy
D020427,Peroneal Neuropathies,common peroneal nerve entrapment
D020427,Peroneal Neuropathies,"neuropathy, superficial peroneal"
D020427,Peroneal Neuropathies,"neuropathy, common peroneal"
D020427,Peroneal Neuropathies,foot drop
D020427,Peroneal Neuropathies,"neuropathy, deep peroneal"
D020427,Peroneal Neuropathies,peroneal nerve paralysis
D020427,Peroneal Neuropathies,peroneal nerve entrapment
D020427,Peroneal Neuropathies,peroneal neuropathies
D020428,Femoral Neuropathy,femoral neuritis
D020428,Femoral Neuropathy,meralgia paresthetica
D020428,Femoral Neuropathy,femoral neuropathy
D020428,Femoral Neuropathy,femoral nerve dysfunction
D020429,Tibial Neuropathy,medial plantar nerve disease
D020429,Tibial Neuropathy,lateral plantar neuropathy
D020429,Tibial Neuropathy,"tibial neuropathy, post-traumatic"
D020429,Tibial Neuropathy,medial plantar neuropathy
D020429,Tibial Neuropathy,tibial neuropathy
D020430,Cubital Tunnel Syndrome,cubital tunnel syndrome
D020431,Olfactory Nerve Diseases,olfactory nerve diseases
D020432,Trochlear Nerve Diseases,superior oblique myokymia
D020432,Trochlear Nerve Diseases,trochlear nerve diseases
D020432,Trochlear Nerve Diseases,fourth cranial nerve palsy
D020432,Trochlear Nerve Diseases,"superior oblique palsy, neurogenic"
D020433,Trigeminal Nerve Diseases,raeder paratrigeminal syndrome
D020433,Trigeminal Nerve Diseases,"trigeminal neuropathy, idiopathic"
D020433,Trigeminal Nerve Diseases,trigeminal nerve diseases
D020434,Abducens Nerve Diseases,abducens nerve palsy
D020434,Abducens Nerve Diseases,abducens nerve diseases
D020434,Abducens Nerve Diseases,"abducens palsy, childhood, benign recurrent"
D020435,Glossopharyngeal Nerve Diseases,glossopharyngeal neuralgia
D020435,Glossopharyngeal Nerve Diseases,glossopharyngeal nerve sensory neuropathy
D020435,Glossopharyngeal Nerve Diseases,glossopharyngeal motor neuropathy
D020435,Glossopharyngeal Nerve Diseases,glossopharyngeal nerve diseases
D020435,Glossopharyngeal Nerve Diseases,glossopharyngeal nerve taste disorder
D020436,Accessory Nerve Diseases,accessory nerve diseases
D020437,Hypoglossal Nerve Diseases,hypoglossal neuropathy
D020437,Hypoglossal Nerve Diseases,hypoglossal nerve diseases
D020437,Hypoglossal Nerve Diseases,hypoglossal nerve palsy
D020437,Hypoglossal Nerve Diseases,hypoglossal neuralgia
D020447,Parasomnias,"sensory paroxysms, sleep"
D020447,Parasomnias,sleep-related abnormal swallowing syndrome
D020447,Parasomnias,sleep drunkenness
D020447,Parasomnias,parasomnias
D020447,Parasomnias,"neonatal sleep myoclonus, benign"
D020511,Neuromuscular Junction Diseases,neuromuscular junction toxic disorders
D020511,Neuromuscular Junction Diseases,neuromuscular junction diseases
D020512,"Myopathy, Central Core","myopathy, central core"
D020513,"Paralysis, Hyperkalemic Periodic",hyperkalemic periodic paralysis type 2
D020513,"Paralysis, Hyperkalemic Periodic","paralysis, hyperkalemic periodic"
D020514,Hypokalemic Periodic Paralysis,hypokalemic periodic paralysis
D020516,Brachial Plexus Neuropathies,brachial plexus neuropathies
D020516,Brachial Plexus Neuropathies,erb paralysis
D020516,Brachial Plexus Neuropathies,upper brachial plexus neuropathy
D020516,Brachial Plexus Neuropathies,middle brachial plexus neuropathy
D020516,Brachial Plexus Neuropathies,klumpke paralysis
D020516,Brachial Plexus Neuropathies,lower brachial plexus neuropathy
D020518,Focal Nodular Hyperplasia,focal nodular hyperplasia
D020520,Brain Infarction,anterior cerebral circulation infarction
D020520,Brain Infarction,"venous infarction, brain"
D020520,Brain Infarction,anterior circulation brain infarction
D020520,Brain Infarction,"brain infarction, posterior circulation"
D020520,Brain Infarction,brain infarction
D020521,Stroke,"stroke, acute"
D020521,Stroke,stroke
D020522,"Lymphoma, Mantle-Cell","lymphoma, lymphocytic, intermediate"
D020522,"Lymphoma, Mantle-Cell","lymphoma, mantle-cell"
D020526,Brain Stem Infarctions,claude syndrome
D020526,Brain Stem Infarctions,weber syndrome
D020526,Brain Stem Infarctions,millard-gublar syndrome
D020526,Brain Stem Infarctions,top of the basilar syndrome
D020526,Brain Stem Infarctions,foville syndrome
D020526,Brain Stem Infarctions,benedict syndrome
D020526,Brain Stem Infarctions,brain stem infarctions
D020528,"Multiple Sclerosis, Chronic Progressive","multiple sclerosis, secondary progressive"
D020528,"Multiple Sclerosis, Chronic Progressive","multiple sclerosis, chronic progressive"
D020528,"Multiple Sclerosis, Chronic Progressive","multiple sclerosis, primary progressive"
D020528,"Multiple Sclerosis, Chronic Progressive","multiple sclerosis, progressive relapsing"
D020529,"Multiple Sclerosis, Relapsing-Remitting","multiple sclerosis, acute relapsing"
D020529,"Multiple Sclerosis, Relapsing-Remitting","multiple sclerosis, relapsing-remitting"
D020642,Acatalasia,catalase deficiency
D020642,Acatalasia,acatalasia
D020642,Acatalasia,hypocatalasemia
D020642,Acatalasia,acatalasemia swiss type
D020642,Acatalasia,acatalasemia japanese type
D020720,"Myasthenia Gravis, Autoimmune, Experimental","myasthenia gravis, autoimmune, experimental"
D020720,"Myasthenia Gravis, Autoimmune, Experimental","experimental autoimmune myasthenia gravis, passive transfer"
D020721,"Nervous System Autoimmune Disease, Experimental","nervous system autoimmune disease, experimental"
D020721,"Nervous System Autoimmune Disease, Experimental","autoimmune myositis, experimental"
D020734,Parkinsonian Disorders,ramsay hunt paralysis syndrome
D020734,Parkinsonian Disorders,familial juvenile parkinsonism
D020734,Parkinsonian Disorders,parkinsonian disorders
D020734,Parkinsonian Disorders,autosomal dominant parkinsonism
D020734,Parkinsonian Disorders,autosomal recessive juvenile parkinson disease
D020734,Parkinsonian Disorders,autosomal dominant juvenile parkinson disease
D020734,Parkinsonian Disorders,"parkinsonism, juvenile"
D020734,Parkinsonian Disorders,"parkinsonism, experimental"
D020734,Parkinsonian Disorders,autosomal recessive parkinsonism
D020739,"Brain Diseases, Metabolic, Inborn","brain diseases, metabolic, inherited"
D020739,"Brain Diseases, Metabolic, Inborn",central nervous system inborn metabolic diseases
D020739,"Brain Diseases, Metabolic, Inborn","brain diseases, metabolic, inborn"
D020751,Alcohol-Induced Disorders,alcohol-induced disorders
D020752,Neurocutaneous Syndromes,neurocutaneous syndromes
D020754,Spinocerebellar Ataxias,spinocerebellar ataxia type 1
D020754,Spinocerebellar Ataxias,spinocerebellar ataxia type 4
D020754,Spinocerebellar Ataxias,spinocerebellar ataxia type 2
D020754,Spinocerebellar Ataxias,spinocerebellar ataxia type 6
D020754,Spinocerebellar Ataxias,spinocerebellar ataxias
D020754,Spinocerebellar Ataxias,dominantly-inherited spinocerebellar ataxias
D020754,Spinocerebellar Ataxias,spinocerebellar ataxia type 7
D020754,Spinocerebellar Ataxias,spinocerebellar ataxia type 5
D020754,Spinocerebellar Ataxias,"autosomal dominant cerebellar ataxia, type ii"
D020757,Amaurosis Fugax,amaurosis fugax
D020758,Spinal Cord Vascular Diseases,spinal cord vascular diseases
D020758,Spinal Cord Vascular Diseases,posterior spinal artery syndrome
D020758,Spinal Cord Vascular Diseases,hematomyelia
D020759,Anterior Spinal Artery Syndrome,anterior spinal artery dissection
D020759,Anterior Spinal Artery Syndrome,anterior spinal artery syndrome
D020760,Spinal Cord Ischemia,spinal cord ischemia
D020760,Spinal Cord Ischemia,experimental spinal cord ischemia
D020762,"Infarction, Posterior Cerebral Artery","embolic infarction, posterior cerebral artery"
D020762,"Infarction, Posterior Cerebral Artery",posterior cerebral artery syndrome
D020762,"Infarction, Posterior Cerebral Artery","thrombotic infarction, posterior cerebral artery"
D020762,"Infarction, Posterior Cerebral Artery","infarction, posterior cerebral artery"
D020765,Intracranial Arterial Diseases,"brain diseases, arterial"
D020765,Intracranial Arterial Diseases,intracranial arterial diseases
D020766,Intracranial Embolism,cerebral embolism
D020766,Intracranial Embolism,intracranial embolism
D020766,Intracranial Embolism,brain embolism
D020767,Intracranial Thrombosis,cerebral thrombosis
D020767,Intracranial Thrombosis,intracranial thrombosis
D020767,Intracranial Thrombosis,cerebral thrombus
D020767,Intracranial Thrombosis,brain thrombosis
D020767,Intracranial Thrombosis,brain thrombus
D020773,Headache Disorders,chronic headache
D020773,Headache Disorders,chronic daily headache
D020773,Headache Disorders,headache disorders
D020773,Headache Disorders,"headache, intractable"
D020774,Pick Disease of the Brain,pick disease of the brain
D020779,Sinus Pericranii,sinus pericranii
D020785,Central Nervous System Vascular Malformations,"cerebral embryonic artery, persistent"
D020785,Central Nervous System Vascular Malformations,central nervous system congenital vascular malformations
D020785,Central Nervous System Vascular Malformations,central nervous system vascular malformations
D020785,Central Nervous System Vascular Malformations,"capillary telangiectasia, brain"
D020785,Central Nervous System Vascular Malformations,dural arteriovenous fistula
D020785,Central Nervous System Vascular Malformations,"vascular malformations, brain"
D020785,Central Nervous System Vascular Malformations,pontine capillary telangiectasias
D020786,"Hemangioma, Cavernous, Central Nervous System","cavernous hemangioma, extracerebral"
D020786,"Hemangioma, Cavernous, Central Nervous System",cavernous hemangioma of brain
D020786,"Hemangioma, Cavernous, Central Nervous System","hemangioma, cavernous, central nervous system"
D020786,"Hemangioma, Cavernous, Central Nervous System",cerebral cavernous hemangioma
D020786,"Hemangioma, Cavernous, Central Nervous System","cavernous angioma, central nervous system"
D020786,"Hemangioma, Cavernous, Central Nervous System","cavernous hemangioma, intracerebral"
D020787,Central Nervous System Venous Angioma,central nervous system venous angioma
D020787,Central Nervous System Venous Angioma,intracranial venous angioma
D020787,Central Nervous System Venous Angioma,cerebral venous angioma
D020788,Bardet-Biedl Syndrome,bardet-biedl syndrome
D020790,"Diabetes Insipidus, Neurogenic","diabetes insipidus, neurogenic"
D020792,Salivary Calculi,salivary calculi
D020795,Photophobia,photophobia
D020802,Epidural Abscess,epidural abscess
D020802,Epidural Abscess,"epidural abscess, spinal"
D020802,Epidural Abscess,cranial epidural abscess
D020803,"Encephalitis, Herpes Simplex",herpetic acute necrotizing encephalitis
D020803,"Encephalitis, Herpes Simplex","meningoencephalitis, herpes simplex virus"
D020803,"Encephalitis, Herpes Simplex","encephalitis, herpes simplex"
D020804,"Encephalitis, Varicella Zoster","encephalitis, varicella zoster"
D020804,"Encephalitis, Varicella Zoster","meningoencephalitis, herpes zoster"
D020805,Central Nervous System Viral Diseases,central nervous system viral diseases
D020806,Central Nervous System Bacterial Infections,central nervous system bacterial infections
D020807,Central Nervous System Parasitic Infections,central nervous system parasitic infections
D020808,Central Nervous System Protozoal Infections,sappinia diploidea meningoencephalitis
D020808,Central Nervous System Protozoal Infections,"meningoencephalitis, protozoal"
D020808,Central Nervous System Protozoal Infections,amebic meningoencephalitis
D020808,Central Nervous System Protozoal Infections,acanthamoeba meningoencephalitis
D020808,Central Nervous System Protozoal Infections,cerebral protozoal infections
D020808,Central Nervous System Protozoal Infections,primary amebic meningoencephalitis
D020808,Central Nervous System Protozoal Infections,balamuthia mandrillaris cns infection
D020808,Central Nervous System Protozoal Infections,naegleria fowleri infection
D020808,Central Nervous System Protozoal Infections,central nervous system protozoal infections
D020809,Central Nervous System Helminthiasis,central nervous system helminthiasis
D020809,Central Nervous System Helminthiasis,cerebral helminthiasis
D020814,"Meningitis, Escherichia coli","meningitis, escherichia coli"
D020818,Neuroschistosomiasis,schistosomal myelitis
D020818,Neuroschistosomiasis,schistosomal myeloradiculopathy
D020818,Neuroschistosomiasis,neuroschistosomiasis
D020818,Neuroschistosomiasis,schistosomal myelopathy
D020819,Perimeningeal Infections,perimeningeal infections
D020820,Dyskinesias,dyskinesias
D020820,Dyskinesias,oral dyskinesia
D020820,Dyskinesias,asterixis
D020820,Dyskinesias,hemiballismus
D020820,Dyskinesias,ballismus
D020820,Dyskinesias,involuntary movements
D020820,Dyskinesias,orofacial dyskinesia
D020821,Dystonic Disorders,writer's cramp
D020821,Dystonic Disorders,childhood onset dystonias
D020821,Dystonic Disorders,"dystonias, sporadic"
D020821,Dystonic Disorders,"dystonia, secondary"
D020821,Dystonic Disorders,adult-onset idiopathic torsion dystonias
D020821,Dystonic Disorders,focal dystonia
D020821,Dystonic Disorders,dystonic disorders
D020821,Dystonic Disorders,"familial dystonia, idiopathic"
D020821,Dystonic Disorders,pseudodystonia
D020821,Dystonic Disorders,adult-onset dystonias
D020821,Dystonic Disorders,autosomal recessive familial dystonia
D020821,Dystonic Disorders,familial dystonia
D020821,Dystonic Disorders,autosomal dominant familial dystonia
D020821,Dystonic Disorders,adult-onset idiopathic focal dystonias
D020821,Dystonic Disorders,"dystonia, primary"
D020828,Pseudobulbar Palsy,pseudobulbar palsy
D020828,Pseudobulbar Palsy,"dysarthria, pseudobulbar"
D020828,Pseudobulbar Palsy,pseudobulbar mutism
D020833,Diffuse Axonal Injury,diffuse axonal injury
D020852,Lyme Neuroborreliosis,lyme disease mononeuritis multiplex
D020852,Lyme Neuroborreliosis,lyme meningoencephalitis
D020852,Lyme Neuroborreliosis,"encephalopathy, lyme disease"
D020852,Lyme Neuroborreliosis,lyme polyradiculitis
D020852,Lyme Neuroborreliosis,central nervous system lyme disease
D020852,Lyme Neuroborreliosis,lyme polyradiculopathy
D020852,Lyme Neuroborreliosis,lyme neuroborreliosis
D020852,Lyme Neuroborreliosis,peripheral nervous system lyme disease
D020852,Lyme Neuroborreliosis,lyme meningoradiculitis
D020857,Hallux Limitus,hallux limitus
D020859,Hallux Rigidus,hallux rigidus
D020863,Central Nervous System Cysts,rathke cleft cysts
D020863,Central Nervous System Cysts,central nervous system cysts
D020879,Neuromuscular Manifestations,neuromuscular manifestations
D020879,Neuromuscular Manifestations,muscle disease manifestations
D020886,Somatosensory Disorders,"impairment, light touch sensation"
D020886,Somatosensory Disorders,proprioceptive disorders
D020886,Somatosensory Disorders,position sense disorders
D020886,Somatosensory Disorders,pinprick sensation diminished
D020886,Somatosensory Disorders,somatosensory disorders
D020886,Somatosensory Disorders,thermal sensation disorders
D020886,Somatosensory Disorders,pain sensation diminished
D020914,"Myopathies, Structural, Congenital","myopathies, structural, congenital"
D020914,"Myopathies, Structural, Congenital",congenital fiber type disproportion
D020914,"Myopathies, Structural, Congenital",autosomal recessive centronuclear myopathy
D020914,"Myopathies, Structural, Congenital","myopathy, centronuclear, 1"
D020914,"Myopathies, Structural, Congenital",tubular aggregate myopathy
D020914,"Myopathies, Structural, Congenital","myopathy, centronuclear, autosomal dominant"
D020914,"Myopathies, Structural, Congenital","myotubular myopathy, x-linked"
D020914,"Myopathies, Structural, Congenital",centronuclear myopathy
D020914,"Myopathies, Structural, Congenital",autosomal dominant myotubular myopathy
D020915,Korsakoff Syndrome,korsakoff syndrome
D020918,Complex Regional Pain Syndromes,chronic regional pain syndrome
D020918,Complex Regional Pain Syndromes,complex regional pain syndromes
D020918,Complex Regional Pain Syndromes,acute regional pain syndrome
D020919,"Sleep Disorders, Intrinsic","hypersomnia, post-traumatic"
D020919,"Sleep Disorders, Intrinsic","sleep disorders, intrinsic"
D020919,"Sleep Disorders, Intrinsic",sleep state misperception
D020920,Dyssomnias,"sleep disorders, extrinsic"
D020920,Dyssomnias,nocturnal eating-drinking syndrome
D020920,Dyssomnias,limit-setting sleep disorder
D020920,Dyssomnias,dyssomnias
D020920,Dyssomnias,adjustment sleep disorder
D020920,Dyssomnias,environmental sleep disorder
D020921,Sleep Arousal Disorders,sleep arousal disorders
D020921,Sleep Arousal Disorders,confusional arousals
D020922,Sleep-Wake Transition Disorders,sleep talking
D020922,Sleep-Wake Transition Disorders,sleep starts
D020922,Sleep-Wake Transition Disorders,nocturnal sleep head banging
D020922,Sleep-Wake Transition Disorders,nocturnal leg cramps
D020922,Sleep-Wake Transition Disorders,somnolescent starts
D020922,Sleep-Wake Transition Disorders,"movement disorders, rhythmic nocturnal"
D020922,Sleep-Wake Transition Disorders,sleep-wake transition disorders
D020923,REM Sleep Parasomnias,rem sleep parasomnias
D020923,REM Sleep Parasomnias,sleep-related painful erections
D020923,REM Sleep Parasomnias,rem sleep-related sinus arrest
D020925,"Hypoxia-Ischemia, Brain",hypoxic-ischemic encephalopathy
D020925,"Hypoxia-Ischemia, Brain","anoxia-ischemia, brain"
D020925,"Hypoxia-Ischemia, Brain","hypoxia-ischemia, brain"
D020925,"Hypoxia-Ischemia, Brain",anoxic-ischemic encephalopathy
D020925,"Hypoxia-Ischemia, Brain",cerebral hypoxia-ischemia
D020925,"Hypoxia-Ischemia, Brain","anoxia-ischemia, cerebral"
D020936,"Epilepsy, Benign Neonatal","convulsions, benign familial infantile, 3"
D020936,"Epilepsy, Benign Neonatal","seizures, benign familial infantile, 1"
D020936,"Epilepsy, Benign Neonatal",benign infantile familial convulsions
D020936,"Epilepsy, Benign Neonatal","benign neonatal epilepsy, nonfamilial"
D020936,"Epilepsy, Benign Neonatal",benign familial neonatal epilepsy
D020936,"Epilepsy, Benign Neonatal","epilepsy, benign neonatal-infantile"
D020936,"Epilepsy, Benign Neonatal","epilepsy, benign neonatal"
D020937,"Epilepsy, Partial, Sensory",gustatory partial seizure
D020937,"Epilepsy, Partial, Sensory",olfactory partial seizure
D020937,"Epilepsy, Partial, Sensory","seizures, simple partial, special sensory symptoms"
D020937,"Epilepsy, Partial, Sensory",sensory epilepsy
D020937,"Epilepsy, Partial, Sensory","epilepsy, partial, sensory"
D020937,"Epilepsy, Partial, Sensory",vertiginous partial seizure
D020937,"Epilepsy, Partial, Sensory",focal sensory seizure
D020937,"Epilepsy, Partial, Sensory",visual partial seizure
D020938,"Epilepsy, Partial, Motor",hemimotor seizure disorder
D020938,"Epilepsy, Partial, Motor","epilepsy, partial, motor"
D020938,"Epilepsy, Partial, Motor",focal clonic seizures
D020938,"Epilepsy, Partial, Motor",versive seizures
D020938,"Epilepsy, Partial, Motor",focal tonic seizures
D020941,"Myasthenia Gravis, Neonatal","myasthenia gravis, neonatal, persistent"
D020941,"Myasthenia Gravis, Neonatal",antenatal myasthenia gravis
D020941,"Myasthenia Gravis, Neonatal","myasthenia gravis, neonatal"
D020941,"Myasthenia Gravis, Neonatal","myasthenia gravis, neonatal, transient"
D020943,"AIDS Arteritis, Central Nervous System",hiv-associated vasculitis of the central nervous system
D020943,"AIDS Arteritis, Central Nervous System",aids-associated cerebral aneurysmal arteriopathy
D020943,"AIDS Arteritis, Central Nervous System","aids arteritis, central nervous system"
D020945,"Lupus Vasculitis, Central Nervous System",lupus meningoencephalitis
D020945,"Lupus Vasculitis, Central Nervous System",neuropsychiatric systemic lupus erythematosus
D020945,"Lupus Vasculitis, Central Nervous System","lupus vasculitis, central nervous system"
D020953,Neuroaspergillosis,"aspergillosis, nervous system invasive"
D020953,Neuroaspergillosis,neuroaspergillosis
D020955,Striatonigral Degeneration,striatonigral degeneration
D020961,Lewy Body Disease,lewy body disease
D020964,Embryo Loss,embryo loss
D020964,Embryo Loss,embryo resorption
D020964,Embryo Loss,embryo death
D020964,Embryo Loss,blastocyst disintegration
D020964,Embryo Loss,embryo disintegration
D020966,"Muscular Disorders, Atrophic",spinopontine atrophy
D020966,"Muscular Disorders, Atrophic","atrophy, disuse"
D020966,"Muscular Disorders, Atrophic","muscular disorders, atrophic"
D020967,Myotonic Disorders,paramyotonia congenita without cold paralysis
D020967,Myotonic Disorders,myotonic disorders
D020967,Myotonic Disorders,myotonia fluctuans
D020967,Myotonic Disorders,paramyotonia congenita
D020968,Brachial Plexus Neuritis,hereditary brachial plexus neuropathy
D020968,Brachial Plexus Neuritis,brachial neuralgia
D020968,Brachial Plexus Neuritis,cervico-brachial neuralgia
D020968,Brachial Plexus Neuritis,"neuralgia, amyotrophic"
D020968,Brachial Plexus Neuritis,brachial plexus neuritis
D021081,Chronobiology Disorders,circadian rhythm disorders
D021081,Chronobiology Disorders,psychogenic inversion of circadian rhythm
D021081,Chronobiology Disorders,chronobiology disorders
D021181,Egg Hypersensitivity,egg hypersensitivity
D021182,Wheat Hypersensitivity,wheat hypersensitivity
D021183,Peanut Hypersensitivity,peanut hypersensitivity
D021184,Nut Hypersensitivity,nut hypersensitivity
D021441,"Carcinoma, Pancreatic Ductal","carcinoma, pancreatic ductal"
D021782,Multicystic Dysplastic Kidney,multicystic dysplastic kidney
D021782,Multicystic Dysplastic Kidney,unilateral multicystic dysplastic kidney
D021782,Multicystic Dysplastic Kidney,bilateral multicystic dysplastic kidneys
D021821,"Communicable Diseases, Emerging","communicable diseases, reemerging"
D021821,"Communicable Diseases, Emerging","communicable diseases, emerging"
D021865,Isosporiasis,isosporiasis
D021866,Cyclosporiasis,cyclospora infection
D021866,Cyclosporiasis,cyclosporiasis
D021921,"Aortic Stenosis, Supravalvular","aortic stenosis, supravalvular"
D021922,Discrete Subaortic Stenosis,discrete subaortic stenosis
D022125,Lacerations,lacerations
D022861,Hermanski-Pudlak Syndrome,hermanski-pudlak syndrome
D023521,Chlamydophila Infections,chlamydia pneumoniae infections
D023521,Chlamydophila Infections,chlamydophila infections
D023903,Coronary Restenosis,coronary restenosis
D023921,Coronary Stenosis,coronary stenosis
D023961,"Gonadal Dysgenesis, 46,XX","gonadal dysgenesis, 46,xx"
D023961,"Gonadal Dysgenesis, 46,XX","pure gonadal dysgenesis, 46, xx"
D023981,"Sarcoma, Myeloid","sarcoma, myeloid"
D023981,"Sarcoma, Myeloid","sarcoma, granulocytic"
D024343,Open Bite,open bite
D024741,"Cardiomyopathy, Hypertrophic, Familial","hypertrophic subaortic stenosis, idiopathic"
D024741,"Cardiomyopathy, Hypertrophic, Familial",obstructive asymmetric septal hypertrophy
D024741,"Cardiomyopathy, Hypertrophic, Familial","cardiomyopathy, hypertrophic, familial"
D024801,Tauopathies,tauopathies
D024821,Metabolic Syndrome,metabolic syndrome
D024821,Metabolic Syndrome,cardiometabolic syndrome
D025063,Chromosome Disorders,autosomal chromosome disorders
D025063,Chromosome Disorders,chromosome disorders
D025064,Sex Chromosome Disorders,sex chromosome disorders
D025241,Spondylarthritis,spondylarthritis
D025242,Spondylarthropathies,spondylarthropathies
D025861,"Blood Coagulation Disorders, Inherited","blood coagulation disorders, inherited"
D025962,Septo-Optic Dysplasia,septo-optic dysplasia
D025981,Hip Injuries,hip injuries
D026681,Vitamin B 6 Deficiency,pyridoxine deficiency
D026681,Vitamin B 6 Deficiency,vitamin b 6 deficiency
D027601,Polyomavirus Infections,polyomavirus infections
D028226,"Amyloidosis, Familial","amyloidosis, familial"
D028227,"Amyloid Neuropathies, Familial","amyloid neuropathies, familial"
D028227,"Amyloid Neuropathies, Familial","familial amyloid neuropathy, portuguese type"
D028227,"Amyloid Neuropathies, Familial","familial amyloid polyneuropathy, type v"
D028227,"Amyloid Neuropathies, Familial","amyloid polyneuropathy, swiss type"
D028227,"Amyloid Neuropathies, Familial","familial amyloid polyneuropathy, jewish type"
D028227,"Amyloid Neuropathies, Familial","familial amyloid polyneuropathy, appalachian type"
D028227,"Amyloid Neuropathies, Familial","familial amyloid polyneuropathy, type iv"
D028227,"Amyloid Neuropathies, Familial","amyloid polyneuropathy, british type"
D028227,"Amyloid Neuropathies, Familial","amyloid polyneuropathy, iowa type"
D028227,"Amyloid Neuropathies, Familial","familial amyloid polyneuropathy, type vi"
D028243,"Cerebral Amyloid Angiopathy, Familial","cerebral amyloid angiopathy, hereditary"
D028243,"Cerebral Amyloid Angiopathy, Familial","cerebral amyloid angiopathy, genetic"
D028243,"Cerebral Amyloid Angiopathy, Familial","cerebral amyloid angiopathy, familial"
D028243,"Cerebral Amyloid Angiopathy, Familial","hereditary cerebral amyloid angiopathy, icelandic type"
D028361,Mitochondrial Diseases,mitochondrial diseases
D028361,Mitochondrial Diseases,oxidative phosphorylation deficiencies
D028361,Mitochondrial Diseases,"respiratory chain deficiencies, mitochondrial"
D028361,Mitochondrial Diseases,mitochondrial defect
D028361,Mitochondrial Diseases,mitochondrial dysfunction
D028361,Mitochondrial Diseases,"electron transport chain deficiencies, mitochondrial"
D028921,Biotinidase Deficiency,biotinidase deficiency
D028922,Holocarboxylase Synthetase Deficiency,holocarboxylase synthetase deficiency
D029021,Peste-des-Petits-Ruminants,peste-des-petits-ruminants
D029241,"Optic Atrophy, Autosomal Dominant","optic atrophy, autosomal dominant"
D029242,"Optic Atrophy, Hereditary, Leber","optic atrophy, hereditary, leber"
D029424,"Pulmonary Disease, Chronic Obstructive","airflow obstruction, chronic"
D029424,"Pulmonary Disease, Chronic Obstructive","pulmonary disease, chronic obstructive"
D029461,Sialic Acid Storage Disease,salla disease
D029461,Sialic Acid Storage Disease,infantile sialic acid storage disease
D029461,Sialic Acid Storage Disease,sialic acid storage disease
D029481,"Bronchitis, Chronic","bronchitis, chronic"
D029502,"Anemia, Hypoplastic, Congenital","anemia, hypoplastic, congenital"
D029503,"Anemia, Diamond-Blackfan","anemia, diamond-blackfan"
D029593,Jervell-Lange Nielsen Syndrome,jervell and lange-nielsen syndrome 1
D029593,Jervell-Lange Nielsen Syndrome,jervell-lange nielsen syndrome
D029597,Romano-Ward Syndrome,romano-ward syndrome
D030243,"Hemorrhagic Syndrome, Bovine","hemorrhagic syndrome, bovine"
D030321,Denys-Drash Syndrome,denys-drash syndrome
D030341,Nidovirales Infections,nidovirales infections
D030342,"Genetic Diseases, Inborn",hereditary diseases
D030342,"Genetic Diseases, Inborn",single-gene defects
D030342,"Genetic Diseases, Inborn","genetic diseases, inborn"
D030361,Papillomavirus Infections,human papillomavirus infection
D030361,Papillomavirus Infections,papillomavirus infections
D030401,Cytochrome-c Oxidase Deficiency,cytochrome-c oxidase deficiency
D030981,Acro-Osteolysis,acro-osteolysis
D031221,Knee Dislocation,knee dislocation
D031222,Patellar Dislocation,patellar dislocation
D031249,Erdheim-Chester Disease,erdheim-chester disease
D031261,Poult Enteritis Mortality Syndrome,poult enteritis mortality syndrome
D031300,Retinal Vasculitis,retinal vasculitis
D031368,Zoster Sine Herpete,zoster sine herpete
D031845,Hajdu-Cheney Syndrome,hajdu-cheney syndrome
D031901,Gestational Trophoblastic Disease,gestational trophoblastic disease
D031901,Gestational Trophoblastic Disease,gestational trophoblastic neoplasia
D031941,"Hemorrhagic Septicemia, Viral","hemorrhagic septicemia, viral"
D031954,"Choriocarcinoma, Non-gestational","choriocarcinoma, non-gestational"
D034062,"Insomnia, Fatal Familial","insomnia, fatal familial"
D034081,"Wasting Disease, Chronic","wasting disease, chronic"
D034141,Hypoalbuminemia,hypoalbuminemia
D034161,Pelvic Infection,pelvic infection
D034381,Hearing Loss,"deafness, transitory"
D034381,Hearing Loss,hearing loss
D034701,"Mastocytosis, Cutaneous","mastocytosis, cutaneous"
D034701,"Mastocytosis, Cutaneous","mastocytosis, bullous"
D034701,"Mastocytosis, Cutaneous","mastocytosis, diffuse cutaneous"
D034721,"Mastocytosis, Systemic","mastocytosis, systemic"
D034721,"Mastocytosis, Systemic",indolent systemic mastocytosis
D034721,"Mastocytosis, Systemic",aggressive systemic mastocytosis
D034801,Mastocytoma,extracutaneous mastocytoma
D034801,Mastocytoma,mastocytoma
D036821,Endometrial Stromal Tumors,endometrial stromal tumors
D036821,Endometrial Stromal Tumors,"sarcoma, endometrial stromal, low-grade"
D036841,Ciguatera Poisoning,ciguatera poisoning
D036981,"Fasciitis, Plantar","fasciitis, plantar"
D036981,"Fasciitis, Plantar",heel spur syndrome
D036982,Heel Spur,heel spur
D037061,Metatarsalgia,metatarsalgia
D037081,Posterior Tibial Tendon Dysfunction,posterior tibial tendon dysfunction
D037081,Posterior Tibial Tendon Dysfunction,posterior tibial tendon insufficiency
D037801,Hammer Toe Syndrome,mallet toe
D037801,Hammer Toe Syndrome,claw toe
D037801,Hammer Toe Syndrome,hammer toe
D037801,Hammer Toe Syndrome,hammer toe syndrome
D038061,"Lower Extremity Deformities, Congenital","lower extremity deformities, congenital"
D038062,"Upper Extremity Deformities, Congenital","upper extremity deformities, congenital"
D038062,"Upper Extremity Deformities, Congenital",congenital hand and upper-limb anomaly
D038223,Post-Concussion Syndrome,post-concussion syndrome
D038223,Post-Concussion Syndrome,"post-concussive syndrome, chronic"
D038261,Alexander Disease,alexander disease
D038642,Shaken Baby Syndrome,shaken baby syndrome
D038901,X-Linked Intellectual Disability,x-linked intellectual disability
D038921,Coffin-Lowry Syndrome,coffin-lowry syndrome
D039141,"Muscular Dystrophy, Oculopharyngeal","muscular dystrophy, oculopharyngeal"
D039682,HIV-Associated Lipodystrophy Syndrome,hiv-associated lipodystrophy syndrome
D039941,Bifidobacteriales Infections,bifidobacteriales infections
D040181,"Genetic Diseases, X-Linked","genetic diseases, x-linked"
D041441,Retinoschisis,"retinoschisis, juvenile, x-linked"
D041441,Retinoschisis,retinoschisis
D041441,Retinoschisis,"retinoschisis, degenerative"
D041761,Cholecystolithiasis,cholecystolithiasis
D041881,"Cholecystitis, Acute","cholecystitis, acute"
D041882,Emphysematous Cholecystitis,emphysematous cholecystitis
D042101,Acalculous Cholecystitis,acalculous cholecystitis
D042882,Gallstones,gallstones
D042882,Gallstones,common bile duct calculi
D042883,Choledocholithiasis,choledocholithiasis
D043183,Irritable Bowel Syndrome,irritable bowel syndrome
D043202,"Steroid Metabolism, Inborn Errors","steroid metabolism, inborn errors"
D043204,"Mineralocorticoid Excess Syndrome, Apparent","mineralocorticoid excess syndrome, apparent"
D043604,Glomus Tympanicum Tumor,glomus tympanicum tumor
D043963,"Diverticulosis, Colonic","diverticulosis, colonic"
D044148,Lymphatic Abnormalities,lymphatic abnormalities
D044225,Piscirickettsiaceae Infections,piscirickettsiaceae infections
D044342,Malnutrition,malnutrition
D044343,Overnutrition,overnutrition
D044483,Intestinal Polyposis,intestinal polyposis
D044504,"Enterocolitis, Neutropenic","enterocolitis, neutropenic"
D044542,LEOPARD Syndrome,"leopard syndrome, 1"
D044542,LEOPARD Syndrome,leopard syndrome
D044584,"Carcinoma, Ductal","carcinoma, ductal"
D044882,Glucose Metabolism Disorders,glucose metabolism disorders
D044903,Congenital Hyperinsulinism,congenital hyperinsulinism
D044903,Congenital Hyperinsulinism,familial hyperinsulinemic hypoglycemia 1
D044903,Congenital Hyperinsulinism,"hyperinsulinemic hypoglycemia, familial, 2"
D044904,Mannosidase Deficiency Diseases,mannosidase deficiency diseases
D044905,beta-Mannosidosis,beta-mannosidosis
D045169,Severe Acute Respiratory Syndrome,severe acute respiratory syndrome
D045463,Avulavirus Infections,avulavirus infections
D045464,Henipavirus Infections,nipah virus infection
D045464,Henipavirus Infections,hendra virus infections
D045464,Henipavirus Infections,nipah virus encephalitis
D045464,Henipavirus Infections,henipavirus infections
D045602,Steatorrhea,steatorrhea
D045723,"Diverticulosis, Esophageal","diverticulosis, esophageal"
D045724,"Diverticulosis, Stomach","diverticulosis, stomach"
D045729,"Pneumonia of Swine, Mycoplasmal","pneumonia of swine, mycoplasmal"
D045743,"Scleroderma, Diffuse","scleroderma, diffuse"
D045745,"Scleroderma, Limited","scleroderma, limited"
D045822,Intestinal Volvulus,intestinal volvulus
D045823,Ileus,ileus
D045824,Desulfovibrionaceae Infections,lawsonia infections
D045824,Desulfovibrionaceae Infections,bilophila infections
D045824,Desulfovibrionaceae Infections,desulfovibrionaceae infections
D045824,Desulfovibrionaceae Infections,desulfovibrio infections
D045825,Fusobacteriaceae Infections,fusobacteriaceae infections
D045826,Flavobacteriaceae Infections,flavobacteriaceae infections
D045827,Cytophagaceae Infections,cytophagaceae infections
D045828,Moraxellaceae Infections,moraxellaceae infections
D045828,Moraxellaceae Infections,moraxella infections
D045828,Moraxellaceae Infections,psychobacter infections
D045888,Ganglion Cysts,ganglion cysts
D045908,"Mpox, Monkeypox","mpox, monkeypox"
D046088,"Hearing Loss, Unilateral","hearing loss, unilateral"
D046088,"Hearing Loss, Unilateral","deafness, unilateral"
D046089,"Hearing Loss, Mixed Conductive-Sensorineural","hearing loss, mixed conductive-sensorineural"
D046110,"Hypertension, Pregnancy-Induced","transient hypertension, pregnancy"
D046110,"Hypertension, Pregnancy-Induced","hypertension, pregnancy-induced"
D046150,Laron Syndrome,laron syndrome
D046151,Lingual Thyroid,lingual thyroid
D046152,Gastrointestinal Stromal Tumors,gastrointestinal stromal tumors
D046152,Gastrointestinal Stromal Tumors,gastrointestinal stromal sarcoma
D046248,"Pyloric Stenosis, Hypertrophic","pyloric stenosis, hypertrophic"
D046248,"Pyloric Stenosis, Hypertrophic",idiopathic hypertrophic pyloric stenosis
D046248,"Pyloric Stenosis, Hypertrophic",infantile hypertrophic pyloric stenosis
D046290,"Liver Abscess, Pyogenic","liver abscess, pyogenic"
D046349,"Coproporphyria, Hereditary","coproporphyria, hereditary"
D046350,"Porphyria, Variegate","porphyria, variegate"
D046351,"Protoporphyria, Erythropoietic",ferrochelatase deficiency
D046351,"Protoporphyria, Erythropoietic","protoporphyria, erythropoietic"
D046548,Pubic Symphysis Diastasis,pubic symphysis diastasis
D046589,CADASIL,cadasil
D046589,CADASIL,cadasilm
D046608,Synkinesis,synkinesis
D046628,Sphincter of Oddi Dysfunction,sphincter of oddi dyskinesia
D046628,Sphincter of Oddi Dysfunction,sphincter of oddi stenosis
D046628,Sphincter of Oddi Dysfunction,sphincter of oddi dysfunction
D046648,"Hematoma, Subdural, Intracranial","intracranial subdural hematoma, traumatic"
D046648,"Hematoma, Subdural, Intracranial","hematoma, subdural, intracranial"
D046728,"Colitis, Microscopic","colitis, microscopic"
D046729,"Colitis, Collagenous","colitis, collagenous"
D046730,"Colitis, Lymphocytic","colitis, lymphocytic"
D046768,Nesidioblastosis,nesidioblastosis
D046788,Patellofemoral Pain Syndrome,patellofemoral pain syndrome
D046788,Patellofemoral Pain Syndrome,patellofemoral pain
D046789,Chondromalacia Patellae,chondromalacia patellae
D047268,Lingual Goiter,lingual goiter
D047489,Preconception Injuries,preconception injuries
D047508,Massive Hepatic Necrosis,drug-induced hepatic necrosis
D047508,Massive Hepatic Necrosis,fulminant hepatitis
D047508,Massive Hepatic Necrosis,massive hepatic necrosis
D047508,Massive Hepatic Necrosis,submassive hepatic necrosis
D047688,Breast Cyst,breast cyst
D047708,Myofibroma,myofibroma
D047728,"Myopia, Degenerative","myopia, degenerative"
D047728,"Myopia, Degenerative","myopia, progressive"
D047748,Pituitary ACTH Hypersecretion,pituitary acth hypersecretion
D047748,Pituitary ACTH Hypersecretion,inappropriate acth secretion syndrome
D047808,Adrenogenital Syndrome,adrenogenital syndrome
D047868,Pulmonary Sclerosing Hemangioma,pulmonary sclerosing hemangioma
D047928,Premature Birth,premature birth
D048070,Fetal Nutrition Disorders,fetal malnutrition
D048070,Fetal Nutrition Disorders,fetal nutrition disorders
D048089,"Pneumonia of Calves, Enzootic","pneumonia of calves, enzootic"
D048090,Bovine Respiratory Disease Complex,bovine respiratory disease complex
D048550,Hepatic Insufficiency,hepatic insufficiency
D048909,Diabetes Complications,diabetes complications
D048968,Morning Sickness,morning sickness
D049068,"Plagiocephaly, Nonsynostotic","plagiocephaly, nonsynostotic"
D049188,Prenatal Injuries,prenatal injuries
D049248,Decapitation,decapitation
D049288,"Muscular Dystrophies, Limb-Girdle","muscular dystrophies, limb-girdle"
D049290,"Tay-Sachs Disease, AB Variant","tay-sachs disease, ab variant"
D049309,Acanthoma,"acanthoma, clear cell"
D049309,Acanthoma,acanthoma
D049309,Acanthoma,"acanthoma, pilar sheath"
D049310,Distal Myopathies,distal myopathy 1
D049310,Distal Myopathies,tibial muscular dystrophy
D049310,Distal Myopathies,welander distal myopathy
D049310,Distal Myopathies,distal myopathies
D049310,Distal Myopathies,"tibial muscular dystrophy, tardive"
D049328,Mongolian Spot,mongolian spot
D049912,Growth Hormone-Secreting Pituitary Adenoma,growth hormone-secreting pituitary adenoma
D049912,Growth Hormone-Secreting Pituitary Adenoma,"somatotrophinoma, familial"
D049913,ACTH-Secreting Pituitary Adenoma,acth-secreting pituitary adenoma
D049914,DNA Repair-Deficiency Disorders,dna repair-deficiency disorders
D049914,DNA Repair-Deficiency Disorders,dna repair-deficiency
D049914,DNA Repair-Deficiency Disorders,chromosome instability syndromes
D049932,Nijmegen Breakage Syndrome,nijmegen breakage syndrome
D049950,"Hyperparathyroidism, Primary","hyperparathyroidism, primary"
D049970,Graves Ophthalmopathy,myopathic ophthalmopathy
D049970,Graves Ophthalmopathy,congestive ophthalmopathy
D049970,Graves Ophthalmopathy,graves ophthalmopathy
D050010,"Hyperthyroxinemia, Familial Dysalbuminemic","hyperthyroxinemia, familial dysalbuminemic"
D050030,Andersen Syndrome,andersen syndrome
D050031,Hashimoto Disease,hashimoto disease
D050032,Postpartum Thyroiditis,postpartum thyroiditis
D050033,Thyroid Dysgenesis,thyroid agenesis
D050033,Thyroid Dysgenesis,"thyroid, ectopic"
D050033,Thyroid Dysgenesis,thyroid hypoplasia
D050033,Thyroid Dysgenesis,thyroid dysgenesis
D050035,Sexual Infantilism,genital infantilism
D050035,Sexual Infantilism,sexual infantilism
D050072,White Heifer Disease,white heifer disease
D050090,Ovotesticular Disorders of Sex Development,familial xx true hermaphroditism
D050090,Ovotesticular Disorders of Sex Development,ovotesticular disorders of sex development
D050090,Ovotesticular Disorders of Sex Development,"hermaphroditism, true"
D050171,Dyslipidemias,dyslipoproteinemias
D050171,Dyslipidemias,dyslipidemias
D050174,"Genetic Diseases, Y-Linked","genetic diseases, y-linked"
D050177,Overweight,overweight
D050197,Atherosclerosis,atherosclerosis
D050197,Atherosclerosis,atherogenesis
D050336,Mulibrey Nanism,mulibrey nanism
D050379,Arteriolosclerosis,arteriolosclerosis
D050380,Monckeberg Medial Calcific Sclerosis,monckeberg medial calcific sclerosis
D050398,Adamantinoma,adamantinoma
D050488,Hallux Varus,hallux varus
D050488,Hallux Varus,metatarsus primus varus
D050489,"Bunion, Tailor's","bunion, tailor's"
D050497,Stillbirth,stillbirth
D050500,"Pancreatitis, Chronic","pancreatitis, chronic"
D050723,"Fractures, Bone","fractures, bone"
D050723,"Fractures, Bone",spiral fractures
D050724,"Fractures, Cartilage","fractures, cartilage"
D050738,Mesomycetozoea Infections,mesomycetozoea infections
D050798,SUNCT Syndrome,sunct syndrome
D050805,Wandering Spleen,wandering spleen
D050815,"Fractures, Compression","fractures, compression"
D051261,"Granulomatosis, Orofacial","granulomatosis, orofacial"
D051270,"Headache Disorders, Primary",primary stabbing headache
D051270,"Headache Disorders, Primary",primary thunderclap headache
D051270,"Headache Disorders, Primary",primary cough headache
D051270,"Headache Disorders, Primary",hypnic headache
D051270,"Headache Disorders, Primary","headache disorders, primary"
D051270,"Headache Disorders, Primary",primary exertional headache
D051271,"Headache Disorders, Secondary","headache disorders, secondary"
D051271,"Headache Disorders, Secondary",analgesic rebound headache
D051271,"Headache Disorders, Secondary",analgesic overuse headache
D051298,Post-Traumatic Headache,post-traumatic headache
D051298,Post-Traumatic Headache,cervicogenic headache
D051299,Post-Dural Puncture Headache,post-lumbar puncture headache
D051299,Post-Dural Puncture Headache,post-dural puncture headache
D051302,Paroxysmal Hemicrania,chronic paroxysmal hemicrania
D051302,Paroxysmal Hemicrania,episodic paroxysmal hemicrania
D051302,Paroxysmal Hemicrania,paroxysmal hemicrania
D051303,Trigeminal Autonomic Cephalalgias,trigeminal autonomic cephalalgias
D051359,"Lymphohistiocytosis, Hemophagocytic",reactive hemophagocytic syndrome
D051359,"Lymphohistiocytosis, Hemophagocytic","lymphohistiocytosis, hemophagocytic"
D051359,"Lymphohistiocytosis, Hemophagocytic",familial hemophagocytic lymphocytosis
D051359,"Lymphohistiocytosis, Hemophagocytic","hemophagocytic lymphohistiocytosis, familial, 1"
D051359,"Lymphohistiocytosis, Hemophagocytic",hemophagocytic syndromes
D051436,"Renal Insufficiency, Chronic",chronic kidney diseases
D051436,"Renal Insufficiency, Chronic","renal insufficiency, chronic"
D051437,Renal Insufficiency,renal insufficiency
D051437,Renal Insufficiency,kidney failure
D051474,"Neuralgia, Postherpetic","neuralgia, postherpetic"
D051516,Hemospermia,hemospermia
D051527,"Odontogenic Tumor, Squamous","odontogenic tumor, squamous"
D051556,"Hyperbilirubinemia, Neonatal","indirect hyperbilirubinemia, neonatal"
D051556,"Hyperbilirubinemia, Neonatal","direct hyperbilirubinemia, neonatal"
D051556,"Hyperbilirubinemia, Neonatal","hyperbilirubinemia, neonatal"
D051642,Histiocytoma,histiocytoma
D051677,"Histiocytoma, Malignant Fibrous","histiocytoma, malignant fibrous"
D051677,"Histiocytoma, Malignant Fibrous",pleomorphic malignant fibrous histiocytoma
D052016,Mucositis,mucositis
D052065,Vaginismus,vaginismus
D052120,Glycogen Storage Disease Type IIb,glycogen storage disease type iib
D052159,Frasier Syndrome,frasier syndrome
D052177,"Kidney Diseases, Cystic","kidney, cystic"
D052177,"Kidney Diseases, Cystic","kidney diseases, cystic"
D052178,Cephalopelvic Disproportion,cephalopelvic disproportion
D052202,Hydrocolpos,hydrocolpos
D052245,Usher Syndromes,"usher syndrome, type iii"
D052245,Usher Syndromes,"usher syndrome, type i"
D052245,Usher Syndromes,"usher syndrome, type ii"
D052245,Usher Syndromes,usher syndromes
D052256,Tendinopathy,tendinopathy
D052256,Tendinopathy,tendinosis
D052256,Tendinopathy,tendinitis
D052439,Lipid Metabolism Disorders,lipid metabolism disorders
D052456,Hypoalphalipoproteinemias,hypoalphalipoproteinemias
D052456,Hypoalphalipoproteinemias,"hypoalphalipoproteinemia, familial"
D052476,"Hypobetalipoproteinemia, Familial, Apolipoprotein B","hypobetalipoproteinemia, familial, apolipoprotein b"
D052496,"Lipodystrophy, Familial Partial","familial partial lipodystrophy, type 2"
D052496,"Lipodystrophy, Familial Partial","lipodystrophy, familial partial"
D052496,"Lipodystrophy, Familial Partial","familial partial lipodystrophy, type 1"
D052496,"Lipodystrophy, Familial Partial","familial partial lipodystrophy, type 3"
D052497,"Lipodystrophy, Congenital Generalized","lipodystrophy, congenital generalized"
D052497,"Lipodystrophy, Congenital Generalized",congenital generalized lipodystrophy type 2
D052497,"Lipodystrophy, Congenital Generalized",congenital generalized lipodystrophy type 1
D052516,Sulfatidosis,sulfatidosis
D052517,Multiple Sulfatase Deficiency Disease,"sulfatidosis, juvenile, austin type"
D052517,Multiple Sulfatase Deficiency Disease,multiple sulfatase deficiency disease
D052536,"Niemann-Pick Disease, Type A","niemann-pick disease, type a"
D052537,"Niemann-Pick Disease, Type B","niemann-pick disease, type e"
D052537,"Niemann-Pick Disease, Type B","niemann-pick disease, type b"
D052556,"Niemann-Pick Disease, Type C","niemann-pick disease, type d"
D052556,"Niemann-Pick Disease, Type C","niemann-pick disease, type c1"
D052556,"Niemann-Pick Disease, Type C","niemann-pick disease, type c"
D052582,Trigger Finger Disorder,trigger finger disorder
D052582,Trigger Finger Disorder,trigger thumb
D052776,Female Urogenital Diseases,female urogenital diseases
D052798,Balanitis Xerotica Obliterans,balanitis xerotica obliterans
D052801,Male Urogenital Diseases,male urogenital diseases
D052858,Cystocele,cystocele
D052878,Urolithiasis,urolithiasis
D052879,Subacute Combined Degeneration,subacute combined degeneration
D052880,Pyomyositis,tropical myositis
D052880,Pyomyositis,pyomyositis
D052919,"Refsum Disease, Infantile","refsum disease, infantile"
D052958,Tarlov Cysts,tarlov cysts
D053018,Pyonephrosis,pyonephrosis
D053039,Ureterolithiasis,ureterolithiasis
D053040,Nephrolithiasis,nephrolithiasis
D053098,Familial Hypophosphatemic Rickets,"vitamin d-resistant rickets, x-linked"
D053098,Familial Hypophosphatemic Rickets,"hypophosphatemic rickets, x-linked dominant"
D053098,Familial Hypophosphatemic Rickets,"rickets, x-linked hypophosphatemic"
D053098,Familial Hypophosphatemic Rickets,"hypophosphatemic rickets, x-linked recessive"
D053098,Familial Hypophosphatemic Rickets,familial hypophosphatemic rickets
D053099,Azotemia,azotemia
D053120,Respiratory Aspiration,respiratory aspiration
D053120,Respiratory Aspiration,foreign body aspiration
D053201,"Urinary Bladder, Overactive","urinary bladder, overactive"
D053201,"Urinary Bladder, Overactive",overactive detrusor
D053202,"Urinary Incontinence, Urge","urinary incontinence, urge"
D053206,Nocturnal Enuresis,nocturnal enuresis
D053207,Diurnal Enuresis,diurnal enuresis
D053306,Hyper-IgM Immunodeficiency Syndrome,"hyper-igm immunodeficiency syndrome, type 3"
D053306,Hyper-IgM Immunodeficiency Syndrome,"hyper-igm immunodeficiency syndrome, type 2"
D053306,Hyper-IgM Immunodeficiency Syndrome,hyper-igm immunodeficiency syndrome
D053306,Hyper-IgM Immunodeficiency Syndrome,"hyper-igm immunodeficiency syndrome, type 5"
D053307,"Hyper-IgM Immunodeficiency Syndrome, Type 1","hyper-igm immunodeficiency syndrome, type 1"
D053358,"Ectodermal Dysplasia 1, Anhidrotic","ectodermal dysplasia 1, anhidrotic"
D053359,"Ectodermal Dysplasia 3, Anhidrotic","ectodermal dysplasia 3, anhidrotic"
D053360,"Ectodermal Dysplasia, Hypohidrotic, Autosomal Recessive","ectodermal dysplasia, hypohidrotic, autosomal recessive"
D053421,Hand-Arm Vibration Syndrome,hand-arm vibration syndrome
D053489,Mink Viral Enteritis,mink viral enteritis
D053529,"Leukokeratosis, Hereditary Mucosal","leukokeratosis, hereditary mucosal"
D053546,"Keratoderma, Palmoplantar, Epidermolytic","keratoderma, palmoplantar, epidermolytic"
D053546,"Keratoderma, Palmoplantar, Epidermolytic",keratosis of greither
D053546,"Keratoderma, Palmoplantar, Epidermolytic",epidermolytic palmoplantar keratoderma vorner type
D053549,Pachyonychia Congenita,"pachyonychia congenita, type 1"
D053549,Pachyonychia Congenita,pachyonychia congenita
D053549,Pachyonychia Congenita,"pachyonychia congenita, type 2"
D053559,"Corneal Dystrophy, Juvenile Epithelial of Meesmann","corneal dystrophy, juvenile epithelial of meesmann"
D053560,Ichthyosis Bullosa of Siemens,ichthyosis bullosa of siemens
D053570,Porcine Postweaning Multisystemic Wasting Syndrome,porcine postweaning multisystemic wasting syndrome
D053578,Opsoclonus-Myoclonus Syndrome,paraneoplastic opsoclonus-myoclonus ataxia
D053578,Opsoclonus-Myoclonus Syndrome,opsoclonus-myoclonus syndrome
D053578,Opsoclonus-Myoclonus Syndrome,kinsbourne syndrome
D053579,Gitelman Syndrome,gitelman syndrome
D053589,Nuchal Cord,single nuchal cord
D053589,Nuchal Cord,triple nuchal cord
D053589,Nuchal Cord,nuchal cord
D053589,Nuchal Cord,quadruple nuchal cord
D053589,Nuchal Cord,double nuchal cord
D053608,Stupor,stupor
D053608,Stupor,narcosis
D053609,Lethargy,lethargy
D053627,Asthenozoospermia,asthenozoospermia
D053632,X-Linked Combined Immunodeficiency Diseases,x-linked combined immunodeficiency diseases
D053653,Pyelocystitis,pyelocystitis
D053682,Tendon Entrapment,tendon entrapment
D053684,De Quervain Disease,de quervain disease
D053706,Typhlitis,neutropenic typhlitis
D053706,Typhlitis,typhlitis
D053713,Azoospermia,azoospermia
D053714,Aspermia,aspermia
D053717,"Pneumonia, Ventilator-Associated","pneumonia, ventilator-associated"
D053718,Scleromyxedema,lichen myxedematosus
D053718,Scleromyxedema,scleromyxedema
D053821,Cardiovascular Infections,cardiovascular infections
D053840,Brugada Syndrome,brugada ecg pattern
D053840,Brugada Syndrome,brugada syndrome 1
D053840,Brugada Syndrome,brugada syndrome
D054000,"Nevus, Sebaceous of Jadassohn",organoid nevus phakomatosis
D054000,"Nevus, Sebaceous of Jadassohn","nevus, sebaceous of jadassohn"
D054000,"Nevus, Sebaceous of Jadassohn",verrucous nevus
D054000,"Nevus, Sebaceous of Jadassohn",linear verrucous epidermal nevus
D054000,"Nevus, Sebaceous of Jadassohn",inflammatory linear verrucose epidermal nevus
D054019,Immune Reconstitution Inflammatory Syndrome,immune reconstitution inflammatory syndrome
D054038,Posterior Leukoencephalopathy Syndrome,posterior leukoencephalopathy syndrome
D054038,Posterior Leukoencephalopathy Syndrome,reversible posterior leukoencephalopathy syndrome
D054039,Onycholysis,photo-onycholysis
D054039,Onycholysis,onycholysis
D054058,Acute Coronary Syndrome,acute coronary syndrome
D054059,Coronary Occlusion,coronary occlusion
D054060,Pulmonary Infarction,pulmonary infarction
D054061,Ischemic Contracture,ischemic contracture
D054062,Deaf-Blind Disorders,prelingual deafness-blindness
D054062,Deaf-Blind Disorders,deaf-blind syndromes
D054062,Deaf-Blind Disorders,deaf-blind disorders
D054066,"Leukemia, Large Granular Lymphocytic","leukemia, t-cell large granular lymphocytic"
D054066,"Leukemia, Large Granular Lymphocytic","leukemia, natural killer cell large granular lymphocytic"
D054066,"Leukemia, Large Granular Lymphocytic","leukemia, large granular lymphocytic"
D054067,Dihydropyrimidine Dehydrogenase Deficiency,dihydropyrimidine dehydrogenase deficiency
D054067,Dihydropyrimidine Dehydrogenase Deficiency,dihydropyrimidinuria
D054068,Livedo Reticularis,livedo racemosa
D054068,Livedo Reticularis,livedo reticularis
D054068,Livedo Reticularis,cutis marmorata
D054069,Multiple Acyl Coenzyme A Dehydrogenase Deficiency,glutaric aciduria iia
D054069,Multiple Acyl Coenzyme A Dehydrogenase Deficiency,glutaric aciduria iib
D054069,Multiple Acyl Coenzyme A Dehydrogenase Deficiency,glutaric aciduria iic
D054069,Multiple Acyl Coenzyme A Dehydrogenase Deficiency,multiple acyl coenzyme a dehydrogenase deficiency
D054070,Postthrombotic Syndrome,postthrombotic syndrome
D054078,Mevalonate Kinase Deficiency,hyperimmunoglobulinemia d
D054078,Mevalonate Kinase Deficiency,mevalonic aciduria
D054078,Mevalonate Kinase Deficiency,mevalonate kinase deficiency
D054079,Vascular Malformations,vascular malformations
D054080,Vein of Galen Malformations,vein of galen malformations
D054081,"Malformations of Cortical Development, Group II","malformations of cortical development, group ii"
D054082,Lissencephaly,agyria
D054082,Lissencephaly,lissencephaly
D054082,Lissencephaly,pachygyria
D054083,Ectopia Cordis,ectopia cordis
D054084,Myocardial Bridging,myocardial bridging
D054091,Periventricular Nodular Heterotopia,"periventricular heterotopia, x-linked"
D054091,Periventricular Nodular Heterotopia,periventricular nodular heterotopia
D054091,Periventricular Nodular Heterotopia,bilateral periventricular nodular heterotopia
D054092,"Foramen Ovale, Patent","foramen ovale, patent"
D054098,"Thrombocytopenia, Neonatal Alloimmune","thrombocytopenia, neonatal alloimmune"
D054119,Arachnodactyly,arachnodactyly
D054138,"Sinus Arrest, Cardiac","sinus arrest, cardiac"
D054139,"Tachycardia, Reciprocating","tachycardia, reciprocating"
D054141,Ventricular Flutter,ventricular flutter
D054143,"Heart Failure, Systolic","heart failure, systolic"
D054144,"Heart Failure, Diastolic","heart failure, diastolic"
D054179,"Angioedemas, Hereditary","angioedemas, hereditary"
D054198,Precursor Cell Lymphoblastic Leukemia-Lymphoma,precursor cell lymphoblastic leukemia-lymphoma
D054198,Precursor Cell Lymphoblastic Leukemia-Lymphoma,"leukemia, lymphocytic, acute, l1"
D054198,Precursor Cell Lymphoblastic Leukemia-Lymphoma,"leukemia, lymphocytic, acute, l2"
D054218,Precursor T-Cell Lymphoblastic Leukemia-Lymphoma,precursor t-cell lymphoblastic leukemia-lymphoma
D054219,"Neoplasms, Plasma Cell","neoplasms, plasma cell"
D054220,Malformations of Cortical Development,cortical dysplasia
D054220,Malformations of Cortical Development,generalized cortical dysplasia
D054220,Malformations of Cortical Development,malformations of cortical development
D054221,Classical Lissencephalies and Subcortical Band Heterotopias,"lissencephaly, x-linked, 1"
D054221,Classical Lissencephalies and Subcortical Band Heterotopias,subcortical band heterotopia
D054221,Classical Lissencephalies and Subcortical Band Heterotopias,"lissencephalies, classical"
D054221,Classical Lissencephalies and Subcortical Band Heterotopias,x-linked lissencephaly
D054221,Classical Lissencephalies and Subcortical Band Heterotopias,classical lissencephalies and subcortical band heterotopias
D054221,Classical Lissencephalies and Subcortical Band Heterotopias,"lissencephaly syndrome, miller-dieker"
D054222,Cobblestone Lissencephaly,cobblestone lissencephaly
D054222,Cobblestone Lissencephaly,cobblestone complex
D054243,Vesicular Stomatitis,vesicular stomatitis
D054312,Buruli Ulcer,buruli ulcer
D054319,Marchiafava-Bignami Disease,marchiafava-bignami disease
D054331,Sertoli Cell-Only Syndrome,sertoli cell-only syndrome
D054363,"Solitary Fibrous Tumor, Pleural","solitary fibrous tumor, pleural"
D054364,Solitary Fibrous Tumors,solitary fibrous tumors
D054391,"Lymphoma, Extranodal NK-T-Cell","extranodal nk-t-cell lymphoma, nasal and nasal-type"
D054391,"Lymphoma, Extranodal NK-T-Cell","lymphoma, extranodal nk-t-cell"
D054403,"Leukemia, Prolymphocytic, B-Cell","leukemia, prolymphocytic, b-cell"
D054429,"Leukemia, Myelomonocytic, Juvenile","leukemia, myelomonocytic, juvenile"
D054437,Myelodysplastic-Myeloproliferative Diseases,myelodysplastic-myeloproliferative diseases
D054438,"Leukemia, Myeloid, Chronic, Atypical, BCR-ABL Negative","leukemia, myeloid, chronic, atypical, bcr-abl negative"
D054446,"Lymphoma, Primary Cutaneous Anaplastic Large Cell","lymphoma, primary cutaneous anaplastic large cell"
D054463,Trichothiodystrophy Syndromes,ibids syndrome
D054463,Trichothiodystrophy Syndromes,trichothiodystrophy syndromes
D054463,Trichothiodystrophy Syndromes,photosensitive trichothiodystrophy
D054463,Trichothiodystrophy Syndromes,"trichothiodystrophy, nonphotosensitive 1"
D054463,Trichothiodystrophy Syndromes,amish brittle hair brain syndrome
D054506,Chloracne,chloracne
D054508,Acute Radiation Syndrome,acute radiation syndrome
D054514,Persistent Hyperplastic Primary Vitreous,persistent hyperplastic primary vitreous
D054515,Vulvar Vestibulitis,vulvar vestibulitis
D054517,Orbital Cellulitis,periorbital cellulitis
D054517,Orbital Cellulitis,orbital cellulitis
D054537,Atrioventricular Block,atrioventricular block
D054546,Neuroacanthocytosis,neuroacanthocytosis
D054549,Takotsubo Cardiomyopathy,takotsubo cardiomyopathy
D054556,Venous Thromboembolism,venous thromboembolism
D054559,Hyperphosphatemia,hyperphosphatemia
D054685,"Lymphoma, Primary Effusion","lymphoma, primary effusion"
D054705,"Mastocytoma, Skin","mastocytoma, skin"
D054739,"Dendritic Cell Sarcoma, Interdigitating","dendritic cell sarcoma, interdigitating"
D054740,"Dendritic Cell Sarcoma, Follicular","dendritic cell sarcoma, follicular"
D054747,Histiocytic Sarcoma,"histiocytosis, malignant"
D054747,Histiocytic Sarcoma,histiocytic sarcoma
D054752,Langerhans Cell Sarcoma,langerhans cell sarcoma
D054850,Osteophyte,osteophyte
D054853,Malignant Atrophic Papulosis,malignant atrophic papulosis
D054853,Malignant Atrophic Papulosis,erythrokeratoderma en cocardes
D054868,Jacobsen Distal 11q Deletion Syndrome,paris-trousseau thrombocytopenia
D054868,Jacobsen Distal 11q Deletion Syndrome,jacobsen distal 11q deletion syndrome
D054877,Wolf-Hirschhorn Syndrome,pitt-rogers-danks syndrome
D054877,Wolf-Hirschhorn Syndrome,wolf-hirschhorn syndrome
D054880,Aspartylglucosaminuria,aspartylglucosaminuria
D054882,Antley-Bixler Syndrome Phenotype,"antley-bixler syndrome, autosomal dominant"
D054882,Antley-Bixler Syndrome Phenotype,antley-bixler syndrome
D054882,Antley-Bixler Syndrome Phenotype,antley-bixler syndrome phenotype
D054882,Antley-Bixler Syndrome Phenotype,"antley-bixler syndrome, autosomal recessive"
D054908,Extensively Drug-Resistant Tuberculosis,extensively drug-resistant tuberculosis
D054969,Primary Dysautonomias,primary dysautonomias
D054970,Pure Autonomic Failure,pure autonomic failure
D054971,Orthostatic Intolerance,orthostatic intolerance
D054972,Postural Orthostatic Tachycardia Syndrome,postural orthostatic tachycardia syndrome
D054973,Perivascular Epithelioid Cell Neoplasms,perivascular epithelioid cell neoplasms
D054973,Perivascular Epithelioid Cell Neoplasms,clear-cell sugar tumors
D054973,Perivascular Epithelioid Cell Neoplasms,clear-cell myomelanocytic tumors
D054975,Pallister-Hall Syndrome,pallister-hall syndrome
D054988,Idiopathic Interstitial Pneumonias,idiopathic interstitial pneumonias
D054989,Nephrogenic Fibrosing Dermopathy,nephrogenic fibrosing dermopathy
D054990,Idiopathic Pulmonary Fibrosis,familial idiopathic pulmonary fibrosis
D054990,Idiopathic Pulmonary Fibrosis,idiopathic pulmonary fibrosis
D054990,Idiopathic Pulmonary Fibrosis,usual interstitial pneumonia
D055008,Anthracosis,anthracosis
D055009,Spondylosis,cervical spondylosis
D055009,Spondylosis,spondylosis
D055009,Spondylosis,thoracic spondylosis
D055009,Spondylosis,spondylosis deformans
D055009,Spondylosis,lumbarsacral spondylosis
D055010,Posterior Cervical Sympathetic Syndrome,posterior cervical sympathetic syndrome
D055013,"Osteoarthritis, Spine","osteoarthritis, spine"
D055013,"Osteoarthritis, Spine",lumbar osteoarthritis
D055031,Primary Graft Dysfunction,primary graft dysfunction
D055034,Osteochondrosis,osteochondrosis
D055034,Osteochondrosis,koehler disease
D055034,Osteochondrosis,osgood-schlatter disease
D055035,Spinal Osteochondrosis,spinal osteochondrosis
D055036,Campomelic Dysplasia,acampomelic campomelic dysplasia
D055036,Campomelic Dysplasia,campomelic dysplasia
D055089,Tracheobronchomalacia,tracheobronchomalacia
D055090,Tracheomalacia,tracheomalacia
D055091,Bronchomalacia,bronchomalacia
D055092,Laryngomalacia,laryngomalacia
D055093,Periodontal Atrophy,gingivo-osseous atrophy
D055093,Periodontal Atrophy,periodontal atrophy
D055112,Pyometra,pyometra
D055113,Chronic Periodontitis,chronic periodontitis
D055154,Dysphonia,spastic dysphonia
D055154,Dysphonia,hyperkinetic dysphonia
D055154,Dysphonia,"spastic dysphonia, neurologic adducter"
D055154,Dysphonia,organic tremor dysphonia
D055154,Dysphonia,dysphonia
D055331,Adenomyoepithelioma,adenomyoepithelioma
D055370,Lung Injury,chronic lung injury
D055370,Lung Injury,lung injury
D055370,Lung Injury,e-cigarette or vaping product use-associated lung injury
D055371,Acute Lung Injury,acute lung injury
D055397,Ventilator-Induced Lung Injury,ventilator-induced lung injury
D055496,Neurogenic Bowel,neurogenic bowel
D055499,Catheter-Related Infections,catheter-related infections
D055501,Macrophage Activation Syndrome,macrophage activation syndrome
D055534,"Bulbo-Spinal Atrophy, X-Linked","bulbo-spinal atrophy, x-linked"
D055535,Morgellons Disease,morgellons disease
D055538,delta-Thalassemia,delta-thalassemia
D055577,Farber Lipogranulomatosis,farber lipogranulomatosis
D055589,"Pancreatitis, Graft","pancreatitis, graft"
D055613,Multiple Pulmonary Nodules,multiple pulmonary nodules
D055622,Orbital Myositis,orbital myositis
D055623,"Keratosis, Actinic","keratosis, actinic"
D055652,Gray Platelet Syndrome,platelet alpha-granule deficiency
D055652,Gray Platelet Syndrome,gray platelet syndrome
D055653,Muir-Torre Syndrome,muir-torre syndrome
D055665,Purpura Fulminans,purpura fulminans
D055673,Acrocallosal Syndrome,acrocallosal syndrome
D055677,Refeeding Syndrome,refeeding syndrome
D055728,Primary Myelofibrosis,primary myelofibrosis
D055732,Pulmonary Aspergillosis,pulmonary aspergillosis
D055732,Pulmonary Aspergillosis,bronchopulmonary aspergillosis
D055744,Invasive Pulmonary Aspergillosis,allergic bronchopulmonary mycosis
D055744,Invasive Pulmonary Aspergillosis,chronic necrotizing pulmonary aspergillosis
D055744,Invasive Pulmonary Aspergillosis,invasive pulmonary aspergillosis
D055752,Small Cell Lung Carcinoma,small cell lung carcinoma
D055756,Meningeal Carcinomatosis,meningeal carcinomatosis
D055761,"Reticuloendotheliosis, Avian","reticuloendotheliosis, avian"
D055847,Lynch Syndrome II,lynch syndrome ii
D055882,"Nevus, Halo","nevus, halo"
D055947,Loeys-Dietz Syndrome,loeys-dietz syndrome
D055947,Loeys-Dietz Syndrome,loeys-dietz aortic aneurysm syndrome
D055947,Loeys-Dietz Syndrome,"loeys-dietz syndrome, type 1a"
D055948,Sarcopenia,sarcopenia
D055949,Vasa Previa,vasa previa
D055952,Cogan Syndrome,cogan syndrome
D055953,Microscopic Polyangiitis,microscopic polyangiitis
D055954,Corneal Endothelial Cell Loss,corneal endothelial cell loss
D055955,Susac Syndrome,susac syndrome
D055956,Diffuse Neurofibrillary Tangles with Calcification,diffuse neurofibrillary tangles with calcification
D055958,Piriformis Muscle Syndrome,piriformis muscle syndrome
D055959,Intervertebral Disc Degeneration,intervertebral disc degeneration
D055959,Intervertebral Disc Degeneration,degenerative intervertebral discs
D055963,"Asthma, Aspirin-Induced",nsaid-exacerbated respiratory disease
D055963,"Asthma, Aspirin-Induced","asthma, aspirin-induced"
D055964,Alien Limb Phenomenon,alien leg syndrome
D055964,Alien Limb Phenomenon,alien hand syndrome
D055964,Alien Limb Phenomenon,alien limb phenomenon
D055985,Latent Tuberculosis,latent tuberculosis
D056005,"Leprosy, Paucibacillary","leprosy, paucibacillary"
D056006,"Leprosy, Multibacillary","leprosy, multibacillary"
D056104,Commotio Cordis,commotio cordis
D056128,"Obesity, Abdominal","obesity, abdominal"
D056128,"Obesity, Abdominal","obesity, visceral"
D056146,Corpse Dismemberment,corpse dismemberment
D056150,Acute Generalized Exanthematous Pustulosis,acute generalized exanthematous pustulosis
D056150,Acute Generalized Exanthematous Pustulosis,acute localized exanthematous pustulosis
D056266,Erythrokeratodermia Variabilis,erythrokeratodermia variabilis
D056266,Erythrokeratodermia Variabilis,greither disease
D056267,Pagetoid Reticulosis,ketron-goodman disease
D056267,Pagetoid Reticulosis,pagetoid reticulosis
D056304,Genu Valgum,genu valgum
D056305,Genu Varum,genu varum
D056364,Colloid Cysts,colloid cysts
D056486,Chemical and Drug Induced Liver Injury,drug-induced liver disease
D056486,Chemical and Drug Induced Liver Injury,"hepatitis, toxic"
D056486,Chemical and Drug Induced Liver Injury,drug-induced acute liver injury
D056486,Chemical and Drug Induced Liver Injury,chemically-induced liver toxicity
D056486,Chemical and Drug Induced Liver Injury,"hepatitis, drug-induced"
D056486,Chemical and Drug Induced Liver Injury,chemical and drug induced liver injury
D056487,"Chemical and Drug Induced Liver Injury, Chronic","hepatitis, chronic, drug-induced"
D056487,"Chemical and Drug Induced Liver Injury, Chronic","chemical-induced liver injury, chronic"
D056487,"Chemical and Drug Induced Liver Injury, Chronic","drug-induced liver injury, chronic"
D056487,"Chemical and Drug Induced Liver Injury, Chronic","chemical and drug induced liver injury, chronic"
D056586,Acute Chest Syndrome,acute chest syndrome
D056587,Cryopyrin-Associated Periodic Syndromes,"chronic infantile neurological, cutaneous, and articular syndrome"
D056587,Cryopyrin-Associated Periodic Syndromes,muckle-wells syndrome
D056587,Cryopyrin-Associated Periodic Syndromes,familial cold autoinflammatory syndrome 1
D056587,Cryopyrin-Associated Periodic Syndromes,familial cold autoinflammatory syndrome
D056587,Cryopyrin-Associated Periodic Syndromes,cryopyrin-associated periodic syndromes
D056627,Peritoneal Fibrosis,peritoneal sclerosis
D056627,Peritoneal Fibrosis,encapsulating peritoneal sclerosis
D056627,Peritoneal Fibrosis,peritoneal fibrosis
D056647,Systemic Vasculitis,systemic vasculitis
D056648,Anti-Neutrophil Cytoplasmic Antibody-Associated Vasculitis,anti-neutrophil cytoplasmic antibody-associated vasculitis
D056650,Vulvodynia,vestibulodynia
D056650,Vulvodynia,vulvodynia
D056650,Vulvodynia,vulva pain
D056650,Vulvodynia,generalized vulvodynia
D056653,Rheumatoid Vasculitis,rheumatoid vasculitis
D056660,Hereditary Autoinflammatory Diseases,hereditary autoinflammatory diseases
D056684,Yellow Nail Syndrome,yellow nail syndrome
D056685,Costello Syndrome,costello syndrome
D056693,Propionic Acidemia,propionicaciduria
D056693,Propionic Acidemia,propionic acidemia
D056725,"von Willebrand Disease, Type 1","von willebrand disease, type 1"
D056728,"von Willebrand Disease, Type 2","von willebrand disease, type 2a"
D056728,"von Willebrand Disease, Type 2","von willebrand disease, type 2b"
D056728,"von Willebrand Disease, Type 2","von willebrand disease, type 2m"
D056728,"von Willebrand Disease, Type 2","von willebrand disease, type 2"
D056728,"von Willebrand Disease, Type 2","von willebrand disease, type 2n"
D056729,"von Willebrand Disease, Type 3","von willebrand disease, type 3"
D056730,Silver-Russell Syndrome,silver-russell syndrome
D056731,Donohue Syndrome,donohue syndrome
D056731,Donohue Syndrome,rabson-mendenhall syndrome
D056732,Prolidase Deficiency,prolidase deficiency
D056733,Carney Complex,"carney complex, type 2"
D056733,Carney Complex,carney complex
D056733,Carney Complex,"carney complex, type 1"
D056734,Monilethrix,monilethrix
D056735,Autoimmune Lymphoproliferative Syndrome,autoimmune lymphoproliferative syndrome
D056735,Autoimmune Lymphoproliferative Syndrome,autoimmune lymphoproliferative syndrome type 2b
D056735,Autoimmune Lymphoproliferative Syndrome,"autoimmune lymphoproliferative syndrome type 1, autosomal dominant"
D056768,Giant Axonal Neuropathy,giant axonal neuropathy 1
D056768,Giant Axonal Neuropathy,giant axonal neuropathy
D056769,Alstrom Syndrome,alstrom syndrome
D056770,Netherton Syndrome,netherton syndrome
D056784,Leukoencephalopathies,leukoencephalopathy with vanishing white matter 5
D056784,Leukoencephalopathies,leukoencephalopathies
D056784,Leukoencephalopathies,childhood ataxia with central nervous system hypomyelinization
D056806,"Urea Cycle Disorders, Inborn","urea cycle disorders, inborn"
D056807,Argininosuccinic Aciduria,argininosuccinic aciduria
D056824,Upper Extremity Deep Vein Thrombosis,"upper extremity deep vein thrombosis, secondary"
D056824,Upper Extremity Deep Vein Thrombosis,"upper extremity deep vein thrombosis, primary"
D056824,Upper Extremity Deep Vein Thrombosis,upper extremity deep vein thrombosis
D056828,Hereditary Angioedema Type III,hereditary angioedema type iii
D056829,Hereditary Angioedema Types I and II,hereditary angioedema type i
D056829,Hereditary Angioedema Types I and II,hereditary angioedema types i and ii
D056829,Hereditary Angioedema Types I and II,hereditary angioedema type ii
D056830,Isolated Noncompaction of the Ventricular Myocardium,"isolated noncompaction of the left ventricular myocardium, x-linked"
D056830,Isolated Noncompaction of the Ventricular Myocardium,isolated noncompaction of the ventricular myocardium
D056830,Isolated Noncompaction of the Ventricular Myocardium,"noncompaction of the left ventricular myocardium, autosomal dominant"
D056833,Central Serous Chorioretinopathy,central serous chorioretinopathy
D056846,Weill-Marchesani Syndrome,"weill-marchesani syndrome, autosomal recessive"
D056846,Weill-Marchesani Syndrome,weill-marchesani syndrome
D056846,Weill-Marchesani Syndrome,"weill-marchesani syndrome, autosomal dominant"
D056886,Contrecoup Injury,contrecoup injury
D056889,Barth Syndrome,barth syndrome
D056929,Liddle Syndrome,liddle syndrome
D056986,Euglenozoa Infections,euglenozoa infections
D056987,Vasoplegia,postoperative vasoplegic syndrome
D056987,Vasoplegia,vasoplegia
D056988,Anterior Wall Myocardial Infarction,anteroseptal myocardial infarction
D056988,Anterior Wall Myocardial Infarction,anterior wall myocardial infarction
D056988,Anterior Wall Myocardial Infarction,acute anterior wall myocardial infarction
D056988,Anterior Wall Myocardial Infarction,anterolateral myocardial infarction
D056989,Inferior Wall Myocardial Infarction,inferior wall myocardial infarction
D056989,Inferior Wall Myocardial Infarction,acute inferior myocardial infarction
D057045,Laryngopharyngeal Reflux,laryngopharyngeal reflux
D057045,Laryngopharyngeal Reflux,"regurgitation, gastric"
D057049,Thrombotic Microangiopathies,thrombotic microangiopathies
D057066,Low Tension Glaucoma,low tension glaucoma
D057068,Periprosthetic Fractures,peri-implant fractures
D057068,Periprosthetic Fractures,periprosthetic fractures
D057072,Intra-Articular Fractures,intra-articular fractures
D057085,Tooth Wear,tooth wear
D057088,Anetoderma,"anetoderma, primary"
D057088,Anetoderma,anetoderma
D057088,Anetoderma,"anetoderma, secondary"
D057090,Eccrine Porocarcinoma,eccrine porocarcinoma
D057091,Poroma,dermal duct tumor
D057091,Poroma,hidracanthoma simplex
D057091,Poroma,apocrine poroma
D057091,Poroma,eccrine poroma
D057091,Poroma,poroma
D057091,Poroma,syringoacanthoma
D057091,Poroma,syringofibroadenoma
D057092,Geographic Atrophy,geographic atrophy
D057096,Shellfish Poisoning,shellfish poisoning
D057096,Shellfish Poisoning,amnesic shellfish poisoning
D057096,Shellfish Poisoning,diarrhetic shellfish poisoning
D057096,Shellfish Poisoning,neurotoxic shellfish poisoning
D057096,Shellfish Poisoning,paralytic shellfish poisoning
D057108,Corneal Wavefront Aberration,corneal wavefront aberration
D057112,Corneal Perforation,corneal perforation
D057129,Iridocorneal Endothelial Syndrome,chandler syndrome
D057129,Iridocorneal Endothelial Syndrome,iridocorneal endothelial syndrome
D057130,Leber Congenital Amaurosis,congenital amaurosis of retinal origin
D057130,Leber Congenital Amaurosis,leber congenital amaurosis
D057135,Wet Macular Degeneration,wet macular degeneration
D057165,Proteostasis Deficiencies,protein misfolding disorders
D057165,Proteostasis Deficiencies,proteostasis deficiencies
D057174,Frontotemporal Lobar Degeneration,frontotemporal lobar degeneration
D057177,TDP-43 Proteinopathies,tdp-43 proteinopathies
D057178,Primary Progressive Nonfluent Aphasia,primary progressive nonfluent aphasia
D057180,Frontotemporal Dementia,semantic dementia
D057180,Frontotemporal Dementia,frontotemporal dementia
D057667,Conducted Energy Weapon Injuries,conducted energy weapon injuries
D057667,Conducted Energy Weapon Injuries,taser injuries
D057765,Eosinophilic Esophagitis,eosinophilic esophagitis
D057767,Kashin-Beck Disease,kashin-beck disease
D057768,"Brief, Resolved, Unexplained Event",infantile apparent life-threatening event
D057768,"Brief, Resolved, Unexplained Event","brief, resolved, unexplained event"
D057770,Hyaline Fibromatosis Syndrome,hyaline fibromatosis syndrome
D057770,Hyaline Fibromatosis Syndrome,infantile systemic hyalinosis
D057772,Vascular System Injuries,vascular system injuries
D057774,Post-Exercise Hypotension,post-exercise hypotension
D057792,Mirizzi Syndrome,mirizzi syndrome
D057826,Vitelliform Macular Dystrophy,adult-onset vitelliform macular dystrophy
D057826,Vitelliform Macular Dystrophy,vitelliform macular dystrophy
D057826,Vitelliform Macular Dystrophy,juvenile-onset vitelliform macular dystrophy
D057831,Lemierre Syndrome,lemierre syndrome
D057851,"Posterior Capsular Rupture, Ocular","posterior capsular rupture, ocular"
D057867,Endoleak,endoleak
D057873,Peri-Implantitis,peri-implantitis
D057887,Overbite,incisor protrusion
D057887,Overbite,overbite
D057887,Overbite,"overjet, dental"
D057925,Femoracetabular Impingement,femoracetabular impingement
D057971,"Anterior Capsular Rupture, Ocular","anterior capsular rupture, ocular"
D057973,Dent Disease,dent disease
D058065,Diabetic Cardiomyopathies,diabetic cardiomyopathies
D058066,Digital Dermatitis,digital dermatitis
D058066,Digital Dermatitis,bovine digital dermatitis
D058066,Digital Dermatitis,ovine digital dermatitis
D058088,Sarcoglycanopathies,alpha-sarcoglycanopathies
D058088,Sarcoglycanopathies,sarcoglycanopathies
D058165,22q11 Deletion Syndrome,22q11 deletion syndrome
D058186,Acute Kidney Injury,"renal insufficiency, acute"
D058186,Acute Kidney Injury,acute kidney injury
D058186,Acute Kidney Injury,"kidney failure, acute"
D058246,Prehypertension,prehypertension
D058247,Loose Anagen Hair Syndrome,loose anagen hair syndrome
D058249,Birt-Hogg-Dube Syndrome,birt-hogg-dube syndrome
D058252,Necrobiotic Xanthogranuloma,necrobiotic xanthogranuloma
D058267,Flea Infestations,flea infestations
D058285,Tungiasis,tungiasis
D058288,Sister Mary Joseph's Nodule,sister mary joseph's nodule
D058345,Asymptomatic Infections,presymptomatic infections
D058345,Asymptomatic Infections,asymptomatic infections
D058345,Asymptomatic Infections,asymptomatic colonization
D058365,"Candidiasis, Invasive","candidiasis, invasive"
D058387,Candidemia,candidemia
D058405,Desmoplastic Small Round Cell Tumor,desmoplastic small round cell tumor
D058429,Gnathostomiasis,gnathostomiasis
D058437,Hypertensive Retinopathy,hypertensive retinopathy
D058442,Capsule Opacification,capsule opacification
D058447,Eye Pain,eye pain
D058456,Retinal Telangiectasis,retinal telangiectasis
D058457,Trichiasis,trichiasis
D058489,"46, XX Disorders of Sex Development",female pseudohermaphroditism
D058489,"46, XX Disorders of Sex Development","46, xx disorders of sex development"
D058490,"Disorder of Sex Development, 46,XY",male pseudohermaphroditism
D058490,"Disorder of Sex Development, 46,XY","disorder of sex development, 46,xy"
D058490,"Disorder of Sex Development, 46,XY","46,xy sex reversal 3"
D058494,Walker-Warburg Syndrome,alpha-dystroglycanopathies
D058494,Walker-Warburg Syndrome,muscle-eye-brain disease
D058494,Walker-Warburg Syndrome,fukuyama type congenital muscular dystrophy
D058494,Walker-Warburg Syndrome,"muscular dystrophy, limb-girdle, type 2k"
D058494,Walker-Warburg Syndrome,"muscle-eye-brain disease, pomt1-related"
D058494,Walker-Warburg Syndrome,walker-warburg syndrome
D058495,Sotos Syndrome,sotos syndrome
D058496,Smith-Magenis Syndrome,smith-magenis syndrome
D058496,Smith-Magenis Syndrome,17p11.2 monosomy
D058497,Fraser Syndrome,fraser syndrome
D058499,Retinal Dystrophies,retinal dystrophies
D058502,Pentalogy of Cantrell,pentalogy of cantrell
D058527,Enteropathy-Associated T-Cell Lymphoma,enteropathy-associated t-cell lymphoma
D058529,Single Umbilical Artery,single umbilical artery
D058531,"46, XX Testicular Disorders of Sex Development","46, xx testicular disorders of sex development"
D058531,"46, XX Testicular Disorders of Sex Development","46, xx gonadal sex reversal"
D058533,Sex Chromosome Disorders of Sex Development,sex chromosome disorders of sex development
D058535,Echogenic Bowel,echogenic bowel
D058536,Pyelectasis,pyelectasis
D058540,Aicardi Syndrome,aicardi syndrome
D058545,Inhalant Abuse,glue sniffing
D058545,Inhalant Abuse,inhalant abuse
D058565,Cerebral Ventriculitis,infectious ventriculitis
D058565,Cerebral Ventriculitis,cerebral ventriculitis
D058566,Sacroiliitis,pyogenic sacroiliitis
D058566,Sacroiliitis,sacroiliitis
D058566,Sacroiliitis,septic sacroiliitis
D058568,Necrolytic Migratory Erythema,pseudoglucagonoma syndrome
D058568,Necrolytic Migratory Erythema,necrolytic migratory erythema
D058617,Composite Lymphoma,composite lymphoma
D058625,End Stage Liver Disease,chronic liver failure
D058625,End Stage Liver Disease,end stage liver disease
D058627,Megalencephaly,megalencephaly
D058631,Pycnodysostosis,pycnodysostosis
D058686,Coronary-Subclavian Steal Syndrome,coronary-subclavian steal syndrome
D058687,Out-of-Hospital Cardiac Arrest,out-of-hospital cardiac arrest
D058729,Peripheral Arterial Disease,peripheral arterial disease
D058736,Intrauterine Device Migration,intrauterine device migration
D058739,Aberrant Crypt Foci,aberrant crypt foci
D058745,Iliotibial Band Syndrome,iliotibial band syndrome
D058747,CHARGE Syndrome,charge syndrome
D058747,CHARGE Syndrome,familial charge syndrome
D058866,Osteoporotic Fractures,osteoporotic fractures
D058890,Granulomatous Mastitis,granulomatous mastitis
D058922,Inflammatory Breast Neoplasms,inflammatory breast neoplasms
D058923,Medial Tibial Stress Syndrome,medial tibial stress syndrome
D058968,Pythiosis,pythiosis
D059041,Plagiocephaly,plagiocephaly
D059228,Renal Nutcracker Syndrome,renal nutcracker phenomenon
D059228,Renal Nutcracker Syndrome,renal nutcracker syndrome
D059245,Transient Tachypnea of the Newborn,transient tachypnea of the newborn
D059246,Tachypnea,tachypnea
D059249,Otomycosis,otomycosis
D059266,Bisphosphonate-Associated Osteonecrosis of the Jaw,bisphosphonate-associated osteonecrosis of the jaw
D059266,Bisphosphonate-Associated Osteonecrosis of the Jaw,bisphosphonate-associated osteonecrosis
D059268,Atrophic Vaginitis,atrophic vaginitis
D059269,Chilaiditi Syndrome,chilaiditi anomaly
D059269,Chilaiditi Syndrome,chilaiditi syndrome
D059270,Petrositis,petrositis
D059270,Petrositis,gradenigo syndrome
D059325,Intra-Abdominal Hypertension,abdominal compartment syndrome
D059325,Intra-Abdominal Hypertension,intra-abdominal hypertension
D059327,Brachydactyly,brachydactyly
D059345,Cerebral Small Vessel Diseases,cerebral small vessel diseases
D059347,Cardio-Renal Syndrome,cardio-renal syndrome
D059348,Peripheral Nerve Injuries,peripheral nerve injuries
D059352,Musculoskeletal Pain,musculoskeletal pain
D059366,"Asthma, Occupational","asthma, occupational"
D059369,Pott Puffy Tumor,pott puffy tumor
D059407,Pinguecula,pinguecula
D059409,"Stroke, Lacunar","stroke, lacunar"
D059409,"Stroke, Lacunar","infarction, lacunar"
D059413,Intraabdominal Infections,intraabdominal infections
D059445,Anhedonia,anhedonia
D059445,Anhedonia,physical anhedonia
D059445,Anhedonia,social anhedonia
D059446,Heterotaxy Syndrome,asplenia syndrome
D059446,Heterotaxy Syndrome,heterotaxy syndrome
D059446,Heterotaxy Syndrome,right atrial isomerism
D059446,Heterotaxy Syndrome,left atrial isomerism
D059446,Heterotaxy Syndrome,visceral heterotaxy
D059446,Heterotaxy Syndrome,polysplenia syndrome
D059466,White Coat Hypertension,white coat hypertension
D059468,Masked Hypertension,masked hypertension
D059525,Supraglottitis,supraglottitis
D059545,"Paraneoplastic Syndromes, Ocular",cancer-associated retinopathy
D059545,"Paraneoplastic Syndromes, Ocular","paraneoplastic syndromes, ocular"
D059545,"Paraneoplastic Syndromes, Ocular",melanoma-associated retinopathy
D059545,"Paraneoplastic Syndromes, Ocular","bilateral diffuse uveal melanocytic proliferation, paraneoplastic"
D059608,Laryngocele,laryngocele
D059707,Aliivibrio Infections,aliivibrio infections
D059885,Kasabach-Merritt Syndrome,kasabach-merritt syndrome
D059905,"Endocarditis, Non-Infective","endocarditis, non-infective"
D059905,"Endocarditis, Non-Infective",non-bacterial thrombotic endocarditis
D059952,Pelvic Floor Disorders,pelvic floor disorders
D060048,Slipped Capital Femoral Epiphyses,bilateral slipped capital femoral epiphyses
D060048,Slipped Capital Femoral Epiphyses,slipped capital femoral epiphyses
D060048,Slipped Capital Femoral Epiphyses,unilateral slipped capital femoral epiphyses
D060050,"Angina, Stable","angina, stable"
D060051,Occupational Injuries,occupational injuries
D060085,Coinfection,coinfection
D060085,Coinfection,secondary infections
D060368,Lobomycosis,lobomycosis
D060368,Lobomycosis,lobomycosis-like disease
D060425,Cerebral Phaeohyphomycosis,cerebral phaeohyphomycosis
D060425,Cerebral Phaeohyphomycosis,primary central nervous system phaeohyphomycosis
D060426,Anti-N-Methyl-D-Aspartate Receptor Encephalitis,anti-n-methyl-d-aspartate receptor encephalitis
D060426,Anti-N-Methyl-D-Aspartate Receptor Encephalitis,paraneoplastic anti-n-methyl-d-aspartate receptor encephalitis
D060426,Anti-N-Methyl-D-Aspartate Receptor Encephalitis,non-paraneoplastic anti-n-methyl-d-aspartate receptor encephalitis
D060437,Artificial Lens Implant Migration,artificial lens implant migration
D060446,Phaeohyphomycosis,subcutaneous phaeohyphomycosis
D060446,Phaeohyphomycosis,cutaneous phaeohyphomycosis
D060446,Phaeohyphomycosis,phaeohyphomycosis
D060486,Ophthalmoplegic Migraine,ophthalmoplegic migraine
D060487,Alternariosis,dermal alternariosis
D060487,Alternariosis,subcutaneous alternariosis
D060487,Alternariosis,alternariosis
D060487,Alternariosis,cutaneous alternariosis
D060545,Pudendal Neuralgia,pudendal neuralgia
D060545,Pudendal Neuralgia,pudendal nerve entrapment syndrome
D060585,Fusariosis,disseminated fusariosis
D060585,Fusariosis,pulmonary fusariosis
D060585,Fusariosis,fusariosis
D060586,Trichosporonosis,summer-type hypersensitivity pneumonitis
D060586,Trichosporonosis,disseminated trichosporonosis
D060586,Trichosporonosis,trichosporonosis
D060605,Hyalohyphomycosis,subcutaneous hyalohyphomycosis
D060605,Hyalohyphomycosis,hyalohyphomycosis
D060605,Hyalohyphomycosis,cutaneous hyalohyphomycosis
D060605,Hyalohyphomycosis,splenic hyalohyphomycosis
D060605,Hyalohyphomycosis,disseminated hyalohyphomycosis
D060605,Hyalohyphomycosis,pulmonary hyalohyphomycosis
D060705,Dyscalculia,secondary acalculia
D060705,Dyscalculia,acalculia
D060705,Dyscalculia,developmental dyscalculia
D060705,Dyscalculia,dyscalculia
D060705,Dyscalculia,acquired dyscalculia
D060725,Uterine Retroversion,uterine retroflexion
D060725,Uterine Retroversion,incarcerated retroverted uterus
D060725,Uterine Retroversion,uterine retroversion
D060725,Uterine Retroversion,retroverted gravid uterus
D060737,Reproductive Tract Infections,reproductive tract infections
D060750,Bone Anteversion,bone anteversion
D060751,Bone Retroversion,bone retroversion
D060831,Hand-Foot Syndrome,hand-foot syndrome
D060905,Coxa Vara,acquired coxa vara
D060905,Coxa Vara,developmental coxa vara
D060905,Coxa Vara,congenital coxa vara
D060905,Coxa Vara,coxa vara
D060906,Coxa Valga,acquired coxa valga
D060906,Coxa Valga,developmental coxa valga
D060906,Coxa Valga,coxa valga
D060906,Coxa Valga,congenital coxa valga
D061085,Agenesis of Corpus Callosum,agenesis of corpus callosum
D061085,Agenesis of Corpus Callosum,corpus callosum malformation
D061205,Vascular Calcification,vascular calcification
D061206,Neoplasm Micrometastasis,neoplasm micrometastasis
D061219,Olfactory Nerve Injuries,olfactory nerve transection
D061219,Olfactory Nerve Injuries,olfactory nerve contusion
D061219,Olfactory Nerve Injuries,olfactory nerve avulsion
D061219,Olfactory Nerve Injuries,olfactory nerve injuries
D061220,Oculomotor Nerve Injuries,oculomotor nerve transection
D061220,Oculomotor Nerve Injuries,oculomotor nerve avulsion
D061220,Oculomotor Nerve Injuries,oculomotor nerve contusion
D061220,Oculomotor Nerve Injuries,oculomotor nerve injuries
D061221,Trigeminal Nerve Injuries,trigeminal nerve avulsion
D061221,Trigeminal Nerve Injuries,trigeminal nerve injuries
D061221,Trigeminal Nerve Injuries,trigeminal nerve transection
D061221,Trigeminal Nerve Injuries,trigeminal nerve contusion
D061222,Lingual Nerve Injuries,lingual nerve transection
D061222,Lingual Nerve Injuries,lingual nerve injuries
D061222,Lingual Nerve Injuries,"lingual neuropathy, traumatic"
D061222,Lingual Nerve Injuries,lingual nerve contusion
D061223,Vagus Nerve Injuries,vagus nerve avulsion
D061223,Vagus Nerve Injuries,vagus nerve transection
D061223,Vagus Nerve Injuries,vagus nerve injuries
D061223,Vagus Nerve Injuries,vagus nerve contusion
D061224,Laryngeal Nerve Injuries,laryngeal nerve transection
D061224,Laryngeal Nerve Injuries,laryngeal nerve contusion
D061224,Laryngeal Nerve Injuries,laryngeal nerve avulsion
D061224,Laryngeal Nerve Injuries,laryngeal nerve injuries
D061226,Recurrent Laryngeal Nerve Injuries,recurrent laryngeal nerve transection
D061226,Recurrent Laryngeal Nerve Injuries,recurrent laryngeal nerve contusion
D061226,Recurrent Laryngeal Nerve Injuries,recurrent laryngeal nerve injuries
D061227,Accessory Nerve Injuries,accessory nerve transection
D061227,Accessory Nerve Injuries,accessory nerve contusion
D061227,Accessory Nerve Injuries,accessory nerve injuries
D061227,Accessory Nerve Injuries,accessory nerve avulsion
D061228,Hypoglossal Nerve Injuries,hypoglossal nerve injuries
D061228,Hypoglossal Nerve Injuries,hypoglossal nerve avulsion
D061228,Hypoglossal Nerve Injuries,hypoglossal nerve transection
D061228,Hypoglossal Nerve Injuries,hypoglossal nerve contusion
D061247,Trochlear Nerve Injuries,trochlear nerve transection
D061247,Trochlear Nerve Injuries,trochlear nerve avulsion
D061247,Trochlear Nerve Injuries,trochlear nerve contusion
D061247,Trochlear Nerve Injuries,trochlear nerve injuries
D061270,Nasal Septal Perforation,nasal septal perforation
D061285,Vestibulocochlear Nerve Injuries,vestibulocochlear nerve transection
D061285,Vestibulocochlear Nerve Injuries,vestibulocochlear nerve avulsion
D061285,Vestibulocochlear Nerve Injuries,vestibulocochlear nerve contusion
D061285,Vestibulocochlear Nerve Injuries,vestibulocochlear nerve injuries
D061287,Glossopharyngeal Nerve Injuries,glossopharyngeal nerve avulsion
D061287,Glossopharyngeal Nerve Injuries,glossopharyngeal nerve injuries
D061287,Glossopharyngeal Nerve Injuries,glossopharyngeal nerve contusion
D061287,Glossopharyngeal Nerve Injuries,glossopharyngeal nerve transection
D061325,Hereditary Breast and Ovarian Cancer Syndrome,hereditary breast and ovarian cancer syndrome
D061387,Chlamydial Pneumonia,chlamydial pneumonia
D061686,Premature Ejaculation,premature ejaculation
D062025,Organophosphate Poisoning,organophosphate poisoning
D062025,Organophosphate Poisoning,organophosphorus poisoning
D062025,Organophosphate Poisoning,organothiophosphonate poisoning
D062025,Organophosphate Poisoning,organothiophosphate poisoning
D062026,Alice in Wonderland Syndrome,alice in wonderland syndrome
D062027,Linear IgA Bullous Dermatosis,drug-induced linear iga bullous dermatosis
D062027,Linear IgA Bullous Dermatosis,linear iga igg bullous dermatosis
D062027,Linear IgA Bullous Dermatosis,chronic bullous disease of childhood
D062027,Linear IgA Bullous Dermatosis,linear iga bullous dermatosis
D062108,May-Thurner Syndrome,may-thurner syndrome
D062625,Cystadenofibroma,clear cell adenofibroma
D062625,Cystadenofibroma,benign clear cell adenofibroma
D062625,Cystadenofibroma,cystadenofibroma
D062625,Cystadenofibroma,borderline clear cell adenofibroma
D062685,Steatocystoma Multiplex,steatocystoma multiplex
D062688,Buschke-Lowenstein Tumor,buschke-lowenstein tumor
D062689,Lipoblastoma,lipoblastoma
D062689,Lipoblastoma,lipoblastomatosis
D062787,Drug Overdose,drug overdose
D062788,Adenomyosis,adenomyosis
D062846,Non-Filarial Lymphedema,non-filarial lymphedema
D063169,Dentofacial Deformities,dentofacial dyplasia
D063169,Dentofacial Deformities,dentofacial abnormalities
D063169,Dentofacial Deformities,dentofacial deformities
D063173,Retrognathia,maxillary retrusion
D063173,Retrognathia,mandibular retroposition
D063173,Retrognathia,mandibular retrusion
D063173,Retrognathia,retrognathia
D063173,Retrognathia,maxillary retroposition
D063173,Retrognathia,retrognathism
D063192,"Pregnancy, Heterotopic","pregnancy, heterotopic"
D063205,Pneumorrhachis,"pneumorrhachis, epidural"
D063205,Pneumorrhachis,pneumorrhachis
D063205,Pneumorrhachis,"pneumorrhachis, subarachnoid"
D063371,Myringosclerosis,myringosclerosis
D063425,Binge Drinking,binge drinking
D063466,Respiratory Aspiration of Gastric Contents,respiratory aspiration of gastric contents
D063485,Acanthocheilonemiasis,acanthocheilonemiasis
D063487,Prescription Drug Misuse,prescription drug misuse
D063646,Carcinogenesis,carcinogenesis
D063647,Fetal Alcohol Spectrum Disorders,partial fetal alcohol syndrome
D063647,Fetal Alcohol Spectrum Disorders,fetal alcohol spectrum disorders
D063647,Fetal Alcohol Spectrum Disorders,alcohol-related birth defects
D063647,Fetal Alcohol Spectrum Disorders,alcohol related neurodevelopmental disorder
D063647,Fetal Alcohol Spectrum Disorders,fetal alcohol syndrome
D063730,"Rickets, Hypophosphatemic","rickets, hypophosphatemic"
D063730,"Rickets, Hypophosphatemic",acquired vitamin d-resistant rickets
D063748,Bland White Garland Syndrome,bland white garland syndrome
D063766,Pediatric Obesity,adolescent overweight
D063766,Pediatric Obesity,infantile obesity
D063766,Pediatric Obesity,infant overweight
D063766,Pediatric Obesity,pediatric obesity
D063766,Pediatric Obesity,adolescent obesity
D063766,Pediatric Obesity,childhood overweight
D063806,Myalgia,muscle tenderness
D063806,Myalgia,myalgia
D063807,Dandruff,dandruff
D063926,Drug Hypersensitivity Syndrome,drug hypersensitivity syndrome
D064068,Collagenous Sprue,collagenous sprue
D064090,Intraocular Lymphoma,intraocular lymphoma
D064128,Nodding Syndrome,nodding syndrome
D064129,"Prostatic Neoplasms, Castration-Resistant","prostatic neoplasms, castration-resistant"
D064129,"Prostatic Neoplasms, Castration-Resistant","prostatic cancer, castration-resistant"
D064146,Chemotherapy-Induced Febrile Neutropenia,chemotherapy-induced febrile neutropenia
D064147,Febrile Neutropenia,febrile neutropenia
D064250,Hypertriglyceridemic Waist,hypertriglyceridemic waist
D064386,Ankle Fractures,lateral malleolus fractures
D064386,Ankle Fractures,trimalleolar fractures
D064386,Ankle Fractures,medial malleolus fractures
D064386,Ankle Fractures,posterior malleolus fractures
D064386,Ankle Fractures,bimalleolar fractures
D064386,Ankle Fractures,ankle fractures
D064386,Ankle Fractures,bimalleolar equivalent fractures
D064419,Chemically-Induced Disorders,chemically-induced disorders
D064420,Drug-Related Side Effects and Adverse Reactions,drug toxicity
D064420,Drug-Related Side Effects and Adverse Reactions,drug-related side effects and adverse reactions
D064706,Vocal Cord Dysfunction,vocal cord dysfunction
D064706,Vocal Cord Dysfunction,exercise-induced vocal cord dysfunction
D064726,Triple Negative Breast Neoplasms,triple negative breast neoplasms
D064749,Retrocaval Ureter,retrocaval ureter
D064807,Anticholinergic Syndrome,peripheral anticholinergic syndrome
D064807,Anticholinergic Syndrome,central anticholinergic syndrome
D064807,Anticholinergic Syndrome,anticholinergic syndrome
D064927,Tick Bites,tick bites
D065008,Scorpion Stings,scorpion stings
D065134,Lipedema,lipedema
D065134,Lipedema,lipolymphedema
D065148,Nicolau Syndrome,nicolau syndrome
D065166,Sepsis-Associated Encephalopathy,sepsis-associated encephalopathy
D065166,Sepsis-Associated Encephalopathy,sepsis-associated delirium
D065167,"Pregnancy, Interstitial","pregnancy, interstitial"
D065170,"Pregnancy, Angular","pregnancy, angular"
D065172,"Pregnancy, Ovarian","pregnancy, ovarian"
D065173,"Pregnancy, Cornual","pregnancy, cornual"
D065227,Transfusion Reaction,hypotensive transfusion reaction
D065227,Transfusion Reaction,delayed serologic transfusion reaction
D065227,Transfusion Reaction,hemolytic transfusion reaction
D065227,Transfusion Reaction,transfusion-associated dyspnea
D065227,Transfusion Reaction,transfusion reaction
D065227,Transfusion Reaction,post-transfusion purpura
D065227,Transfusion Reaction,transfusion-associated allergic reaction
D065227,Transfusion Reaction,transfusion-associated circulatory overload
D065227,Transfusion Reaction,acute hemolytic transfusion reaction
D065227,Transfusion Reaction,febrile non-hemolytic transfusion reaction
D065227,Transfusion Reaction,transfusion-associated graft vs. host disease
D065227,Transfusion Reaction,transfusion-transmitted infection
D065227,Transfusion Reaction,delayed hemolytic transfusion reaction
D065290,Acute-On-Chronic Liver Failure,acute-on-chronic liver failure
D065306,Corneal Injuries,corneal abrasions
D065306,Corneal Injuries,corneal injuries
D065306,Corneal Injuries,corneal scar
D065309,Atypical Squamous Cells of the Cervix,atypical squamous cells of the cervix
D065309,Atypical Squamous Cells of the Cervix,atypical squamous cells of undetermined significance
D065309,Atypical Squamous Cells of the Cervix,atypical squamous cells
D065309,Atypical Squamous Cells of the Cervix,"atypical squamous cells, cannot rule out high-grade squamous intra-epithelial lesion"
D065310,Squamous Intraepithelial Lesions of the Cervix,squamous intraepithelial lesions of the cervix
D065311,Adenocarcinoma in Situ,adenocarcinoma in situ
D065606,Metabolic Side Effects of Drugs and Substances,metabolic side effects of drugs and substances
D065606,Metabolic Side Effects of Drugs and Substances,metabolic side effects of substances
D065606,Metabolic Side Effects of Drugs and Substances,metabolic side effects of drugs
D065626,Non-alcoholic Fatty Liver Disease,non-alcoholic fatty liver disease
D065626,Non-alcoholic Fatty Liver Disease,nonalcoholic steatohepatitis
D065627,Familial Primary Pulmonary Hypertension,"pulmonary hypertension, primary, 1, with hereditary hemorrhagic telangiectasia"
D065627,Familial Primary Pulmonary Hypertension,"pulmonary hypertension, primary, 1"
D065627,Familial Primary Pulmonary Hypertension,idiopathic pulmonary arterial hypertension
D065627,Familial Primary Pulmonary Hypertension,familial primary pulmonary hypertension
D065627,Familial Primary Pulmonary Hypertension,"pulmonary hypertension, primary, fenfluramine-associated"
D065627,Familial Primary Pulmonary Hypertension,"pulmonary hypertension, primary, dexfenfluramine-associated"
D065630,"Hernias, Diaphragmatic, Congenital",bochdalek hernias
D065630,"Hernias, Diaphragmatic, Congenital","hernias, diaphragmatic, congenital"
D065630,"Hernias, Diaphragmatic, Congenital",morgagni hernias
D065631,"Rhinitis, Allergic","rhinitis, allergic"
D065632,Chikungunya Fever,chikungunya fever
D065634,Cerebrospinal Fluid Leak,cerebrospinal fluid leak
D065634,Cerebrospinal Fluid Leak,"cerebrospinal fluid leak, spontaneous"
D065634,Cerebrospinal Fluid Leak,"cerebrospinal fluid leak, post-traumatic"
D065635,Benign Paroxysmal Positional Vertigo,benign paroxysmal positional vertigo
D065646,"Thyroid Carcinoma, Anaplastic","thyroid carcinoma, anaplastic"
D065666,Mesenteric Ischemia,acute mesenteric arterial embolus
D065666,Mesenteric Ischemia,mesenteric ischemia
D065666,Mesenteric Ischemia,nonocclusive mesenteric ischemia
D065666,Mesenteric Ischemia,mesenteric venous thrombosis
D065666,Mesenteric Ischemia,occlusive mesenteric arterial ischemia
D065666,Mesenteric Ischemia,acute mesenteric arterial thrombosis
D065703,"Malformations of Cortical Development, Group I","malformations of cortical development, group i"
D065704,"Malformations of Cortical Development, Group III","malformations of cortical development, group iii"
D065705,Hemimegalencephaly,hemimegalencephaly
D065706,Polymicrogyria,polymicrogyria
D065707,Schizencephaly,schizencephaly
D065708,Porencephaly,developmental porencephaly
D065708,Porencephaly,porencephaly
D065708,Porencephaly,congenital porencephaly
D065708,Porencephaly,encephaloclastic porencephaly
D065708,Porencephaly,"porencephaly, type 1"
D065710,Glossoptosis,glossoptosis
D065766,Atypical Hemolytic Uremic Syndrome,atypical hemolytic uremic syndrome
D065768,Lennox Gastaut Syndrome,lennox gastaut syndrome
D065817,Congenital Microtia,anotia
D065817,Congenital Microtia,congenital microtia
D065817,Congenital Microtia,microtia
D065906,Hyperlactatemia,hyperlactatemia
D065907,Karoshi Death,karoshi death
D066087,Perinatal Death,neonatal death
D066087,Perinatal Death,perinatal death
D066126,Cardiotoxicity,cardiotoxicity
D066166,Pectus Carinatum,"pectus carinatum, chondrogladiolar"
D066166,Pectus Carinatum,"pectus carinatum, chondromanubrial"
D066166,Pectus Carinatum,pectus carinatum
D066190,Allesthesia,allochiria
D066190,Allesthesia,dyschiria
D066190,Allesthesia,allesthesia
D000067011,Severe Acute Malnutrition,severe acute malnutrition
D000067208,Shellfish Hypersensitivity,shellfish hypersensitivity
D000067329,"Obesity, Metabolically Benign","obesity, metabolically benign"
D000067390,Cold Injury,cold injury
D000067398,War-Related Injuries,war-related trauma
D000067398,War-Related Injuries,war-related injuries
D000067490,Prescription Drug Overuse,prescription drug overuse
D000067559,Specific Learning Disorder,specific learning disorder
D000069076,"Fractures, Multiple","fractures, multiple"
D000069279,Drug Resistant Epilepsy,drug resistant epilepsy
D000069281,Autoimmune Hypophysitis,lymphocytic infundibuloneurohypophysitis
D000069281,Autoimmune Hypophysitis,autoimmune hypophysitis
D000069281,Autoimmune Hypophysitis,lymphocytic panhypophysitis
D000069281,Autoimmune Hypophysitis,anti-pit-1 antibody syndrome
D000069281,Autoimmune Hypophysitis,lymphocytic adenohypophysitis
D000069281,Autoimmune Hypophysitis,igg4-related hypophysitis
D000069281,Autoimmune Hypophysitis,idiopathic granulomatous hypophysitis
D000069282,Canaliculitis,canaliculitis
D000069293,Plasmablastic Lymphoma,plasmablastic lymphoma
D000069295,Mammary Analogue Secretory Carcinoma,mammary analogue secretory carcinoma
D000069316,Acne Conglobata,acne conglobata
D000069337,Fused Kidney,fused kidney
D000069337,Fused Kidney,horseshoe kidney
D000069337,Fused Kidney,cake kidney
D000069337,Fused Kidney,crossed fused ectopia
D000069544,Infectious Encephalitis,infectious encephalitis
D000069544,Infectious Encephalitis,encephalitis infection
D000069578,Waterborne Diseases,waterborne diseases
D000069578,Waterborne Diseases,water-related diseases
D000069584,Unilateral Breast Neoplasms,left-sided breast neoplasms
D000069584,Unilateral Breast Neoplasms,unilateral breast neoplasms
D000069584,Unilateral Breast Neoplasms,right-sided breast neoplasms
D000069836,Degloving Injuries,degloving injuries
D000069856,Staghorn Calculi,staghorn calculi
D000070558,Talipes,talipes
D000070558,Talipes,talipes calcaneovarus
D000070558,Talipes,talipes calcaneus
D000070558,Talipes,talipes varus
D000070589,Talipes Cavus,talipes cavus
D000070591,Metatarsal Valgus,metatarsal valgus
D000070592,Metatarsus Varus,metatarsus varus
D000070598,Anterior Cruciate Ligament Injuries,anterior cruciate ligament injuries
D000070598,Anterior Cruciate Ligament Injuries,anterior cruciate ligament tear
D000070599,Shoulder Injuries,shoulder injuries
D000070599,Shoulder Injuries,superior labrum from anterior to posterior injuries
D000070600,Tibial Meniscus Injuries,flap tears
D000070600,Tibial Meniscus Injuries,bucket handle tears
D000070600,Tibial Meniscus Injuries,torn tibial meniscus
D000070600,Tibial Meniscus Injuries,tibial meniscus tears
D000070600,Tibial Meniscus Injuries,tibial meniscus injuries
D000070603,Coxa Magna,femoral head deformity
D000070603,Coxa Magna,coxa magna
D000070604,Tarsal Coalition,tarsal coalition
D000070607,Morton Neuroma,morton neuroma
D000070617,"Microtrauma, Physical","microtrauma, physical"
D000070624,Brain Contusion,cerebral contusion
D000070624,Brain Contusion,cerebellar contusion
D000070624,Brain Contusion,brain contusion
D000070625,"Brain Injuries, Diffuse","brain injuries, diffuse"
D000070627,Chronic Traumatic Encephalopathy,"encephalopathy, post-traumatic"
D000070627,Chronic Traumatic Encephalopathy,"chronic encephalopathy, post-concussive"
D000070627,Chronic Traumatic Encephalopathy,"encephalopathy, post-concussive"
D000070627,Chronic Traumatic Encephalopathy,chronic traumatic encephalopathy
D000070630,"Diastasis, Muscle","diastasis, muscle"
D000070631,"Diastasis, Bone","diastasis, bone"
D000070636,Rotator Cuff Injuries,rotator cuff tendinitis
D000070636,Rotator Cuff Injuries,rotator cuff injuries
D000070636,Rotator Cuff Injuries,rotator cuff tendinosis
D000070636,Rotator Cuff Injuries,glenoid labral tears
D000070636,Rotator Cuff Injuries,rotator cuff tears
D000070639,Elbow Tendinopathy,medial epicondylitis
D000070639,Elbow Tendinopathy,elbow tendinopathy
D000070642,"Brain Injuries, Traumatic","brain injuries, traumatic"
D000070656,Rotator Cuff Tear Arthropathy,rotator cuff tear arthropathy
D000070657,Crystal Arthropathies,crystal arthropathies
D000070676,Enthesopathy,enthesopathy
D000070779,Giant Cell Tumor of Tendon Sheath,localized giant cell tumor of the tendon sheath
D000070779,Giant Cell Tumor of Tendon Sheath,giant cell tumor of tendon sheath
D000070896,Bankart Lesions,bankart fractures
D000070896,Bankart Lesions,hill-sachs lesion
D000070896,Bankart Lesions,bankart lesions
D000071017,Hyperekplexia,hyperekplexia
D000071056,Anorectal Malformations,anorectal atresia
D000071056,Anorectal Malformations,anorectal malformations
D000071056,Anorectal Malformations,anorectal stenosis
D000071057,Tardive Dyskinesia,tardive dyskinesia
D000071067,"Pneumonia, Necrotizing","pneumonia, necrotizing"
D000071070,Familial Multiple Lipomatosis,lipoma dolorosa
D000071070,Familial Multiple Lipomatosis,familial multiple lipomatosis
D000071070,Familial Multiple Lipomatosis,dercum's disease type iii
D000071071,Microaneurysm,retinal microaneurysm
D000071071,Microaneurysm,charcot-bouchard aneurysm
D000071071,Microaneurysm,microaneurysm
D000071072,Acute Febrile Encephalopathy,acute febrile encephalopathy
D000071072,Acute Febrile Encephalopathy,"encephalopathy, febrile"
D000071074,Neonatal Sepsis,neonatal early-onset sepsis
D000071074,Neonatal Sepsis,neonatal sepsis
D000071074,Neonatal Sepsis,neonatal late-onset sepsis
D000071075,Small Fiber Neuropathy,small fiber neuropathy
D000071078,"Stenosis, Pulmonary Vein","stenosis, pulmonary vein"
D000071079,"Stenosis, Pulmonary Artery","stenosis, pulmonary artery"
D000071243,Zika Virus Infection,congenital zika syndrome
D000071243,Zika Virus Infection,zika virus infection
D000071257,Emergence Delirium,emergence delirium
D000071297,Acute Retroviral Syndrome,acute retroviral syndrome
D000071378,Bunion,bunion
D000071380,"Fibromatosis, Plantar","fibromatosis, plantar"
D000071562,"Fractures, Avulsion","fractures, avulsion"
D000071576,Crush Injuries,crush fractures
D000071576,Crush Injuries,crush injuries
D000071698,Latent Autoimmune Diabetes in Adults,latent autoimmune diabetes in adults
D000071699,Bilateral Vestibulopathy,bilateral vestibulopathy
D000071700,Cone-Rod Dystrophies,rod-cone dystrophy
D000071700,Cone-Rod Dystrophies,cone-rod dystrophy 2
D000071700,Cone-Rod Dystrophies,cone-rod dystrophies
D000071956,Myocardial Contusions,blunt cardiac injury
D000071956,Myocardial Contusions,myocardial contusions
D000071960,Breast Carcinoma In Situ,breast carcinoma in situ
D000071960,Breast Carcinoma In Situ,lobular carcinoma in situ
D000072039,Fracture Dislocation,fracture dislocation
D000072042,Salter-Harris Fractures,salter-harris fractures
D000072281,Lymphadenopathy,lymphadenopathy
D000072656,Breast Cancer Lymphedema,breast cancer lymphedema
D000072656,Breast Cancer Lymphedema,postmastectomy lymphedema
D000072657,ST Elevation Myocardial Infarction,st elevation myocardial infarction
D000072658,Non-ST Elevated Myocardial Infarction,non-st elevated myocardial infarction
D000072659,Hypophysitis,hypophysitis
D000072660,Teratozoospermia,teratozoospermia
D000072660,Teratozoospermia,globozoospermia
D000072661,Ciliopathies,ciliopathies
D000072676,Ankyloglossia,partial ankyloglossia
D000072676,Ankyloglossia,ankyloglossia
D000072736,Propofol Infusion Syndrome,propofol infusion syndrome
D000072742,Invasive Fungal Infections,invasive fungal infections
D000072836,Surgical Wound,surgical wound
D000073376,Epileptic Syndromes,familial epilepsies
D000073376,Epileptic Syndromes,epileptic syndromes
D000073397,Occupational Stress,job demands
D000073397,Occupational Stress,occupational stress
D000073397,Occupational Stress,workplace bullying
D000073397,Occupational Stress,job control
D000073397,Occupational Stress,workplace abuse
D000073605,Spotted Fever Group Rickettsiosis,rickettsia aeschlimannii infection
D000073605,Spotted Fever Group Rickettsiosis,rickettsialpox
D000073605,Spotted Fever Group Rickettsiosis,spotted fever group rickettsiosis
D000073605,Spotted Fever Group Rickettsiosis,flinders island spotted fever
D000073605,Spotted Fever Group Rickettsiosis,african tick-bite fever
D000073605,Spotted Fever Group Rickettsiosis,queensland tick typhus
D000073605,Spotted Fever Group Rickettsiosis,tick-borne lymphadenopathy
D000073605,Spotted Fever Group Rickettsiosis,north asian tick typhus
D000073605,Spotted Fever Group Rickettsiosis,japanese spotted fever
D000073605,Spotted Fever Group Rickettsiosis,far eastern spotted fever
D000073617,Transfusion-Related Acute Lung Injury,transfusion-related acute lung injury
D000073618,Varicella Zoster Virus Infection,varicella zoster virus infection
D000073618,Varicella Zoster Virus Infection,congenital varicella syndrome
D000073839,Trisomy 13 Syndrome,mosaic trisomy 13 syndrome
D000073839,Trisomy 13 Syndrome,complete trisomy 13 syndrome
D000073839,Trisomy 13 Syndrome,trisomy 13 syndrome
D000073839,Trisomy 13 Syndrome,chromosome 13 duplication
D000073842,Trisomy 18 Syndrome,trisomy 18
D000073842,Trisomy 18 Syndrome,mosaic trisomy 18 syndrome
D000073842,Trisomy 18 Syndrome,trisomy 18 syndrome
D000073842,Trisomy 18 Syndrome,complete trisomy 18 syndrome
D000073842,Trisomy 18 Syndrome,trisomy e syndrome
D000073872,Vascular Ring,double aortic arch
D000073872,Vascular Ring,vascular ring
D000073872,Vascular Ring,right aortic arch with left ligamentum arteriosum
D000074009,Tubular Sweat Gland Adenomas,hidradenoma papilliferum
D000074009,Tubular Sweat Gland Adenomas,syringocystadenoma papilliferum
D000074009,Tubular Sweat Gland Adenomas,tubular sweat gland adenomas
D000074021,Interatrial Block,interatrial block
D000074021,Interatrial Block,bayes syndrome
D000074042,Cerebral Intraventricular Hemorrhage,cerebral intraventricular hemorrhage
D000074079,Undifferentiated Connective Tissue Diseases,undifferentiated connective tissue diseases
D000074270,Meconium Ileus,meconium ileus
D000074607,Opium Dependence,opium abuse
D000074607,Opium Dependence,opium dependence
D000074607,Opium Dependence,opium smoking
D000074607,Opium Dependence,opium use
D000074723,Oncogene Addiction,oncogene addiction
D000074742,Median Arcuate Ligament Syndrome,median arcuate ligament syndrome
D000074924,Nut and Peanut Hypersensitivity,nut and peanut hypersensitivity
D000074962,Kounis Syndrome,kounis syndrome
D000074962,Kounis Syndrome,allergic myocardial infarction
D000075067,"Substance Abuse, Oral","substance abuse, oral"
D000075067,"Substance Abuse, Oral",drug bombing
D000075122,Smoldering Multiple Myeloma,smoldering multiple myeloma
D000075222,Essential Hypertension,essential hypertension
D000075224,Cardiac Conduction System Disease,cardiac conduction defects
D000075224,Cardiac Conduction System Disease,cardiac conduction system disease
D000075262,"Hypoadrenocorticism, Familial",x-linked adrenal hypoplasia
D000075262,"Hypoadrenocorticism, Familial","hypoadrenocorticism, familial"
D000075262,"Hypoadrenocorticism, Familial",complex glycerol kinase deficiency
D000075322,Heavy Metal Poisoning,heavy metal poisoning
D000075363,Immunoglobulin Light-chain Amyloidosis,immunoglobulin light-chain amyloidosis
D000075529,Solitary Kidney,solitary kidney
D000075529,Solitary Kidney,unilateral renal hypoplasia
D000075562,Charles Bonnet Syndrome,charles bonnet syndrome
D000075662,Injection Site Reaction,injection site reaction
D000075662,Injection Site Reaction,infusion site reaction
D000076042,Alcoholic Korsakoff Syndrome,alcoholic korsakoff syndrome
D000076064,Drug Misuse,drug misuse
D000076064,Drug Misuse,non-prescription drug misuse
D000076263,"Communicable Diseases, Imported","communicable diseases, imported"
D000076385,Diverticular Diseases,diverticular bleeding
D000076385,Diverticular Diseases,diverticular diseases
D000076984,Neonatal Brachial Plexus Palsy,neonatal brachial plexus palsy
D000077162,Neurolymphomatosis,neurolymphomatosis
D000077162,Neurolymphomatosis,primary neurolymphomatosis
D000077192,Adenocarcinoma of Lung,adenocarcinoma of lung
D000077195,Squamous Cell Carcinoma of Head and Neck,squamous cell carcinoma of head and neck
D000077195,Squamous Cell Carcinoma of Head and Neck,oral squamous cell carcinoma
D000077195,Squamous Cell Carcinoma of Head and Neck,squamous cell carcinoma of the nasal cavity
D000077195,Squamous Cell Carcinoma of Head and Neck,oropharyngeal squamous cell carcinoma
D000077195,Squamous Cell Carcinoma of Head and Neck,squamous cell carcinoma of the larynx
D000077195,Squamous Cell Carcinoma of Head and Neck,hypopharyngeal squamous cell carcinoma
D000077195,Squamous Cell Carcinoma of Head and Neck,oral tongue squamous cell carcinoma
D000077207,"Chondrosarcoma, Clear Cell","chondrosarcoma, clear cell"
D000077216,"Carcinoma, Ovarian Epithelial","carcinoma, ovarian epithelial"
D000077273,"Thyroid Cancer, Papillary","thyroid cancer, papillary"
D000077273,"Thyroid Cancer, Papillary",nonmedullary thyroid carcinoma
D000077273,"Thyroid Cancer, Papillary",familial nonmedullary thyroid cancer
D000077274,Nasopharyngeal Carcinoma,nasopharyngeal carcinoma
D000077275,Craniofacial Fibrous Dysplasia,maxillary fibrous dysplasia
D000077275,Craniofacial Fibrous Dysplasia,fibrous dysplasia of skull
D000077275,Craniofacial Fibrous Dysplasia,craniofacial fibrous dysplasia
D000077277,Esophageal Squamous Cell Carcinoma,esophageal squamous cell carcinoma
D000077295,"Urinary Bladder, Underactive",hypotonic bladder
D000077295,"Urinary Bladder, Underactive","urinary bladder, underactive"
D000077295,"Urinary Bladder, Underactive",underactive detrusor
D000077299,Healthcare-Associated Pneumonia,healthcare-associated pneumonia
D000077299,Healthcare-Associated Pneumonia,hospital acquired pneumonia
D000077342,Post-Lyme Disease Syndrome,post-treatment lyme disease
D000077342,Post-Lyme Disease Syndrome,post-lyme disease syndrome
D000077428,GATA2 Deficiency,emberger syndrome
D000077428,GATA2 Deficiency,myelodysplastic syndrome acute myeloid leukemia
D000077428,GATA2 Deficiency,gata2 deficiency
D000077428,GATA2 Deficiency,natural killer cell deficiency
D000077684,Cauda Equina Syndrome,cauda equina syndrome
D000077733,Immunoglobulin G4-Related Disease,immunoglobulin g4-related disease
D000077733,Immunoglobulin G4-Related Disease,igg4-related sclerosing disease
D000077733,Immunoglobulin G4-Related Disease,igg4-related kidney disease
D000077765,Cone Dystrophy,cone dystrophy
D000077765,Cone Dystrophy,stationary cone dystrophy
D000077765,Cone Dystrophy,progressive cone dystrophy
D000077777,Myopericytoma,myopericytoma
D000077779,Pancreatic Intraductal Neoplasms,pancreatic intraductal papillary mucinous neoplasm
D000077779,Pancreatic Intraductal Neoplasms,pancreatic intraductal tubulopapillary neoplasm
D000077779,Pancreatic Intraductal Neoplasms,pancreatic intraductal neoplasms
D000079262,Pregnancy in Obesity,pregnancy in obesity
D000079263,Vaccine-Preventable Diseases,vaccine-preventable diseases
D000079426,Vector Borne Diseases,vector borne diseases
D000079524,Narcotic-Related Disorders,narcotic dependence
D000079524,Narcotic-Related Disorders,narcotic abuse
D000079524,Narcotic-Related Disorders,narcotic-related disorders
D000079562,Rumination Syndrome,rumination syndrome
D000079689,Opioid-Induced Constipation,narcotic bowel syndrome
D000079689,Opioid-Induced Constipation,opioid-induced bowel dysfunction
D000079689,Opioid-Induced Constipation,opioid-induced constipation
D000079822,Extranodal Extension,extranodal extension
D000079822,Extranodal Extension,extranodal tumor deposits
D000080038,Anomalous Left Coronary Artery,anomalous left coronary artery
D000080039,Univentricular Heart,univentricular heart
D000080041,Congenitally Corrected Transposition of the Great Arteries,congenitally corrected transposition of the great arteries
D000080203,Hamman-Rich Syndrome,hamman-rich syndrome
D000080222,Pancreaticobiliary Maljunction,pancreaticobiliary maljunction
D000080223,Chronic Urticaria,autoimmune urticaria
D000080223,Chronic Urticaria,chronic autoimmune urticaria
D000080223,Chronic Urticaria,chronic urticaria
D000080223,Chronic Urticaria,chronic spontaneous urticaria
D000080311,Synesthesia,ideaesthesia
D000080311,Synesthesia,grapheme-color synesthesia
D000080311,Synesthesia,synesthesia
D000080311,Synesthesia,chromesthesia
D000080311,Synesthesia,lexical-gustatory synesthesia
D000080311,Synesthesia,colored hearing synesthesia
D000080322,Cyclodialysis Clefts,traumatic cyclodialysis
D000080322,Cyclodialysis Clefts,cyclodialysis clefts
D000080322,Cyclodialysis Clefts,persistent cyclodialysis clefts
D000080323,Uveal Effusion Syndrome,uveal effusion syndrome
D000080324,Choroidal Effusions,choroidal effusions
D000080324,Choroidal Effusions,suprachoroidal space
D000080324,Choroidal Effusions,choroidal detachment
D000080343,Meibomian Gland Dysfunction,meibomian gland dysfunction
D000080344,Optic Nerve Hypoplasia,superior segmental optic nerve hypoplasia
D000080344,Optic Nerve Hypoplasia,optic nerve hypoplasia
D000080345,Familial Exudative Vitreoretinopathies,familial exudative vitreoretinopathies
D000080345,Familial Exudative Vitreoretinopathies,x-linked familial exudative vitreoretinopathy
D000080346,Retinal Arterial Macroaneurysm,retinal arterial macroaneurysm
D000080346,Retinal Arterial Macroaneurysm,ruptured retinal arterial macroaneurysm
D000080362,Stargardt Disease,stargardt disease 1
D000080362,Stargardt Disease,stargardt disease
D000080362,Stargardt Disease,juvenile macular degeneration
D000080363,White Dot Syndromes,white dot syndromes
D000080363,White Dot Syndromes,serpiginous choroiditis
D000080363,White Dot Syndromes,acute macular neuroretinopathy
D000080363,White Dot Syndromes,multiple evanescent white dot syndrome
D000080363,White Dot Syndromes,punctate inner choroidopathy
D000080363,White Dot Syndromes,diffuse subretinal fibrosis uveitis
D000080363,White Dot Syndromes,acute idiopathic blind spot enlargement syndrome
D000080363,White Dot Syndromes,acute posterior multifocal placoid pigment epitheliopathy
D000080364,Multifocal Choroiditis,multifocal choroiditis
D000080365,Birdshot Chorioretinopathy,birdshot chorioretinopathy
D000080422,Locked-In Syndrome,locked-in syndrome
D000080443,Diffuse Intrinsic Pontine Glioma,diffuse intrinsic pontine glioma
D000080445,Asthma-Chronic Obstructive Pulmonary Disease Overlap Syndrome,asthma-chronic obstructive pulmonary disease overlap syndrome
D000080485,Sudden Unexpected Death in Epilepsy,sudden unexpected death in epilepsy
D000080874,Synucleinopathies,synucleinopathies
D000080883,Shoulder Dystocia,fetal shoulder dystocia
D000080883,Shoulder Dystocia,shoulder dystocia
D000080888,Specific Language Disorder,specific language disorder
D000080902,Mandibular Nerve Injuries,masseteric nerve injuries
D000080902,Mandibular Nerve Injuries,buccal nerve injuries
D000080902,Mandibular Nerve Injuries,mental nerve injuries
D000080902,Mandibular Nerve Injuries,auriculotemporal nerve injuries
D000080902,Mandibular Nerve Injuries,deep temporal nerve injuries
D000080902,Mandibular Nerve Injuries,inferior alveolar nerve injuries
D000080902,Mandibular Nerve Injuries,lateral pterygoid nerve injuries
D000080902,Mandibular Nerve Injuries,mandibular nerve injuries
D000080942,Post-Cardiac Arrest Syndrome,post-cardiac arrest syndrome
D000080983,Bone Marrow Failure Disorders,bone marrow failure disorders
D000080983,Bone Marrow Failure Disorders,bone marrow failure
D000080984,Congenital Bone Marrow Failure Syndromes,congenital bone marrow failure syndromes
D000081003,Shwachman-Diamond Syndrome,shwachman-diamond syndrome
D000081011,Hepatic Infarction,hepatic infarction
D000081012,Autoimmune Pancreatitis,type 2 autoimmune pancreatitis
D000081012,Autoimmune Pancreatitis,autoimmune pancreatitis
D000081012,Autoimmune Pancreatitis,type 1 autoimmune pancreatitis
D000081015,Ototoxicity,ototoxicity
D000081015,Ototoxicity,drug-induced ototoxicity
D000081015,Ototoxicity,drug-induced cochleotoxicity
D000081015,Ototoxicity,radiation-induced ototoxicity
D000081015,Ototoxicity,drug-induced vestibulotoxicity
D000081015,Ototoxicity,auditory toxicity
D000081028,Toxic Optic Neuropathy,ocular toxicity
D000081028,Toxic Optic Neuropathy,toxic optic neuropathy
D000081029,Pulmonary Arterial Hypertension,pulmonary arterial hypertension
D000081030,Myotoxicity,drug related myopathies
D000081030,Myotoxicity,myotoxicity
D000081030,Myotoxicity,myalgia-arthralgia syndrome
D000081032,"Pancreatitis, Acute Hemorrhagic","pancreatitis, acute hemorrhagic"
D000081084,Accidental Injuries,accidental injuries
D000081207,Primary Immunodeficiency Diseases,primary antibody deficiencies
D000081207,Primary Immunodeficiency Diseases,inherited immunodeficiency diseases
D000081207,Primary Immunodeficiency Diseases,primary immunodeficiency diseases
D000081207,Primary Immunodeficiency Diseases,congenital immunodeficiency diseases
D000081208,Hereditary Complement Deficiency Diseases,hereditary complement deficiency diseases
D000081208,Hereditary Complement Deficiency Diseases,complement deficiencies
D000082242,Kimura Disease,kimura disease
D000082602,Developmental Dysplasia of the Hip,developmental dysplasia of the hip
D000082643,Cerebral Cortical Thinning,cerebral cortical thinning
D000082802,"Warburg Effect, Oncologic","warburg effect, oncologic"
D000082843,Ovarian Torsion,adnexal torsion
D000082843,Ovarian Torsion,ovarian torsion
D000082862,Aortic Valve Disease,aortic valve disease
D000082882,Bicuspid Aortic Valve Disease,purely bicuspid aortic valve
D000082882,Bicuspid Aortic Valve Disease,aortic valve disease 1
D000082882,Bicuspid Aortic Valve Disease,bicuspid aortic valve disease
D000082882,Bicuspid Aortic Valve Disease,single raphe bicuspid aortic valve
D000082882,Bicuspid Aortic Valve Disease,two-raphe bicuspid aortic valve
D000082902,Quadricuspid Aortic Valve,quadricuspid aortic valve
D000082903,Aortico-Ventricular Tunnel,aortico-ventricular tunnel
D000082903,Aortico-Ventricular Tunnel,aortico-right ventricular tunnel
D000082903,Aortico-Ventricular Tunnel,aortico-left ventricular tunnel
D000083023,Colitis-Associated Neoplasms,colitis-associated neoplasms
D000083082,Popliteal Artery Entrapment Syndrome,popliteal artery entrapment syndrome
D000083082,Popliteal Artery Entrapment Syndrome,popliteal artery entrapment
D000083083,Laminopathies,laminopathies
D000083102,Reinjuries,subsequent injuries
D000083102,Reinjuries,reinjuries
D000083143,X-Linked Emery-Dreifuss Muscular Dystrophy,emery-dreifuss muscular dystrophy 1
D000083143,X-Linked Emery-Dreifuss Muscular Dystrophy,"myopathy, x-linked, with postural muscle atrophy"
D000083143,X-Linked Emery-Dreifuss Muscular Dystrophy,x-linked emery-dreifuss muscular dystrophy
D000083143,X-Linked Emery-Dreifuss Muscular Dystrophy,"emery-dreifuss muscular dystrophy 6, x-linked"
D000083144,Autosomal Emery-Dreifuss Muscular Dystrophy,autosomal emery-dreifuss muscular dystrophy
D000083144,Autosomal Emery-Dreifuss Muscular Dystrophy,autosomal dominant emery-dreifuss muscular dystrophy
D000083182,Chronic Exertional Compartment Syndrome,chronic exertional compartment syndrome
D000083242,Ischemic Stroke,cryptogenic ischemic stroke
D000083242,Ischemic Stroke,ischemic stroke
D000083242,Ischemic Stroke,acute ischemic stroke
D000083242,Ischemic Stroke,wake-up stroke
D000083244,Thrombotic Stroke,thrombotic stroke
D000083244,Thrombotic Stroke,acute thrombotic stroke
D000083262,Embolic Stroke,cardioembolic stroke
D000083262,Embolic Stroke,embolic stroke
D000083302,Hemorrhagic Stroke,intracerebral hemorrhagic stroke
D000083302,Hemorrhagic Stroke,subarachnoid hemorrhagic stroke
D000083302,Hemorrhagic Stroke,hemorrhagic stroke
D000083402,Persistent Left Superior Vena Cava,bilateral superior vena cava
D000083402,Persistent Left Superior Vena Cava,persistent left superior vena cava
D000083682,Opiate Overdose,opiate overdose
D000084002,Tinea Cruris,tinea cruris
D000084122,Cardiac Papillary Fibroelastoma,cardiac papillary fibroelastoma
D000084202,Chemotherapy-Related Cognitive Impairment,chemotherapy-related cognitive impairment
D000084322,Semicircular Canal Dehiscence,semicircular canal dehiscence
D000084322,Semicircular Canal Dehiscence,lateral semicircular canal dehiscence
D000084322,Semicircular Canal Dehiscence,posterior semicircular canal dehiscence
D000084322,Semicircular Canal Dehiscence,superior semicircular canal dehiscence
D000084462,Hyperthermia,hyperpyrexia
D000084462,Hyperthermia,hyperthermia
D000085142,Severe Fever with Thrombocytopenia Syndrome,severe fever with thrombocytopenia syndrome
D000085343,Latent Infection,reactivated infection
D000085343,Latent Infection,latent infection
D000085583,Hyperferritinemia,ultrahyperferritinemia
D000085583,Hyperferritinemia,hyperferritinemia
D000085583,Hyperferritinemia,dysmetabolic hyperferritinemia
D000086002,"Mesothelioma, Malignant",malignant pleural mesothelioma
D000086002,"Mesothelioma, Malignant","mesothelioma, malignant"
D000086382,COVID-19,covid-19 pandemic
D000086382,COVID-19,covid-19
D000086582,Anosmia,hyposmia
D000086582,Anosmia,anosmia
D000086965,Viral Zoonoses,viral zoonoses
D000086965,Viral Zoonoses,"zoonotic spillover, viral"
D000086966,Bacterial Zoonoses,bacterial zoonoses
D000086966,Bacterial Zoonoses,"zoonotic spillover, bacterial"
D000086982,Blood-Borne Infections,blood-borne infections
D000087122,Mania,hypomania
D000087122,Mania,manic episode
D000087122,Mania,mania
D000087122,Mania,hypomanic episode
D000087505,Diaschisis,connectional diaschisis
D000087505,Diaschisis,diaschisis
D000087505,Diaschisis,focal diaschisis
D000087525,Radiation Fibrosis Syndrome,radiation fibrosis syndrome
D000088282,Corticobasal Degeneration,corticobasal degeneration
D000088323,Vascular Depression,vascular depression
D000088442,MINOCA,minoca
D000088562,Persistent Infection,chronic infection
D000088562,Persistent Infection,persistent infection
D000089183,Axial Spondyloarthritis,axial spondyloarthritis
D000089202,Non-Radiographic Axial Spondyloarthritis,non-radiographic axial spondyloarthritis
D000089802,Chronic Limb-Threatening Ischemia,chronic limb-threatening ischemia
D000089965,Erythema Ab Igne,erythema ab igne
D000090122,Livedoid Vasculopathy,livedoid vasculopathy
D000090124,Intestinal Failure,intestinal failure
D000090267,Mast Cell Activation Syndrome,mast cell activation syndrome
D000090303,Focal Facial Dermal Dysplasias,focal facial dermal dysplasia 2
D000090303,Focal Facial Dermal Dysplasias,focal facial dermal dysplasia 3
D000090303,Focal Facial Dermal Dysplasias,focal facial dermal dysplasia 1
D000090303,Focal Facial Dermal Dysplasias,focal facial dermal dysplasia 4
D000090303,Focal Facial Dermal Dysplasias,focal facial dermal dysplasias
D000090362,Mast Cell Activation Disorders,monoclonal mast cell activation syndrome
D000090362,Mast Cell Activation Disorders,primary mast cell activation disorders
D000090362,Mast Cell Activation Disorders,mast cell activation disorders
D000090463,Iron Deficiencies,iron deficiencies
D000090463,Iron Deficiencies,latent iron deficiency
D000090463,Iron Deficiencies,hypoferritinemia
D000090542,Homozygous Familial Hypercholesterolemia,homozygous familial hypercholesterolemia
D000090862,Neuroinflammatory Diseases,neuroinflammatory diseases
D000090862,Neuroinflammatory Diseases,neuroinflammation
D000090882,Thromboinflammation,thromboinflammation
D000091323,Psychogenic Nonepileptic Seizures,psychogenic nonepileptic seizures
D000091642,Urogenital Diseases,urogenital diseases
D000091662,Genital Diseases,genital diseases
D000092122,Bronchiolitis Obliterans Syndrome,bronchiolitis obliterans syndrome
D000092122,Bronchiolitis Obliterans Syndrome,chronic graft-versus-host disease
D000092124,Organizing Pneumonia,secondary organizing pneumonia
D000092124,Organizing Pneumonia,organizing pneumonia
D000092129,Platypnea Orthodeoxia Syndrome,orthodeoxia
D000092129,Platypnea Orthodeoxia Syndrome,platypnea orthodeoxia syndrome
D000092130,"Urticaria, Solar","urticaria, solar"
D000092142,Pancreas Divisum,reverse pancreas divisum
D000092142,Pancreas Divisum,pancreas divisum
D000092142,Pancreas Divisum,complete pancreas divisum
D000092142,Pancreas Divisum,dominant dorsal duct syndrome
D000092142,Pancreas Divisum,incomplete pancreas divisum
D000092163,Tympanosclerosis,tympanosclerosis
D000092163,Tympanosclerosis,intratympanic tympanosclerosis
D000092164,Lagophthalmos,lagophthalmos
D000092164,Lagophthalmos,cicatricial lagophthalmos
D000092164,Lagophthalmos,paralytic lagophthalmos
D000092164,Lagophthalmos,blink lagophthalmos
D000092164,Lagophthalmos,iatrogenic lagophthalmos
D000092164,Lagophthalmos,nocturnal lagophthalmos
D000092182,Calcinosis Cutis,iatrogenic calcinosis cutis
D000092182,Calcinosis Cutis,idiopathic calcinosis cutis
D000092182,Calcinosis Cutis,dystrophic calcinosis cutis
D000092182,Calcinosis Cutis,calcinosis cutis
D000092182,Calcinosis Cutis,metastatic calcinosis cutis
D000092183,Apical Hypertrophic Cardiomyopathy,left ventricular apical hypertrophic cardiomyopathy
D000092183,Apical Hypertrophic Cardiomyopathy,apical hypertrophic cardiomyopathy
D000092202,Exercise-Induced Allergies,wheat-dependent exercise-induced anaphylaxis
D000092202,Exercise-Induced Allergies,food-dependent exercise-induced allergies
D000092202,Exercise-Induced Allergies,exercise-induced urticaria
D000092202,Exercise-Induced Allergies,exercise-induced allergies
D000092202,Exercise-Induced Allergies,exercise-induced anaphylaxis
D000092202,Exercise-Induced Allergies,exercise-induced anaphylaxis and urticaria
D000092222,Focal Cortical Dysplasia,focal cortical dysplasia
D000092222,Focal Cortical Dysplasia,taylor dysplasia
D000092223,Hippocampal Sclerosis,endfolium sclerosis
D000092223,Hippocampal Sclerosis,hippocampal sclerosis
D000092223,Hippocampal Sclerosis,mesial temporal sclerosis
D000092223,Hippocampal Sclerosis,ca1 hippocampal sclerosis
D000092223,Hippocampal Sclerosis,hippocampal sclerosis of aging
D000092225,"Tuberculosis, Extrapulmonary","tuberculosis, extrapulmonary"
D000092242,"Ventricular Outflow Obstruction, Left",dynamic lvot obstruction
D000092242,"Ventricular Outflow Obstruction, Left","ventricular outflow obstruction, left"
D000092243,"Ventricular Outflow Obstruction, Right","ventricular outflow obstruction, right"
D000092243,"Ventricular Outflow Obstruction, Right",dynamic rvot obstruction
D000092244,Isolated Systolic Hypertension,systolic hypertension
D000092244,Isolated Systolic Hypertension,isolated systolic hypertension
D000092283,"Multiple Amputations, Traumatic","multiple limb amputations, traumatic"
D000092283,"Multiple Amputations, Traumatic","multiple amputations, traumatic"
D000092342,Polypoidal Choroidal Vasculopathy,polypoidal choroidal vasculopathy
D000092342,Polypoidal Choroidal Vasculopathy,idiopathic polypoidal choroidal vasculopathy
D000092342,Polypoidal Choroidal Vasculopathy,polypoidal choroidal neovascularization
D000092422,Venom Hypersensitivity,venom hypersensitivity
D000092422,Venom Hypersensitivity,bee sting allergy
D000092422,Venom Hypersensitivity,jellyfish sting allergy
D000092422,Venom Hypersensitivity,wasp sting allergy
D000092422,Venom Hypersensitivity,arthropod venom allergy
D000092422,Venom Hypersensitivity,hornet sting hypersensitivity
D000092422,Venom Hypersensitivity,insect bite papular urticaria
D000092422,Venom Hypersensitivity,fire ant sting allergy
D000092423,Limbal Stem Cell Deficiency,limbal stem cell deficiency
D000092443,Knee Fractures,fractured knee
D000092443,Knee Fractures,tibial tuberosity fractures
D000092443,Knee Fractures,tibial eminence fractures
D000092443,Knee Fractures,tibial spine fractures
D000092443,Knee Fractures,knee fractures
D000092443,Knee Fractures,femoral condyle fractures
D000092462,Patella Fracture,patella fracture
D000092463,Tibial Plateau Fractures,tibial plateau fractures
D000092463,Tibial Plateau Fractures,medial tibial plateau fractures
D000092463,Tibial Plateau Fractures,lateral tibial plateau fracture
D000092463,Tibial Plateau Fractures,bicondylar tibial plateau fractures
D000092464,Elbow Injuries,elbow injuries
D000092464,Elbow Injuries,elbow joint injuries
D000092467,Radial Head and Neck Fractures,radial head and neck fractures
D000092467,Radial Head and Neck Fractures,radial head fractures
D000092467,Radial Head and Neck Fractures,radial neck fractures
D000092470,Olecranon Fracture,olecranon fracture
D000092482,Elbow Fractures,proximal radial fractures
D000092482,Elbow Fractures,proximal ulna fractures
D000092482,Elbow Fractures,elbow fractures
D000092483,"Humeral Fractures, Distal",hahn-steinthal fracture
D000092483,"Humeral Fractures, Distal",humeral capitellar fractures
D000092483,"Humeral Fractures, Distal",supracondylar distal humerus fractures
D000092483,"Humeral Fractures, Distal",lateral condyle fracture of humerus
D000092483,"Humeral Fractures, Distal",humeral trochlear fractures
D000092483,"Humeral Fractures, Distal",intercondylar humerus fractures
D000092483,"Humeral Fractures, Distal","humeral fractures, distal"
D000092483,"Humeral Fractures, Distal",kocher-lorenz fracture
D000092483,"Humeral Fractures, Distal",lateral epicondyle fracture of humerus
D000092503,Wrist Fractures,distal ulna fractures
D000092503,Wrist Fractures,distal ulna and radius fractures
D000092503,Wrist Fractures,smith fracture
D000092503,Wrist Fractures,radial styloid fractures
D000092503,Wrist Fractures,distal radius fractures
D000092503,Wrist Fractures,wrist fractures
D000092504,Fibula Fractures,maisonneuve fracture
D000092504,Fibula Fractures,fibula fractures
D000092524,"Femoral Fractures, Distal",medial femoral condyle fractures
D000092524,"Femoral Fractures, Distal","femoral fractures, distal"
D000092524,"Femoral Fractures, Distal",lateral femoral condyle fractures
D000092525,Hoffa Fracture,bicondylar hoffa fractures
D000092525,Hoffa Fracture,hoffa fracture
D000092526,Proximal Femoral Fractures,proximal femoral fractures
D000092542,Dust Mite Allergy,dermatophagoides pteronyssinus allergy
D000092542,Dust Mite Allergy,dermatophagoides farinae allergy
D000092542,Dust Mite Allergy,dust mite allergy
D000092562,Allergic Fungal Sinusitis,sphenoid allergic fungal sinusitis
D000092562,Allergic Fungal Sinusitis,allergic fungal sinusitis
D000092562,Allergic Fungal Sinusitis,allergic aspergillus sinusitis
D000092562,Allergic Fungal Sinusitis,allergic fungal rhinosinusitis
D000092582,Drug Fever,drug fever
D000092663,Meibomitis,meibomitis
D000092702,Chronic Kidney Diseases of Uncertain Etiology,chronic kidney diseases of uncertain etiology
D000093284,Non-Muscle Invasive Bladder Neoplasms,non-muscle invasive bladder neoplasms
D000093642,Uterine Didelphys,double uterus with imperforated vagina
D000093642,Uterine Didelphys,uterine didelphys
D000093662,Uterine Duplication Anomalies,uterine duplication anomalies
D000093663,Bicornuate Uterus,bicornuate unicollis uterus
D000093663,Bicornuate Uterus,bicornuate bicollis
D000093663,Bicornuate Uterus,bicornuate uterus
D000093663,Bicornuate Uterus,double uterus and longitudinal vaginal septum
D000093665,Septate Uterus,septate uterus and vagina
D000093665,Septate Uterus,septate uterus
D000093665,Septate Uterus,subseptate uterus
D000093665,Septate Uterus,complete septate uterus
D000093742,Breakthrough Infections,vaccine breakthrough infections
D000093742,Breakthrough Infections,breakthrough infections
D000093742,Breakthrough Infections,treatment emergent infections
D000093902,Mixed Dementias,mixed dementias
D000093922,Congenital Cranial Dysinnervation Disorders,congenital cranial dysinnervation disorders
D000094024,Post-Acute COVID-19 Syndrome,post-acute covid-19 syndrome
D000094123,Low Anterior Resection Syndrome,low anterior resection syndrome
D000094222,Dropped Head Syndrome,dropped head syndrome
D000094482,Chronic Inducible Urticaria,"urticaria, aquagenic"
D000094482,Chronic Inducible Urticaria,vibratory urticaria
D000094482,Chronic Inducible Urticaria,chronic inducible urticaria
D000094602,Developmental Defects of Enamel,developmental defects of enamel
D000094603,Dental Enamel Hypomineralization,dental enamel hypomineralization
D000094604,Molar Hypomineralization,incisor hypomineralization
D000094604,Molar Hypomineralization,molar incisor hypomineralization
D000094604,Molar Hypomineralization,molar hypomineralization
D000094622,Popliteal Artery Aneurysm,popliteal artery aneurysm
D000094623,"Ehlers-Danlos Syndrome, Type IV","ehlers-danlos syndrome, type iv"
D000094624,"Aortic Aneurysm, Thoracoabdominal","aortic aneurysm, thoracoabdominal"
D000094625,"Aneurysm, Ascending Aorta","aneurysm, ascending aorta"
D000094626,"Aneurysm, Aortic Arch","aneurysm, aortic arch"
D000094627,Descending Thoracic Aortic Aneurysm,descending thoracic aortic aneurysm
D000094628,Aortic Root Aneurysm,aortic root aneurysm
D000094629,"Dissection, Thoracic Aorta","dissection, aortic arch"
D000094629,"Dissection, Thoracic Aorta","dissection, thoracic aorta"
D000094629,"Dissection, Thoracic Aorta","dissection, descending thoracic aorta"
D000094630,"Dissection, Ascending Aorta","dissection, ascending aorta"
D000094630,"Dissection, Ascending Aorta","dissection, aortic root"
D000094631,"Dissection, Abdominal Aorta","dissection, abdominal aorta"
D000094631,"Dissection, Abdominal Aorta","dissection, thoracoabdominal aorta"
D000094665,"Dissection, Blood Vessel","dissection, blood vessel"
D000094665,"Dissection, Blood Vessel",arterial dissection
D000094666,Aortic Intramural Hematoma,aortic intramural hematoma
D000094667,Penetrating Atherosclerotic Ulcer,penetrating atherosclerotic ulcer
D000094683,Acute Aortic Syndrome,acute aortic syndrome
D000094723,Sinistral Portal Hypertension,sinistral portal hypertension
D000094724,Idiopathic Noncirrhotic Portal Hypertension,porto-sinusoidal vascular diseases
D000094724,Idiopathic Noncirrhotic Portal Hypertension,idiopathic noncirrhotic portal hypertension
D000095542,Cytopenia,cytopenia
D000095747,Olivary Degeneration,hypertrophic olivary degeneration
D000095747,Olivary Degeneration,inferior olivary hypertrophy
D000095747,Olivary Degeneration,olivary degeneration
D000096003,Hypertensive Crisis,hypertensive urgency
D000096003,Hypertensive Crisis,hypertensive crisis
D000096142,"Melanoma, Cutaneous Malignant",familial atypical mole-malignant melanoma syndrome
D000096142,"Melanoma, Cutaneous Malignant","melanoma, cutaneous malignant"
D000096663,Non-Erosive Reflux Disease,non-erosive reflux disease
D000096702,Aflatoxin Poisoning,aflatoxin poisoning
D000096703,Cold Urticaria,cold urticaria
D000096704,Cannabinoid Hyperemesis Syndrome,cannabinoid hyperemesis syndrome
D000096722,"Cystitis, Hemorrhagic","cystitis, hemorrhagic"
D000096724,Mosquito-Borne Diseases,mosquito-borne parasitic diseases
D000096724,Mosquito-Borne Diseases,mosquito-borne viral diseases
D000096724,Mosquito-Borne Diseases,aedes-borne diseases
D000096724,Mosquito-Borne Diseases,anopheles-borne diseases
D000096724,Mosquito-Borne Diseases,mosquito-borne diseases
D000096745,Ross River Virus Infection,ross river virus infection
D000096803,Imprinting Disorders,imprinting disorders
D000096822,Chronic Cough,chronic cough
D000096823,Cough-Variant Asthma,cough-variant asthma
D000096825,Rhinosinusitis,rhinosinusitis
D000096826,Cavernous Sinus Syndromes,cavernous sinus syndromes
D000097545,"Hemosiderosis, Pulmonary","hemosiderosis, pulmonary"
D000097545,"Hemosiderosis, Pulmonary",primary pulmonary hemosiderosis
D000097545,"Hemosiderosis, Pulmonary",secondary pulmonary hemosiderosis
D000097742,Patient-Ventilator Asynchrony,patient-ventilator asynchrony
D000097908,Retrograde Ejaculation,retrograde ejaculation
D000097910,Ejaculatory Dysfunction,delayed ejaculation
D000097910,Ejaculatory Dysfunction,ejaculatory dysfunction
D000097910,Ejaculatory Dysfunction,anejaculation
D000097910,Ejaculatory Dysfunction,ejaculatory incompetence
D000097942,"Hearing Loss, Hidden","hearing loss, hidden"
D000097942,"Hearing Loss, Hidden",cochlear synaptopathy
D000097942,"Hearing Loss, Hidden",noise-induced cochlear synaptopathy
D000097942,"Hearing Loss, Hidden",auditory synaptopathy
D000098525,Coccidioidal Meningitis,coccidioidal meningitis
D000098526,Congenital Portosystemic Shunt,congenital portosystemic shunt
D000098526,Congenital Portosystemic Shunt,congenital intrahepatic portosystemic shunt
D000098526,Congenital Portosystemic Shunt,congenital extrahepatic portosystemic shunt
D000098542,Myelin Oligodendrocyte Glycoprotein Antibody-Associated Disease,myelin oligodendrocyte glycoprotein-associated disorders
D000098542,Myelin Oligodendrocyte Glycoprotein Antibody-Associated Disease,myelin oligodendrocyte glycoprotein antibody-associated disease
D000098644,Vaso-Occlusive Crises,vaso-occlusive crises
D000098650,Guttate Psoriasis,guttate psoriasis
D000098845,Developmental Origins of Health and Disease,developmental origins of health and disease
D000098850,Polymorphic Catecholaminergic Ventricular Tachycardia,polymorphic catecholaminergic ventricular tachycardia
D000098850,Polymorphic Catecholaminergic Ventricular Tachycardia,stress-induced polymorphic ventricular tachycardia
D000098850,Polymorphic Catecholaminergic Ventricular Tachycardia,familial polymorphic ventricular tachycardia
D000098858,Cronkhite-Canada Syndrome,cronkhite-canada syndrome
D000098943,Uveal Melanoma,ciliary body melanoma
D000098943,Uveal Melanoma,uveal melanoma
D000098943,Uveal Melanoma,choroidal melanoma
D000098943,Uveal Melanoma,ciliochoroidal melanoma
D000098943,Uveal Melanoma,iris melanoma
D000098966,Cerebellar Cognitive Affective Syndrome,cerebellar cognitive affective syndrome
D000098968,Community-Acquired Pneumonia,community-acquired pneumonia
D000098985,Emphysematous Pyelonephritis,emphysematous pyelonephritis
D000098987,Fetus-in-Fetu,fetus-in-fetu
D000099005,Cloacal Exstrophy,congenital vesicointestinal fissure
D000099005,Cloacal Exstrophy,cloacal exstrophy
D000099061,OEIS Complex,oeis complex
D000099066,Atrophic Maxilla,atrophic upper jaw
D000099066,Atrophic Maxilla,atrophic maxilla
D000099067,Blastic Plasmacytoid Dendritic Cell Neoplasm,blastic plasmacytoid dendritic cell neoplasm
D000099070,Foveomacular Retinitis,foveomacular retinitis
D000099070,Foveomacular Retinitis,solar retinitis
D000099072,Oral Allergy Syndrome,oral allergy syndrome
D000099074,Diabesity,diabesity
D000099088,Peripartum Cardiomyopathy,peripartum cardiomyopathy
